county,code,vtd_name,old_cd5_share,old_cd8_share,old_cd9_share,new_cd5_share,new_cd8_share,new_cd9_share,delta_cd8_share,old_dominant_cd,new_dominant_cd,moved_into_cd8_from_5_or_9
SHELBY,008063,Bartlett 13,0.0,0.0,1.0,0.0,1.0,0.0,1.0,9,8,yes
SHELBY,008077,Cordova 4,0.0,0.0,1.0,0.0,1.0,0.0,1.0,9,8,yes
SHELBY,008078,Cordova 5,0.0,0.0,1.0,0.0,1.0,0.0,1.0,9,8,yes
SHELBY,008236,Memphis 89-1,0.0,0.0,1.0,0.0,1.0,0.0,1.0,9,8,yes
SHELBY,008241,Memphis 91-1,0.0,0.0,1.0,0.0,1.0,0.0,1.0,9,8,yes
SHELBY,008242,Memphis 91-2,0.0,0.0,1.0,0.0,1.0,0.0,1.0,9,8,yes
SHELBY,008255,Memphis 95-5,0.0,0.0,1.0,0.0,1.0,0.0,1.0,9,8,yes
SHELBY,008256,Memphis 95-6,0.0,0.0,1.0,0.0,1.0,0.0,1.0,9,8,yes
SHELBY,008257,Memphis 95-7,0.0,0.0,1.0,0.0,1.0,0.0,1.0,9,8,yes
SHELBY,008258,Memphis 95-8,0.0,0.0,1.0,0.0,1.0,0.0,1.0,9,8,yes
SHELBY,008099,Lucy 3,0.0,3.492736233777175e-05,0.9999650726376623,0.0,1.0,0.0,0.9999650726376622,9,8,yes
SHELBY,008262,Morning Sun 01,0.0,0.0,1.0,0.0,0.9998875883161393,0.00011241168386067283,0.9998875883161393,9,8,yes
SHELBY,008233,Memphis 88-3,0.0,0.0,1.0,0.00014304153716430612,0.9998569584628357,0.0,0.9998569584628357,9,8,yes
SHELBY,008079,Memphis 96-2,0.0,0.00015737845254574375,0.9998426215474542,0.0,1.0,0.0,0.9998426215474543,9,8,yes
SHELBY,008064,Memphis 87-4,0.0,0.00017205807966051242,0.9998279419203395,0.0,1.0,0.0,0.9998279419203395,9,8,yes
SHELBY,008136,Memphis 44-5,0.0,0.0,1.0,0.0,0.9997508049698615,0.0002491950301386135,0.9997508049698615,9,8,yes
SHELBY,008125,Memphis 37,0.0,0.0,1.0,0.00033487898066248816,0.9995997997062875,6.532131305003122e-05,0.9995997997062875,9,8,yes
SHELBY,008259,Memphis 96-1,0.0,0.0005038637150775813,0.9994961362849224,0.0,1.0,0.0,0.9994961362849224,9,8,yes
SHELBY,008237,Memphis 89-2,0.0,0.0005691723866530557,0.9994308276133469,0.0,1.0,0.0,0.9994308276133469,9,8,yes
SHELBY,008231,Memphis 87-3,0.0,6.444799168770071e-06,0.9999935552008312,0.000774503163432611,0.9992254968365674,0.0,0.9992190520373986,9,8,yes
SHELBY,008176,Memphis 66,0.0,0.0,1.0,0.0,0.9991549894768685,0.0008450105231313878,0.9991549894768685,9,8,yes
SHELBY,008177,Memphis 67-1,0.0,4.981293793971117e-06,0.999995018706206,0.0,0.9991547812508077,0.0008452187491921849,0.9991497999570137,9,8,yes
SHELBY,008232,Memphis 88-2,0.0,5.039877931301504e-05,0.999949601220687,0.0009148274258884842,0.9990851725741116,0.0,0.9990347737947985,9,8,yes
SHELBY,008076,Cordova 3,0.0,0.000594767889160517,0.9994052321108394,0.0,0.9996080219481924,0.000391978051807569,0.999013254059032,9,8,yes
SHELBY,008080,Memphis 91-4,0.0,0.0012772678144896755,0.9987227321855103,0.0,1.0,0.0,0.9987227321855103,9,8,yes
SHELBY,008178,Memphis 67-3,0.0,0.0013497304179614967,0.9986502695820385,0.0,0.999804249890292,0.00019575010970803344,0.9984545194723305,9,8,yes
SHELBY,008055,Bartlett 04,0.0,0.001586564144357737,0.9984134358556422,0.0,1.0,0.0,0.9984134358556422,9,8,yes
SHELBY,008252,Memphis 95-1,0.0,0.002615706144586508,0.9973842938554134,0.0,1.0,0.0,0.9973842938554135,9,8,yes
SHELBY,008152,Memphis 54,0.0,0.02991871147050601,0.970081288529494,0.00010202776295827085,0.9998979722370418,0.0,0.9699792607665358,9,8,yes
SHELBY,008061,Memphis 87-2,0.0,0.0,1.0,0.03226049030403425,0.9677395096959658,0.0,0.9677395096959658,9,8,yes
SHELBY,008222,Memphis 81-7,0.0,0.000655486454941761,0.9993445135450582,0.0,0.9347403921078763,0.06525960789212361,0.9340849056529346,9,8,yes
SHELBY,008221,Memphis 81-5,0.0,0.010447519542420392,0.9895524804575796,0.0,0.9198046994987088,0.0801953005012912,0.9093571799562884,9,8,yes
SHELBY,008133,Memphis 44-1,0.0,0.1459863444716239,0.8540136555283762,0.0,1.0,0.0,0.8540136555283762,9,8,yes
SHELBY,008141,Memphis 46-2,0.0,0.04256969533178858,0.9574303046682114,0.0,0.870929282902758,0.1290707170972421,0.8283595875709694,9,8,yes
SHELBY,008149,Memphis 53-1,0.0,0.0,1.0,0.2068974453178741,0.7931025546821258,0.0,0.7931025546821258,9,8,yes
SHELBY,008179,Memphis 68-1,0.0,0.22284079905950094,0.7771592009404991,0.0,1.0,0.0,0.7771592009404991,9,8,yes
SHELBY,008053,Bartlett 09,0.0,0.2933726577890503,0.7066273422109497,0.0,1.0,0.0,0.7066273422109497,9,8,yes
SHELBY,008057,Bartlett 06,0.0,0.30965513335277917,0.6903448666472207,0.0,1.0,0.0,0.6903448666472208,9,8,yes
SHELBY,008066,Brunswick 2,0.0,0.3353327787911501,0.66466722120885,0.0,1.0,0.0,0.6646672212088499,9,8,yes
SHELBY,008261,Millington 2,0.0,0.37053928972459294,0.6294607102754071,0.0,1.0,0.0,0.6294607102754071,9,8,yes
SHELBY,008098,Lucy 1,0.0,0.0,1.0,0.4093627647240551,0.5906372352759449,0.0,0.5906372352759449,9,8,yes
SHELBY,008159,Memphis 58-4,0.0,0.0,1.0,0.0,0.5489393342808961,0.4510606657191039,0.5489393342808961,9,8,yes
SHELBY,008058,Bartlett 08,0.0,0.49600562948327886,0.5039943705167212,0.0,1.0,0.0,0.5039943705167211,9,8,yes
SHELBY,008263,Morning Sun 02,0.0,0.0006028345557491146,0.9993971654442508,0.0,0.4665217815189453,0.5334782184810547,0.4659189469631962,9,9,no
SHELBY,008239,Memphis 90-2,0.0,0.0,1.0,0.6642804748623977,0.3357195251376022,0.0,0.3357195251376022,9,5,no
SHELBY,008090,Germantown 06,0.0,0.7217830043808718,0.27821699561912816,0.0,0.9971593271051218,0.002840672894878255,0.27537632272424994,8,8,no
SHELBY,008217,Memphis 81-1,0.0,0.8121672173412883,0.1878327826587118,0.0,1.0,0.0,0.18783278265871173,8,8,no
SHELBY,008157,Memphis 57,0.0,0.8128240852128942,0.18717591478710585,0.0,1.0,0.0,0.18717591478710582,8,8,no
SHELBY,008260,Millington 1,0.0,0.0,1.0,0.8155611095725163,0.1844388904274837,0.0,0.1844388904274837,9,5,no
SHELBY,008172,Memphis 62-0,0.0,0.0,1.0,0.9104308389803251,0.08956916101967492,0.0,0.08956916101967492,9,5,no
SHELBY,008245,Memphis 93-1,0.0,0.0,1.0,0.0,0.06531510442272498,0.9346848955772752,0.06531510442272498,9,9,no
SHELBY,008219,Memphis 81-3,0.0,0.9760893069876504,0.023910693012349507,0.0,1.0,0.0,0.023910693012349604,8,8,no
SHELBY,008270,Stewartville,0.0,0.9821607915831354,0.017839208416864642,1.8227022149713917e-05,0.9999817729778503,0.0,0.017820981394714885,8,8,no
SHELBY,008097,Lakeland 2,0.0,0.9946247939511158,0.0053752060488842955,0.0,1.0,0.0,0.005375206048884196,8,8,no
SHELBY,008095,Germantown 12,0.0,0.9958767682322405,0.004123231767759556,0.0,1.0,0.0,0.004123231767759528,8,8,no
SHELBY,008194,Memphis 74-1,0.0,0.0,1.0,0.0,0.002059706841711075,0.9979402931582889,0.002059706841711075,9,9,no
SHELBY,008192,Memphis 73-3,0.0,0.0,1.0,0.0,0.0009460694660514451,0.9990539305339485,0.0009460694660514451,9,9,no
SHELBY,008060,Bartlett 11,0.0,0.9991473309234705,0.0008526690765293696,0.0,1.0,0.0,0.0008526690765294775,8,8,no
SHELBY,008089,Germantown 05,0.0,0.9993302343477877,0.0006697656522122931,0.0,1.0,0.0,0.0006697656522123285,8,8,no
SHELBY,008216,Memphis 80-2,0.0,0.999349970256384,0.0006500297436160689,0.0,1.0,0.0,0.000650029743616054,8,8,no
SHELBY,008054,Bartlett 03,0.0,0.9994094027065251,0.000590597293474911,0.0,1.0,0.0,0.0005905972934748815,8,8,no
SHELBY,008088,Germantown 04,0.0,0.9994683147911321,0.0005316852088680053,0.0,1.0,0.0,0.0005316852088679269,8,8,no
SHELBY,008087,Germantown 03,0.0,0.9994790554542069,0.0005209445457930826,0.0,1.0,0.0,0.0005209445457931006,8,8,no
SHELBY,008180,Memphis 68-3,0.0,0.9995489628386441,0.0004510371613558272,0.0,1.0,0.0,0.0004510371613558606,8,8,no
SHELBY,008229,Memphis 86,0.0,0.0,1.0,0.9995602384569157,0.00043976154308438735,0.0,0.00043976154308438735,9,5,no
SHELBY,008096,Lakeland 1,0.0,0.9995819759529426,0.00041802404705742395,0.0,1.0,0.0,0.00041802404705737484,8,8,no
SHELBY,008086,Germantown 02,0.0,0.9996678648895282,0.00033213511047180765,0.0,1.0,0.0,0.00033213511047180955,8,8,no
SHELBY,008234,Memphis 88-4,0.0,0.0,1.0,0.9996923724406709,0.00030762755932911795,0.0,0.00030762755932911795,9,5,no
SHELBY,008158,Memphis 58-1,0.0,0.0,1.0,0.0,0.00028662801803029696,0.9997133719819697,0.00028662801803029696,9,9,no
SHELBY,008139,Memphis 45-4,0.0,0.0,1.0,0.0005611163143991263,0.00025299036514264526,0.9991858933204583,0.00025299036514264526,9,9,no
SHELBY,008119,Memphis 33,0.0,0.0,1.0,0.9997531209126241,0.00024670990470924807,1.6918266653118725e-07,0.00024670990470924807,9,5,no
SHELBY,008056,Bartlett 05,0.0,0.9998090284506055,0.00019097154939450847,0.0,1.0,0.0,0.0001909715493945141,8,8,no
SHELBY,008146,Memphis 52-1,0.0,0.0,1.0,0.9998306555854587,0.00016934441454133887,0.0,0.00016934441454133887,9,5,no
SHELBY,008052,ARL-02,0.0,0.9999756569703232,2.43430296767725e-05,0.0,1.0,0.0,2.43430296767988e-05,8,8,no
SHELBY,008154,Memphis 55-2,0.0,0.9999861941511077,1.3805848892359981e-05,0.0,1.0,0.0,1.380584889232317e-05,8,8,no
SHELBY,008065,Brunswick 1,0.0,0.9999928596260682,7.140373931726493e-06,0.0,1.0,0.0,7.140373931791011e-06,8,8,no
SHELBY,008187,Memphis 71-4,0.0,0.0,1.0,0.9999929413847536,7.0586152465089695e-06,0.0,7.0586152465089695e-06,9,5,no
SHELBY,008051,ARL-01,0.0,1.0,0.0,0.0,1.0,0.0,0.0,8,8,no
SHELBY,008084,Forest Hills 3,0.0,0.0,1.0,0.0,0.0,1.0,0.0,9,9,no
SHELBY,008091,Germantown 08,0.0,1.0,0.0,0.0,1.0,0.0,0.0,8,8,no
SHELBY,008093,Germantown 10,0.0,1.0,0.0,0.0,1.0,0.0,0.0,8,8,no
SHELBY,008100,McConnells,0.0,0.0,1.0,1.0,0.0,0.0,0.0,9,5,no
SHELBY,008101,Memphis 01,0.0,0.0,1.0,1.0,0.0,0.0,0.0,9,5,no
SHELBY,008102,Memphis 02,0.0,0.0,1.0,1.0,0.0,0.0,0.0,9,5,no
SHELBY,008103,Memphis 11,0.0,0.0,1.0,1.0,0.0,0.0,0.0,9,5,no
SHELBY,008104,Memphis 12,0.0,0.0,1.0,1.0,0.0,0.0,0.0,9,5,no
SHELBY,008105,Memphis 13,0.0,0.0,1.0,1.0,0.0,0.0,0.0,9,5,no
SHELBY,008106,Memphis 16-3,0.0,0.0,1.0,0.9997485771706477,0.0,0.0002514228293522715,0.0,9,5,no
SHELBY,008107,Memphis 16-1,0.0,0.0,1.0,1.0,0.0,0.0,0.0,9,5,no
SHELBY,008108,Memphis 17,0.0,0.0,1.0,1.0,0.0,0.0,0.0,9,5,no
SHELBY,008109,Memphis 20-1,0.0,0.0,1.0,1.0,0.0,0.0,0.0,9,5,no
SHELBY,008110,Memphis 20-3,0.0,0.0,1.0,1.0,0.0,0.0,0.0,9,5,no
SHELBY,008111,Memphis 21,0.0,0.0,1.0,1.0,0.0,0.0,0.0,9,5,no
SHELBY,008113,Memphis 26,0.0,0.0,1.0,0.5532182984392428,0.0,0.4467817015607573,0.0,9,5,no
SHELBY,008114,Memphis 28,0.0,0.0,1.0,0.9997200011915512,0.0,0.00027999880844878323,0.0,9,5,no
SHELBY,008117,Memphis 31-2,0.0,0.0,1.0,0.5497546446699394,0.0,0.45024535533006066,0.0,9,5,no
SHELBY,008118,Memphis 31-4,0.0,0.0,1.0,0.041984805901013916,0.0,0.9580151940989861,0.0,9,9,no
SHELBY,008120,Memphis 34-2,0.0,0.0,1.0,1.0,0.0,0.0,0.0,9,5,no
SHELBY,008121,Memphis 50-2,0.0,0.0,1.0,1.0,0.0,0.0,0.0,9,5,no
SHELBY,008122,Memphis 36-1,0.0,0.0,1.0,1.0,0.0,0.0,0.0,9,5,no
SHELBY,008123,Memphis 36-2,0.0,0.0,1.0,1.0,0.0,0.0,0.0,9,5,no
SHELBY,008130,Memphis 41-3,0.0,0.0,1.0,1.0,0.0,0.0,0.0,9,5,no
SHELBY,008131,Memphis 42-1,0.0,0.0,1.0,1.0,0.0,0.0,0.0,9,5,no
SHELBY,008138,Memphis 45-2,0.0,0.0,1.0,0.0,0.0,1.0,0.0,9,9,no
SHELBY,008142,Memphis 47,0.0,0.0,1.0,0.0,0.0,1.0,0.0,9,9,no
SHELBY,008144,Memphis 49,0.0,0.0,1.0,1.0,0.0,0.0,0.0,9,5,no
SHELBY,008145,Memphis 50-1,0.0,0.0,1.0,1.0,0.0,0.0,0.0,9,5,no
SHELBY,008161,Memphis 59-5,0.0,0.0,1.0,0.0,0.0,1.0,0.0,9,9,no
SHELBY,008164,Memphis 60-3,0.0,0.0,1.0,0.8315287408359011,0.0,0.16847125916409889,0.0,9,5,no
SHELBY,008166,Memphis 60-5,0.0,0.0,1.0,0.0,0.0,1.0,0.0,9,9,no
SHELBY,008167,Memphis 60-6,0.0,0.0,1.0,1.0290736361388974e-06,0.0,0.9999989709263639,0.0,9,9,no
SHELBY,008168,Memphis 60-7,0.0,0.0,1.0,0.0,0.0,1.0,0.0,9,9,no
SHELBY,008170,Memphis 60-9,0.0,0.0,1.0,0.13796219060196765,0.0,0.8620378093980323,0.0,9,9,no
SHELBY,008171,Memphis 61,0.0,0.0,1.0,0.0,0.0,1.0,0.0,9,9,no
SHELBY,008174,Memphis 64,0.0,1.0,0.0,0.0,1.0,0.0,0.0,8,8,no
SHELBY,008182,Memphis 69-2,0.0,0.0,1.0,1.0,0.0,0.0,0.0,9,5,no
SHELBY,008183,Memphis 70-1,0.0,0.0,1.0,1.0,0.0,0.0,0.0,9,5,no
SHELBY,008184,Memphis 70-2,0.0,0.0,1.0,1.0,0.0,0.0,0.0,9,5,no
SHELBY,008189,Memphis 72-3,0.0,0.0,1.0,1.0,0.0,0.0,0.0,9,5,no
SHELBY,008190,Memphis 72-7,0.0,0.0,1.0,1.0,0.0,0.0,0.0,9,5,no
SHELBY,008191,Memphis 73-1,0.0,0.0,1.0,0.0,0.0,1.0,0.0,9,9,no
SHELBY,008195,Memphis 74-2,0.0,0.0,1.0,0.0,0.0,1.0,0.0,9,9,no
SHELBY,008197,Memphis 74-5,0.0,0.0,1.0,0.0,0.0,1.0,0.0,9,9,no
SHELBY,008199,Memphis 74-9,0.0,0.0,1.0,0.0,0.0,1.0,0.0,9,9,no
SHELBY,008200,Memphis 75-1,0.0,0.0,1.0,1.0,0.0,0.0,0.0,9,5,no
SHELBY,008201,Memphis 75-11,0.0,0.0,1.0,1.0,0.0,0.0,0.0,9,5,no
SHELBY,008202,Memphis 75-6,0.0,0.0,1.0,1.0,0.0,0.0,0.0,9,5,no
SHELBY,008203,Memphis 75-7,0.0,0.0,1.0,1.0,0.0,0.0,0.0,9,5,no
SHELBY,008204,Memphis 76-4,0.0,0.0,1.0,0.9991417178662758,0.0,0.0008582821337242175,0.0,9,5,no
SHELBY,008205,Memphis 76-5,0.0,0.0,1.0,0.9996361461657445,0.0,0.000363853834255583,0.0,9,5,no
SHELBY,008206,Memphis 76-6,0.0,0.0,1.0,0.0009026976928714593,0.0,0.9990973023071285,0.0,9,9,no
SHELBY,008207,Memphis 77-1,0.0,0.0,1.0,0.9995082752859286,0.0,0.0004917247140714345,0.0,9,5,no
SHELBY,008209,Memphis 77-3,0.0,0.0,1.0,0.00028725843738902916,0.0,0.999712741562611,0.0,9,9,no
SHELBY,008210,Memphis 78-3,0.0,0.0,1.0,0.0,0.0,1.0,0.0,9,9,no
SHELBY,008211,Memphis 79-1,0.0,0.0,1.0,0.0,0.0,1.0,0.0,9,9,no
SHELBY,008212,Memphis 79-2,0.0,0.0,1.0,0.0,0.0,1.0,0.0,9,9,no
SHELBY,008213,Memphis 79-3,0.0,0.0,1.0,1.1927857067125332e-05,0.0,0.999988072142933,0.0,9,9,no
SHELBY,008214,Memphis 79-7,0.0,0.0,1.0,0.0,0.0,1.0,0.0,9,9,no
SHELBY,008224,Memphis 82-2,0.0,0.0,1.0,1.0,0.0,0.0,0.0,9,5,no
SHELBY,008226,Memphis 83,0.0,0.0,1.0,1.0,0.0,0.0,0.0,9,5,no
SHELBY,008228,Memphis 84-2,0.0,0.0,1.0,1.0,0.0,0.0,0.0,9,5,no
SHELBY,008240,Memphis 90-3,0.0,0.0,1.0,1.0,0.0,0.0,0.0,9,5,no
SHELBY,008243,Memphis 92-1,0.0,0.0,1.0,0.0,0.0,1.0,0.0,9,9,no
SHELBY,008244,Memphis 94-6,0.0,0.0,1.0,0.0,0.0,1.0,0.0,9,9,no
SHELBY,008246,Memphis 93-3,0.0,0.0,1.0,0.0,0.0,1.0,0.0,9,9,no
SHELBY,008248,Memphis 94-3,0.0,0.0,1.0,0.0,0.0,1.0,0.0,9,9,no
SHELBY,008250,Memphis 94-7,0.0,0.0,1.0,0.0,0.0,1.0,0.0,9,9,no
SHELBY,008251,Memphis 94-8,0.0,0.0,1.0,0.0,0.0,1.0,0.0,9,9,no
SHELBY,008265,Ross Store 05,0.0,0.0,1.0,0.0,0.0,1.0,0.0,9,9,no
SHELBY,008266,Ross Store 13,0.0,0.0,1.0,0.0,0.0,1.0,0.0,9,9,no
SHELBY,008267,Ross Store 14,0.0,0.0,1.0,0.0,0.0,1.0,0.0,9,9,no
SHELBY,008268,Ross Store 15,0.0,0.0,1.0,0.0,0.0,1.0,0.0,9,9,no
SHELBY,008269,Ross Store 16,0.0,0.0,1.0,0.0,0.0,1.0,0.0,9,9,no
SHELBY,008094,Germantown 11,0.0,1.0,0.0,0.0,0.9999999890780513,1.0921948665405496e-08,-1.0921948678799254e-08,8,8,no
SHELBY,008071,Collierville 4,0.0,1.0,0.0,0.0,0.999773753478015,0.00022624652198488564,-0.00022624652198499628,8,8,no
SHELBY,008070,Collierville 3,0.0,1.0,0.0,0.0,0.9995808686979831,0.00041913130201691787,-0.000419131302016873,8,8,no
SHELBY,008083,Forest Hills 2,0.0,0.0004421296883692667,0.9995578703116307,0.0,0.0,1.0,-0.0004421296883692667,9,9,no
SHELBY,008073,Collierville 6,0.0,0.999923629919983,7.637008001700771e-05,0.0,0.9975894602405813,0.0024105397594186536,-0.0023341696794016986,8,8,no
SHELBY,008075,Collierville 8,0.0,1.0,0.0,0.0,0.9942454208555018,0.005754579144498221,-0.005754579144498173,8,8,no
SHELBY,008082,Forest Hills 1,0.0,0.6617509301714178,0.33824906982858216,0.0,0.31490530531572813,0.6850946946842719,-0.3468456248556897,8,9,no
SHELBY,008081,Eads,0.0,0.9992019564015123,0.0007980435984876375,0.0,0.44583497861982513,0.5541650213801749,-0.5533669777816872,8,9,no
SHELBY,008072,Collierville 5,0.0,1.0,0.0,0.0,0.4118627942999988,0.5881372057000013,-0.5881372057000012,8,9,no
SHELBY,008271,Collierville 9,0.0,1.0,0.0,0.0,0.29139384275565594,0.708606157244344,-0.7086061572443441,8,9,no
SHELBY,008074,Collierville 7,0.0,0.9324887679321527,0.06751123206784722,0.0,0.0,1.0,-0.9324887679321527,8,9,no
SHELBY,008069,Collierville 2,0.0,0.9570439262215794,0.04295607377842067,0.0,0.0001221277999638561,0.9998778722000361,-0.9569217984216155,8,9,no
SHELBY,008068,Collierville 1,0.0,1.0,0.0,0.0,7.086587970630211e-05,0.9999291341202937,-0.9999291341202937,8,9,no
