review_rank,audit_label,scope,lines_year,precinct_key,name20,district_num,geometry_status,area_weight,normalized_weight,queue_area_weight,weight_delta_vs_queue,intersection_area_m2,suggested_action,map_folder
1,state_senate_2022,state_senate,2022,MONTGOMERY - 006471,Montgomery - 006471,22,dominant,0.66295325,0.66296091,0.662953,2.5e-07,90829328.63,manual_split_review,reports\district_crosswalk_comparison\split_geometry_review\001_state_senate_montgomery_006471
1,state_senate_2022,state_senate,2022,MONTGOMERY - 006471,Montgomery - 006471,23,real_secondary,0.3370352,0.33703909,0.337035,2e-07,46176229.1857,manual_split_review,reports\district_crosswalk_comparison\split_geometry_review\001_state_senate_montgomery_006471
2,state_house_2022,state_house,2022,DAVIDSON - 001950,Davidson - 001950,52,dominant,0.56694993,0.56694993,0.56695,-7e-08,15412042.7035,manual_split_review,reports\district_crosswalk_comparison\split_geometry_review\002_state_house_davidson_001950
2,state_house_2022,state_house,2022,DAVIDSON - 001950,Davidson - 001950,53,real_secondary,0.43208469,0.43208469,0.432085,-3.1e-07,11745848.0154,manual_split_review,reports\district_crosswalk_comparison\split_geometry_review\002_state_house_davidson_001950
2,state_house_2022,state_house,2022,DAVIDSON - 001950,Davidson - 001950,13,sliver,0.00061466,0.00061466,0.000615,-3.4e-07,16709.0206,manual_split_review,reports\district_crosswalk_comparison\split_geometry_review\002_state_house_davidson_001950
2,state_house_2022,state_house,2022,DAVIDSON - 001950,Davidson - 001950,55,sliver,0.00035072,0.00035072,0.000351,-2.8e-07,9534.1548,manual_split_review,reports\district_crosswalk_comparison\split_geometry_review\002_state_house_davidson_001950
3,congressional_2026,congressional,2026,DAVIDSON - 001898,Davidson - 001898,6,dominant,0.52143471,0.52143471,0.521435,-2.9e-07,4690881.0311,manual_split_review,reports\district_crosswalk_comparison\split_geometry_review\003_congressional_davidson_001898
3,congressional_2026,congressional,2026,DAVIDSON - 001898,Davidson - 001898,7,real_secondary,0.47856529,0.47856529,0.478565,2.9e-07,4305223.3405,manual_split_review,reports\district_crosswalk_comparison\split_geometry_review\003_congressional_davidson_001898
4,state_house_2022,state_house,2022,SHELBY - 008076,Shelby - 008076,96,dominant,0.30384463,0.30384463,0.303845,-3.7e-07,5445819.084,manual_split_review,reports\district_crosswalk_comparison\split_geometry_review\004_state_house_shelby_008076
4,state_house_2022,state_house,2022,SHELBY - 008076,Shelby - 008076,83,real_secondary,0.3022254,0.3022254,0.302225,4e-07,5416797.5456,manual_split_review,reports\district_crosswalk_comparison\split_geometry_review\004_state_house_shelby_008076
4,state_house_2022,state_house,2022,SHELBY - 008076,Shelby - 008076,95,real_secondary,0.27524212,0.27524212,0.275242,1.2e-07,4933175.1171,manual_split_review,reports\district_crosswalk_comparison\split_geometry_review\004_state_house_shelby_008076
4,state_house_2022,state_house,2022,SHELBY - 008076,Shelby - 008076,97,real_secondary,0.11868785,0.11868785,0.118688,-1.5e-07,2127246.9843,manual_split_review,reports\district_crosswalk_comparison\split_geometry_review\004_state_house_shelby_008076
5,state_house_2022,state_house,2022,DAVIDSON - 001898,Davidson - 001898,50,dominant,0.56518766,0.56518766,0.565188,-3.4e-07,5084487.1783,manual_split_review,reports\district_crosswalk_comparison\split_geometry_review\005_state_house_davidson_001898
5,state_house_2022,state_house,2022,DAVIDSON - 001898,Davidson - 001898,56,real_secondary,0.43262969,0.43262969,0.43263,-3.1e-07,3891981.8693,manual_split_review,reports\district_crosswalk_comparison\split_geometry_review\005_state_house_davidson_001898
5,state_house_2022,state_house,2022,DAVIDSON - 001898,Davidson - 001898,54,sliver,0.0019585,0.0019585,0.001959,-5e-07,17618.8726,manual_split_review,reports\district_crosswalk_comparison\split_geometry_review\005_state_house_davidson_001898
5,state_house_2022,state_house,2022,DAVIDSON - 001898,Davidson - 001898,59,sliver,0.00022415,0.00022415,0.000224,1.5e-07,2016.4513,manual_split_review,reports\district_crosswalk_comparison\split_geometry_review\005_state_house_davidson_001898
6,state_house_2022,state_house,2022,MAURY - 005951,Maury - 005951,64,dominant,0.71776075,0.71776075,0.717761,-2.5e-07,30598792.6661,manual_split_review,reports\district_crosswalk_comparison\split_geometry_review\006_state_house_maury_005951
6,state_house_2022,state_house,2022,MAURY - 005951,Maury - 005951,71,real_secondary,0.28216532,0.28216532,0.282165,3.2e-07,12028963.6249,manual_split_review,reports\district_crosswalk_comparison\split_geometry_review\006_state_house_maury_005951
6,state_house_2022,state_house,2022,MAURY - 005951,Maury - 005951,92,sliver,7.393e-05,7.393e-05,7.4e-05,-7e-08,3151.7571,manual_split_review,reports\district_crosswalk_comparison\split_geometry_review\006_state_house_maury_005951
7,state_house_2022,state_house,2022,SHELBY - 008141,Shelby - 008141,91,dominant,0.45330665,0.45330665,0.453307,-3.5e-07,3048573.8578,manual_split_review,reports\district_crosswalk_comparison\split_geometry_review\007_state_house_shelby_008141
7,state_house_2022,state_house,2022,SHELBY - 008141,Shelby - 008141,97,real_secondary,0.42943965,0.42943965,0.42944,-3.5e-07,2888063.6674,manual_split_review,reports\district_crosswalk_comparison\split_geometry_review\007_state_house_shelby_008141
7,state_house_2022,state_house,2022,SHELBY - 008141,Shelby - 008141,87,real_secondary,0.11724898,0.11724898,0.117249,-2e-08,788521.7849,manual_split_review,reports\district_crosswalk_comparison\split_geometry_review\007_state_house_shelby_008141
7,state_house_2022,state_house,2022,SHELBY - 008141,Shelby - 008141,93,sliver,4.72e-06,4.72e-06,5e-06,-2.8e-07,31.7529,manual_split_review,reports\district_crosswalk_comparison\split_geometry_review\007_state_house_shelby_008141
8,congressional_2026,congressional,2026,MONTGOMERY - 006457,Montgomery - 006457,7,dominant,0.61432566,0.61432566,0.614326,-3.4e-07,8942269.8968,manual_split_review,reports\district_crosswalk_comparison\split_geometry_review\008_congressional_montgomery_006457
8,congressional_2026,congressional,2026,MONTGOMERY - 006457,Montgomery - 006457,5,real_secondary,0.38567434,0.38567434,0.385674,3.4e-07,5613967.2083,manual_split_review,reports\district_crosswalk_comparison\split_geometry_review\008_congressional_montgomery_006457
9,state_house_2022,state_house,2022,DAVIDSON - 001875,Davidson - 001875,53,dominant,0.62111405,0.62111405,0.621114,5e-08,6655262.1346,manual_split_review,reports\district_crosswalk_comparison\split_geometry_review\009_state_house_davidson_001875
9,state_house_2022,state_house,2022,DAVIDSON - 001875,Davidson - 001875,55,real_secondary,0.35715525,0.35715525,0.357155,2.5e-07,3826932.8757,manual_split_review,reports\district_crosswalk_comparison\split_geometry_review\009_state_house_davidson_001875
9,state_house_2022,state_house,2022,DAVIDSON - 001875,Davidson - 001875,52,minor_secondary,0.01541733,0.01541733,0.015417,3.3e-07,165197.3579,manual_split_review,reports\district_crosswalk_comparison\split_geometry_review\009_state_house_davidson_001875
9,state_house_2022,state_house,2022,DAVIDSON - 001875,Davidson - 001875,59,sliver,0.00631337,0.00631337,0.006313,3.7e-07,67647.9931,manual_split_review,reports\district_crosswalk_comparison\split_geometry_review\009_state_house_davidson_001875
10,state_house_2022,state_house,2022,RUTHERFORD - 007663,Rutherford - 007663,13,dominant,0.55633092,0.55633092,0.556331,-8e-08,8299927.3951,manual_split_review,reports\district_crosswalk_comparison\split_geometry_review\010_state_house_rutherford_007663
10,state_house_2022,state_house,2022,RUTHERFORD - 007663,Rutherford - 007663,34,real_secondary,0.44366908,0.44366908,0.443669,8e-08,6619120.0365,manual_split_review,reports\district_crosswalk_comparison\split_geometry_review\010_state_house_rutherford_007663
11,state_house_2022,state_house,2022,KNOX - 004831,Knox - 004831,15,dominant,0.5962867,0.5962867,0.596287,-3e-07,7591194.6307,manual_split_review,reports\district_crosswalk_comparison\split_geometry_review\011_state_house_knox_004831
11,state_house_2022,state_house,2022,KNOX - 004831,Knox - 004831,18,real_secondary,0.4037133,0.4037133,0.403713,3e-07,5139585.1005,manual_split_review,reports\district_crosswalk_comparison\split_geometry_review\011_state_house_knox_004831
12,state_house_2022,state_house,2022,RUTHERFORD - 007683,Rutherford - 007683,34,dominant,0.51423161,0.51423161,0.514232,-3.9e-07,4033032.5164,manual_split_review,reports\district_crosswalk_comparison\split_geometry_review\012_state_house_rutherford_007683
12,state_house_2022,state_house,2022,RUTHERFORD - 007683,Rutherford - 007683,37,real_secondary,0.48575539,0.48575539,0.485755,3.9e-07,3809698.2758,manual_split_review,reports\district_crosswalk_comparison\split_geometry_review\012_state_house_rutherford_007683
12,state_house_2022,state_house,2022,RUTHERFORD - 007683,Rutherford - 007683,48,sliver,1.299e-05,1.299e-05,1.3e-05,-1e-08,101.9014,manual_split_review,reports\district_crosswalk_comparison\split_geometry_review\012_state_house_rutherford_007683
13,state_house_2022,state_house,2022,RUTHERFORD - 007665,Rutherford - 007665,13,dominant,0.58421611,0.58421611,0.584216,1.1e-07,90459033.1853,manual_split_review,reports\district_crosswalk_comparison\split_geometry_review\013_state_house_rutherford_007665
13,state_house_2022,state_house,2022,RUTHERFORD - 007665,Rutherford - 007665,34,real_secondary,0.41567005,0.41567005,0.41567,5e-08,64361646.9878,manual_split_review,reports\district_crosswalk_comparison\split_geometry_review\013_state_house_rutherford_007665
13,state_house_2022,state_house,2022,RUTHERFORD - 007665,Rutherford - 007665,63,sliver,9.735e-05,9.735e-05,9.7e-05,3.5e-07,15073.3988,manual_split_review,reports\district_crosswalk_comparison\split_geometry_review\013_state_house_rutherford_007665
13,state_house_2022,state_house,2022,RUTHERFORD - 007665,Rutherford - 007665,62,sliver,1.649e-05,1.649e-05,1.6e-05,4.9e-07,2552.5155,manual_split_review,reports\district_crosswalk_comparison\split_geometry_review\013_state_house_rutherford_007665
15,state_house_2022,state_house,2022,SUMNER - 008628,Sumner - 008628,45,dominant,0.70265227,0.70265227,0.702652,2.7e-07,18469585.9208,manual_split_review,reports\district_crosswalk_comparison\split_geometry_review\015_state_house_sumner_008628
15,state_house_2022,state_house,2022,SUMNER - 008628,Sumner - 008628,44,real_secondary,0.29734773,0.29734773,0.297348,-2.7e-07,7815941.9227,manual_split_review,reports\district_crosswalk_comparison\split_geometry_review\015_state_house_sumner_008628
28,state_house_2022,state_house,2022,RUTHERFORD - 007669,Rutherford - 007669,49,dominant,0.71246528,0.71246528,0.712465,2.8e-07,38544142.3066,manual_split_review,reports\district_crosswalk_comparison\split_geometry_review\028_state_house_rutherford_007669
28,state_house_2022,state_house,2022,RUTHERFORD - 007669,Rutherford - 007669,13,real_secondary,0.28743008,0.28743008,0.28743,8e-08,15549874.9617,manual_split_review,reports\district_crosswalk_comparison\split_geometry_review\028_state_house_rutherford_007669
28,state_house_2022,state_house,2022,RUTHERFORD - 007669,Rutherford - 007669,63,sliver,0.00010463,0.00010463,0.000105,-3.7e-07,5660.623,manual_split_review,reports\district_crosswalk_comparison\split_geometry_review\028_state_house_rutherford_007669
30,state_house_2022,state_house,2022,DAVIDSON - 001960,Davidson - 001960,50,dominant,0.61570824,0.61570824,0.615708,2.4e-07,7418629.2062,manual_split_review,reports\district_crosswalk_comparison\split_geometry_review\030_state_house_davidson_001960
30,state_house_2022,state_house,2022,DAVIDSON - 001960,Davidson - 001960,59,real_secondary,0.38429176,0.38429176,0.384292,-2.4e-07,4630306.7762,manual_split_review,reports\district_crosswalk_comparison\split_geometry_review\030_state_house_davidson_001960
62,state_senate_2022,state_senate,2022,KNOX - 004888,Knox - 004888,5,dominant,0.68988956,0.68988956,0.68989,-4.4e-07,13473302.238,manual_split_review,reports\district_crosswalk_comparison\split_geometry_review\062_state_senate_knox_004888
62,state_senate_2022,state_senate,2022,KNOX - 004888,Knox - 004888,7,real_secondary,0.31011044,0.31011044,0.31011,4.4e-07,6056348.74,manual_split_review,reports\district_crosswalk_comparison\split_geometry_review\062_state_senate_knox_004888
100,state_house_2022,state_house,2022,DAVIDSON - 001953,Davidson - 001953,59,dominant,0.55960547,0.55960547,0.559605,4.7e-07,2406812.4246,manual_split_review,reports\district_crosswalk_comparison\split_geometry_review\100_state_house_davidson_001953
100,state_house_2022,state_house,2022,DAVIDSON - 001953,Davidson - 001953,56,real_secondary,0.44039453,0.44039453,0.440395,-4.7e-07,1894096.9649,manual_split_review,reports\district_crosswalk_comparison\split_geometry_review\100_state_house_davidson_001953
134,congressional_2026,congressional,2026,RUTHERFORD - 007691,Rutherford - 007691,4,dominant,0.72899508,0.72899508,0.728995,8e-08,11276730.2443,manual_split_review,reports\district_crosswalk_comparison\split_geometry_review\134_congressional_rutherford_007691
134,congressional_2026,congressional,2026,RUTHERFORD - 007691,Rutherford - 007691,9,real_secondary,0.27100492,0.27100492,0.271005,-8e-08,4192139.9537,manual_split_review,reports\district_crosswalk_comparison\split_geometry_review\134_congressional_rutherford_007691
