precinct_key,county_norm,prec_id,district_num,dominant_weight,total_weight,split_count,is_split
ANDERSON - 000001,ANDERSON,000001,3,0.9993196443,1.0,2,1
ANDERSON - 000002,ANDERSON,000002,3,1.0,1.0,1,0
ANDERSON - 000003,ANDERSON,000003,3,1.0,1.0,1,0
ANDERSON - 000004,ANDERSON,000004,3,0.9990895258,1.0,2,1
ANDERSON - 000005,ANDERSON,000005,3,1.0,1.0,1,0
ANDERSON - 000006,ANDERSON,000006,3,1.0,1.0,1,0
ANDERSON - 000007,ANDERSON,000007,3,1.0,1.0,1,0
ANDERSON - 000008,ANDERSON,000008,3,1.0,1.0,1,0
ANDERSON - 000009,ANDERSON,000009,3,1.0,1.0,1,0
ANDERSON - 000010,ANDERSON,000010,3,0.9990527682,1.0,2,1
ANDERSON - 000011,ANDERSON,000011,3,1.0,1.0,1,0
ANDERSON - 000012,ANDERSON,000012,3,1.0,1.0,1,0
ANDERSON - 000013,ANDERSON,000013,3,0.9996742082,1.0,2,1
ANDERSON - 000014,ANDERSON,000014,3,1.0,1.0,1,0
ANDERSON - 000015,ANDERSON,000015,3,1.0,1.0,1,0
ANDERSON - 000016,ANDERSON,000016,3,1.0,1.0,1,0
ANDERSON - 000017,ANDERSON,000017,3,1.0,1.0,1,0
ANDERSON - 000018,ANDERSON,000018,3,1.0,1.0,1,0
ANDERSON - 000019,ANDERSON,000019,3,1.0,1.0,1,0
ANDERSON - 000020,ANDERSON,000020,3,1.0,1.0,1,0
ANDERSON - 000021,ANDERSON,000021,3,1.0,1.0,1,0
ANDERSON - 000022,ANDERSON,000022,3,1.0,1.0,1,0
ANDERSON - 000023,ANDERSON,000023,3,1.0,1.0,1,0
ANDERSON - 000024,ANDERSON,000024,3,1.0,1.0,1,0
ANDERSON - 000025,ANDERSON,000025,3,1.0,1.0,1,0
ANDERSON - 000026,ANDERSON,000026,3,0.9991936085,1.0,2,1
ANDERSON - 000027,ANDERSON,000027,3,1.0,1.0,1,0
BEDFORD - 000101,BEDFORD,000101,4,1.0,1.0,1,0
BEDFORD - 000102,BEDFORD,000102,4,1.0,1.0,1,0
BEDFORD - 000103,BEDFORD,000103,4,1.0,1.0,1,0
BEDFORD - 000104,BEDFORD,000104,4,0.9999521712,1.0,2,1
BEDFORD - 000105,BEDFORD,000105,4,0.9999289822,1.0,2,1
BEDFORD - 000106,BEDFORD,000106,4,1.0,1.0,1,0
BEDFORD - 000107,BEDFORD,000107,4,1.0,1.0,1,0
BEDFORD - 000108,BEDFORD,000108,4,1.0,1.0,1,0
BEDFORD - 000109,BEDFORD,000109,4,1.0,1.0,1,0
BEDFORD - 000110,BEDFORD,000110,4,1.0,1.0,1,0
BEDFORD - 000111,BEDFORD,000111,4,1.0,1.0,1,0
BENTON - 000201,BENTON,000201,8,0.9993499249,1.0,2,1
BENTON - 000202,BENTON,000202,7,0.9997835602,1.0,2,1
BENTON - 000203,BENTON,000203,7,0.9961232463,1.0,2,1
BENTON - 000204,BENTON,000204,7,0.9999737411,1.0,2,1
BENTON - 000205,BENTON,000205,8,0.9962482721,1.0,2,1
BENTON - 000206,BENTON,000206,7,0.9996287885,1.0,2,1
BLEDSOE - 000301,BLEDSOE,000301,4,0.9999486505,1.0,2,1
BLEDSOE - 000302,BLEDSOE,000302,4,0.9998690876,1.0,2,1
BLEDSOE - 000303,BLEDSOE,000303,4,1.0,1.0,1,0
BLEDSOE - 000304,BLEDSOE,000304,4,0.999999073,1.0,2,1
BLEDSOE - 000305,BLEDSOE,000305,4,0.9999558949,1.0,2,1
BLEDSOE - 000306,BLEDSOE,000306,4,1.0,1.0,1,0
BLEDSOE - 000307,BLEDSOE,000307,4,0.9999536529,1.0,2,1
BLEDSOE - 000308,BLEDSOE,000308,4,1.0,1.0,1,0
BLEDSOE - 000309,BLEDSOE,000309,4,0.9993759864,1.0,2,1
BLEDSOE - 000310,BLEDSOE,000310,4,0.9999665157,1.0,2,1
BLEDSOE - 000311,BLEDSOE,000311,4,1.0,1.0,1,0
BLEDSOE - 000312,BLEDSOE,000312,4,1.0,1.0,1,0
BLOUNT - 000401,BLOUNT,000401,2,0.9997868264,0.999834086,2,1
BLOUNT - 000402,BLOUNT,000402,2,0.9999133286,1.0,2,1
BLOUNT - 000403,BLOUNT,000403,2,1.0,1.0,1,0
BLOUNT - 000404,BLOUNT,000404,2,1.0,1.0,1,0
BLOUNT - 000405,BLOUNT,000405,2,0.9997200936,1.0,2,1
BLOUNT - 000406,BLOUNT,000406,2,1.0,1.0,1,0
BLOUNT - 000407,BLOUNT,000407,2,1.0,1.0,1,0
BLOUNT - 000408,BLOUNT,000408,2,1.0,1.0,1,0
BLOUNT - 000409,BLOUNT,000409,2,1.0,1.0,1,0
BLOUNT - 000410,BLOUNT,000410,2,1.0,1.0,1,0
BLOUNT - 000411,BLOUNT,000411,2,1.0,1.0,1,0
BLOUNT - 000412,BLOUNT,000412,2,1.0,1.0,1,0
BLOUNT - 000413,BLOUNT,000413,2,1.0,1.0,1,0
BLOUNT - 000414,BLOUNT,000414,2,1.0,1.0,1,0
BLOUNT - 000415,BLOUNT,000415,2,1.0,1.0,1,0
BLOUNT - 000416,BLOUNT,000416,2,1.0,1.0,1,0
BLOUNT - 000417,BLOUNT,000417,2,1.0,1.0,1,0
BLOUNT - 000418,BLOUNT,000418,2,0.999325333,0.9998612634,2,1
BLOUNT - 000419,BLOUNT,000419,2,1.0,1.0,1,0
BLOUNT - 000420,BLOUNT,000420,2,1.0,1.0,1,0
BLOUNT - 000421,BLOUNT,000421,2,1.0,1.0,1,0
BLOUNT - 000423,BLOUNT,000423,2,1.0,1.0,1,0
BLOUNT - 000424,BLOUNT,000424,2,1.0,1.0,1,0
BLOUNT - 000425,BLOUNT,000425,2,1.0,1.0,1,0
BLOUNT - 000426,BLOUNT,000426,2,0.9997005263,1.0,2,1
BLOUNT - 000427,BLOUNT,000427,2,1.0,1.0,1,0
BLOUNT - 000429,BLOUNT,000429,2,1.0,1.0,1,0
BLOUNT - 000430,BLOUNT,000430,2,1.0,1.0,1,0
BLOUNT - 000431,BLOUNT,000431,2,1.0,1.0,1,0
BLOUNT - 000432,BLOUNT,000432,2,1.0,1.0,1,0
BLOUNT - 000433,BLOUNT,000433,2,1.0,1.0,1,0
BLOUNT - 000434,BLOUNT,000434,2,1.0,1.0,1,0
BLOUNT - 000435,BLOUNT,000435,2,1.0,1.0,1,0
BLOUNT - 000436,BLOUNT,000436,2,1.0,1.0,1,0
BRADLEY - 000501,BRADLEY,000501,3,1.0,1.0,1,0
BRADLEY - 000502,BRADLEY,000502,3,1.0,1.0,1,0
BRADLEY - 000503,BRADLEY,000503,3,1.0,1.0,1,0
BRADLEY - 000504,BRADLEY,000504,3,1.0,1.0,1,0
BRADLEY - 000505,BRADLEY,000505,3,1.0,1.0,1,0
BRADLEY - 000506,BRADLEY,000506,3,1.0,1.0,1,0
BRADLEY - 000507,BRADLEY,000507,3,1.0,1.0,1,0
BRADLEY - 000508,BRADLEY,000508,3,1.0,1.0,1,0
BRADLEY - 000509,BRADLEY,000509,3,1.0,1.0,1,0
BRADLEY - 000510,BRADLEY,000510,3,1.0,1.0,1,0
BRADLEY - 000511,BRADLEY,000511,3,0.9999663044,0.9999663044,1,0
BRADLEY - 000512,BRADLEY,000512,3,1.0,1.0,1,0
BRADLEY - 000513,BRADLEY,000513,3,1.0,1.0,1,0
BRADLEY - 000514,BRADLEY,000514,3,1.0,1.0,1,0
BRADLEY - 000515,BRADLEY,000515,3,0.9999921446,0.9999921446,1,0
BRADLEY - 000516,BRADLEY,000516,3,1.0,1.0,1,0
BRADLEY - 000517,BRADLEY,000517,3,0.9999342544,1.0,2,1
CAMPBELL - 000601,CAMPBELL,000601,3,0.8890999393,1.0,2,1
CAMPBELL - 000602,CAMPBELL,000602,3,0.9994392148,1.0,2,1
CAMPBELL - 000603,CAMPBELL,000603,3,0.9800094821,1.0,2,1
CAMPBELL - 000604,CAMPBELL,000604,2,1.0,1.0,1,0
CAMPBELL - 000605,CAMPBELL,000605,2,0.999262464,1.0,3,1
CAMPBELL - 000607,CAMPBELL,000607,2,1.0,1.0,1,0
CAMPBELL - 000608,CAMPBELL,000608,2,0.9288814056,1.0,2,1
CAMPBELL - 000609,CAMPBELL,000609,3,1.0,1.0,1,0
CAMPBELL - 000610,CAMPBELL,000610,3,0.9992636447,1.0,2,1
CAMPBELL - 000611,CAMPBELL,000611,3,0.9992478963,1.0,2,1
CAMPBELL - 000612,CAMPBELL,000612,3,0.9993771418,1.0,2,1
CAMPBELL - 000613,CAMPBELL,000613,3,1.0,1.0,1,0
CAMPBELL - 000614,CAMPBELL,000614,3,1.0,1.0,1,0
CAMPBELL - 000615,CAMPBELL,000615,2,0.9988126256,1.0,2,1
CAMPBELL - 000616,CAMPBELL,000616,2,0.9998977078,1.0,2,1
CAMPBELL - 000617,CAMPBELL,000617,2,1.0,1.0,1,0
CAMPBELL - 000618,CAMPBELL,000618,2,0.9994917662,1.0,2,1
CAMPBELL - 000619,CAMPBELL,000619,2,0.9999976293,0.9999976293,1,0
CAMPBELL - 000620,CAMPBELL,000620,2,0.9996747648,0.9999957708,2,1
CAMPBELL - 000621,CAMPBELL,000621,2,0.9998888784,0.9998888784,1,0
CANNON - 000701,CANNON,000701,6,0.9997008723,1.0,2,1
CANNON - 000702,CANNON,000702,6,1.0,1.0,1,0
CANNON - 000703,CANNON,000703,6,0.9998954035,1.0,2,1
CANNON - 000704,CANNON,000704,6,0.9999780742,1.0,2,1
CANNON - 000705,CANNON,000705,6,1.0,1.0,1,0
CANNON - 000706,CANNON,000706,6,0.999980729,1.0,2,1
CANNON - 000707,CANNON,000707,6,1.0,1.0,1,0
CANNON - 000708,CANNON,000708,6,1.0,1.0,1,0
CANNON - 000709,CANNON,000709,6,0.9999601806,1.0,2,1
CARROLL - 000801,CARROLL,000801,8,1.0,1.0,1,0
CARROLL - 000802,CARROLL,000802,8,1.0,1.0,1,0
CARROLL - 000803,CARROLL,000803,8,1.0,1.0,1,0
CARROLL - 000804,CARROLL,000804,8,1.0,1.0,1,0
CARROLL - 000805,CARROLL,000805,8,1.0,1.0,1,0
CARROLL - 000806,CARROLL,000806,8,1.0,1.0,1,0
CARROLL - 000807,CARROLL,000807,8,1.0,1.0,1,0
CARROLL - 000808,CARROLL,000808,8,1.0,1.0,1,0
CARROLL - 000809,CARROLL,000809,8,1.0,1.0,1,0
CARROLL - 000810,CARROLL,000810,8,1.0,1.0,1,0
CARROLL - 000811,CARROLL,000811,8,1.0,1.0,1,0
CARROLL - 000812,CARROLL,000812,8,0.9999638662,1.0,2,1
CARROLL - 000813,CARROLL,000813,8,1.0,1.0,1,0
CARROLL - 000814,CARROLL,000814,8,1.0,1.0,1,0
CARROLL - 000815,CARROLL,000815,8,1.0,1.0,1,0
CARROLL - 000816,CARROLL,000816,8,1.0,1.0,1,0
CARROLL - 000817,CARROLL,000817,8,1.0,1.0,1,0
CARROLL - 000818,CARROLL,000818,8,1.0,1.0,1,0
CARROLL - 000819,CARROLL,000819,8,0.99997842,1.0,2,1
CARTER - 000901,CARTER,000901,1,1.0,1.0,1,0
CARTER - 000902,CARTER,000902,1,1.0,1.0,1,0
CARTER - 000903,CARTER,000903,1,1.0,1.0,1,0
CARTER - 000904,CARTER,000904,1,1.0,1.0,1,0
CARTER - 000905,CARTER,000905,1,1.0,1.0,1,0
CARTER - 000906,CARTER,000906,1,1.0,1.0,1,0
CARTER - 000907,CARTER,000907,1,1.0,1.0,1,0
CARTER - 000908,CARTER,000908,1,1.0,1.0,1,0
CARTER - 000909,CARTER,000909,1,1.0,1.0,1,0
CARTER - 000910,CARTER,000910,1,1.0,1.0,1,0
CARTER - 000911,CARTER,000911,1,1.0,1.0,1,0
CARTER - 000912,CARTER,000912,1,1.0,1.0,1,0
CARTER - 000913,CARTER,000913,1,1.0,1.0,1,0
CARTER - 000914,CARTER,000914,1,0.9999355577,0.9999355577,1,0
CARTER - 000915,CARTER,000915,1,0.9995784882,0.9995784882,1,0
CARTER - 000916,CARTER,000916,1,1.0,1.0,1,0
CARTER - 000917,CARTER,000917,1,1.0,1.0,1,0
CARTER - 000918,CARTER,000918,1,0.9997494798,0.9997494798,1,0
CARTER - 000919,CARTER,000919,1,1.0,1.0,1,0
CARTER - 000920,CARTER,000920,1,1.0,1.0,1,0
CARTER - 000921,CARTER,000921,1,1.0,1.0,1,0
CARTER - 000922,CARTER,000922,1,1.0,1.0,1,0
CHEATHAM - 001001,CHEATHAM,001001,7,1.0,1.0,1,0
CHEATHAM - 001002,CHEATHAM,001002,7,1.0,1.0,1,0
CHEATHAM - 001003,CHEATHAM,001003,7,1.0,1.0,1,0
CHEATHAM - 001004,CHEATHAM,001004,7,1.0,1.0,1,0
CHEATHAM - 001005,CHEATHAM,001005,7,1.0,1.0,1,0
CHEATHAM - 001006,CHEATHAM,001006,7,1.0,1.0,1,0
CHEATHAM - 001007,CHEATHAM,001007,7,0.9999309621,1.0,2,1
CHEATHAM - 001008,CHEATHAM,001008,7,1.0,1.0,1,0
CHESTER - 001101,CHESTER,001101,8,1.0,1.0,1,0
CHESTER - 001102,CHESTER,001102,8,1.0,1.0,1,0
CHESTER - 001103,CHESTER,001103,8,1.0,1.0,1,0
CHESTER - 001104,CHESTER,001104,8,1.0,1.0,1,0
CHESTER - 001105,CHESTER,001105,8,1.0,1.0,1,0
CHESTER - 001106,CHESTER,001106,8,1.0,1.0,1,0
CHESTER - 001107,CHESTER,001107,8,1.0,1.0,1,0
CHESTER - 001108,CHESTER,001108,8,1.0,1.0,1,0
CHESTER - 001109,CHESTER,001109,8,1.0,1.0,1,0
CHESTER - 001110,CHESTER,001110,8,1.0,1.0,1,0
CHESTER - 001111,CHESTER,001111,8,1.0,1.0,1,0
CLAIBORNE - 001201,CLAIBORNE,001201,2,1.0,1.0,1,0
CLAIBORNE - 001202,CLAIBORNE,001202,2,0.9999757894,0.9999757894,1,0
CLAIBORNE - 001203,CLAIBORNE,001203,2,0.9999399433,0.9999649899,2,1
CLAIBORNE - 001204,CLAIBORNE,001204,2,0.9999791448,0.9999791448,1,0
CLAIBORNE - 001205,CLAIBORNE,001205,2,1.0,1.0,1,0
CLAIBORNE - 001206,CLAIBORNE,001206,2,1.0,1.0,1,0
CLAIBORNE - 001207,CLAIBORNE,001207,2,1.0,1.0,1,0
CLAIBORNE - 001208,CLAIBORNE,001208,2,1.0,1.0,1,0
CLAIBORNE - 001209,CLAIBORNE,001209,2,0.9988760368,0.9988760368,1,0
CLAIBORNE - 001210,CLAIBORNE,001210,2,1.0,1.0,1,0
CLAIBORNE - 001211,CLAIBORNE,001211,2,1.0,1.0,1,0
CLAIBORNE - 001212,CLAIBORNE,001212,2,0.9999999942,1.0,2,1
CLAIBORNE - 001213,CLAIBORNE,001213,2,1.0,1.0,1,0
CLAIBORNE - 001214,CLAIBORNE,001214,2,0.9999615321,1.0,2,1
CLAIBORNE - 001215,CLAIBORNE,001215,2,0.9999881864,1.0,2,1
CLAIBORNE - 001216,CLAIBORNE,001216,2,0.9999999622,1.0,2,1
CLAIBORNE - 001217,CLAIBORNE,001217,2,1.0,1.0,1,0
CLAY - 001301,CLAY,001301,6,1.0,1.0,1,0
CLAY - 001302,CLAY,001302,6,0.9999993911,0.9999993911,1,0
CLAY - 001303,CLAY,001303,6,0.9999636847,0.9999636847,1,0
CLAY - 001304,CLAY,001304,6,0.9999377193,0.9999377193,1,0
CLAY - 001305,CLAY,001305,6,1.0,1.0,1,0
CLAY - 001306,CLAY,001306,6,1.0,1.0,1,0
CLAY - 001307,CLAY,001307,6,0.9999848216,0.9999848216,1,0
COCKE - 001401,COCKE,001401,1,1.0,1.0,1,0
COCKE - 001402,COCKE,001402,1,1.0,1.0,1,0
COCKE - 001403,COCKE,001403,1,1.0,1.0,1,0
COCKE - 001404,COCKE,001404,1,0.9994711276,0.9994711276,1,0
COCKE - 001405,COCKE,001405,1,0.9995389552,0.9995389552,1,0
COCKE - 001406,COCKE,001406,1,1.0,1.0,1,0
COCKE - 001407,COCKE,001407,1,1.0,1.0,1,0
COCKE - 001408,COCKE,001408,1,0.9997479009,0.9997479009,1,0
COCKE - 001409,COCKE,001409,1,1.0,1.0,1,0
COCKE - 001410,COCKE,001410,1,1.0,1.0,1,0
COCKE - 001411,COCKE,001411,1,1.0,1.0,1,0
COCKE - 001412,COCKE,001412,1,1.0,1.0,1,0
COCKE - 001413,COCKE,001413,1,1.0,1.0,1,0
COCKE - 001414,COCKE,001414,1,1.0,1.0,1,0
COCKE - 001415,COCKE,001415,1,1.0,1.0,1,0
COCKE - 001416,COCKE,001416,1,1.0,1.0,1,0
COCKE - 001417,COCKE,001417,1,1.0,1.0,1,0
COCKE - 001418,COCKE,001418,1,0.9997851009,0.9997851009,1,0
COCKE - 001419,COCKE,001419,1,1.0,1.0,1,0
COFFEE - 001501,COFFEE,001501,4,1.0,1.0,1,0
COFFEE - 001502,COFFEE,001502,4,1.0,1.0,1,0
COFFEE - 001503,COFFEE,001503,4,1.0,1.0,1,0
COFFEE - 001504,COFFEE,001504,4,1.0,1.0,1,0
COFFEE - 001505,COFFEE,001505,4,1.0,1.0,1,0
COFFEE - 001506,COFFEE,001506,4,1.0,1.0,1,0
COFFEE - 001507,COFFEE,001507,4,1.0,1.0,1,0
COFFEE - 001508,COFFEE,001508,4,1.0,1.0,1,0
COFFEE - 001509,COFFEE,001509,4,0.9998933693,1.0,2,1
COFFEE - 001510,COFFEE,001510,4,1.0,1.0,1,0
COFFEE - 001511,COFFEE,001511,4,1.0,1.0,1,0
COFFEE - 001512,COFFEE,001512,4,1.0,1.0,1,0
COFFEE - 001513,COFFEE,001513,4,1.0,1.0,1,0
COFFEE - 001514,COFFEE,001514,4,1.0,1.0,1,0
COFFEE - 001515,COFFEE,001515,4,1.0,1.0,1,0
COFFEE - 001516,COFFEE,001516,4,1.0,1.0,1,0
COFFEE - 001517,COFFEE,001517,4,1.0,1.0,1,0
COFFEE - 001518,COFFEE,001518,4,1.0,1.0,1,0
COFFEE - 001519,COFFEE,001519,4,1.0,1.0,1,0
COFFEE - 001520,COFFEE,001520,4,1.0,1.0,1,0
COFFEE - 001521,COFFEE,001521,4,1.0,1.0,1,0
COFFEE - 001522,COFFEE,001522,4,0.9997195232,1.0,2,1
COFFEE - 001523,COFFEE,001523,4,1.0,1.0,1,0
CROCKETT - 001601,CROCKETT,001601,8,1.0,1.0,1,0
CROCKETT - 001602,CROCKETT,001602,8,1.0,1.0,1,0
CROCKETT - 001603,CROCKETT,001603,8,1.0,1.0,1,0
CROCKETT - 001604,CROCKETT,001604,8,1.0,1.0,1,0
CROCKETT - 001605,CROCKETT,001605,8,1.0,1.0,1,0
CROCKETT - 001606,CROCKETT,001606,8,1.0,1.0,1,0
CROCKETT - 001607,CROCKETT,001607,8,1.0,1.0,1,0
CROCKETT - 001608,CROCKETT,001608,8,1.0,1.0,1,0
CROCKETT - 001609,CROCKETT,001609,8,1.0,1.0,1,0
CROCKETT - 001610,CROCKETT,001610,8,1.0,1.0,1,0
CROCKETT - 001611,CROCKETT,001611,8,1.0,1.0,1,0
CROCKETT - 001612,CROCKETT,001612,8,1.0,1.0,1,0
CUMBERLAND - 001701,CUMBERLAND,001701,6,1.0,1.0,1,0
CUMBERLAND - 001702,CUMBERLAND,001702,6,0.999995428,1.0,2,1
CUMBERLAND - 001703,CUMBERLAND,001703,6,1.0,1.0,1,0
CUMBERLAND - 001704,CUMBERLAND,001704,6,1.0,1.0,1,0
CUMBERLAND - 001705,CUMBERLAND,001705,6,1.0,1.0,1,0
CUMBERLAND - 001706,CUMBERLAND,001706,6,0.999913292,1.0,2,1
CUMBERLAND - 001707,CUMBERLAND,001707,6,1.0,1.0,1,0
CUMBERLAND - 001708,CUMBERLAND,001708,6,1.0,1.0,1,0
CUMBERLAND - 001709,CUMBERLAND,001709,6,1.0,1.0,1,0
CUMBERLAND - 001710,CUMBERLAND,001710,6,0.9999441694,1.0,2,1
CUMBERLAND - 001711,CUMBERLAND,001711,6,1.0,1.0,1,0
CUMBERLAND - 001712,CUMBERLAND,001712,6,1.0,1.0,1,0
CUMBERLAND - 001713,CUMBERLAND,001713,6,0.9999915822,1.0,2,1
CUMBERLAND - 001714,CUMBERLAND,001714,6,1.0,1.0,1,0
CUMBERLAND - 001715,CUMBERLAND,001715,6,0.9999661921,1.0,2,1
CUMBERLAND - 001716,CUMBERLAND,001716,6,0.9998899346,1.0,2,1
CUMBERLAND - 001717,CUMBERLAND,001717,6,0.9995506347,1.0,2,1
CUMBERLAND - 001718,CUMBERLAND,001718,6,1.0,1.0,1,0
CUMBERLAND - 001719,CUMBERLAND,001719,6,1.0,1.0,1,0
CUMBERLAND - 001720,CUMBERLAND,001720,6,1.0,1.0,1,0
CUMBERLAND - 001721,CUMBERLAND,001721,6,1.0,1.0,1,0
CUMBERLAND - 001722,CUMBERLAND,001722,6,1.0,1.0,1,0
CUMBERLAND - 001723,CUMBERLAND,001723,6,0.9999319642,1.0,2,1
CUMBERLAND - 001724,CUMBERLAND,001724,6,1.0,1.0,1,0
DAVIDSON - 001801,DAVIDSON,001801,7,1.0,1.0,1,0
DAVIDSON - 001802,DAVIDSON,001802,7,1.0,1.0,1,0
DAVIDSON - 001803,DAVIDSON,001803,7,1.0,1.0,1,0
DAVIDSON - 001804,DAVIDSON,001804,7,1.0,1.0,1,0
DAVIDSON - 001805,DAVIDSON,001805,7,1.0,1.0,1,0
DAVIDSON - 001806,DAVIDSON,001806,7,1.0,1.0,1,0
DAVIDSON - 001807,DAVIDSON,001807,7,0.9999875149,1.0,2,1
DAVIDSON - 001808,DAVIDSON,001808,7,0.9778298283,1.0,2,1
DAVIDSON - 001809,DAVIDSON,001809,7,1.0,1.0,1,0
DAVIDSON - 001810,DAVIDSON,001810,7,1.0,1.0,1,0
DAVIDSON - 001811,DAVIDSON,001811,7,0.9979460947,1.0,2,1
DAVIDSON - 001812,DAVIDSON,001812,7,1.0,1.0,1,0
DAVIDSON - 001813,DAVIDSON,001813,7,1.0,1.0,1,0
DAVIDSON - 001814,DAVIDSON,001814,7,0.9998407703,1.0,2,1
DAVIDSON - 001815,DAVIDSON,001815,7,0.9999749891,1.0,2,1
DAVIDSON - 001816,DAVIDSON,001816,7,1.0,1.0,1,0
DAVIDSON - 001817,DAVIDSON,001817,5,1.0,1.0,1,0
DAVIDSON - 001818,DAVIDSON,001818,5,1.0,1.0,1,0
DAVIDSON - 001819,DAVIDSON,001819,5,1.0,1.0,1,0
DAVIDSON - 001820,DAVIDSON,001820,5,1.0,1.0,1,0
DAVIDSON - 001821,DAVIDSON,001821,6,0.9795892367,1.0,2,1
DAVIDSON - 001822,DAVIDSON,001822,6,1.0,1.0,1,0
DAVIDSON - 001823,DAVIDSON,001823,6,1.0,1.0,1,0
DAVIDSON - 001824,DAVIDSON,001824,6,0.9982004674,1.0,2,1
DAVIDSON - 001825,DAVIDSON,001825,6,1.0,1.0,1,0
DAVIDSON - 001826,DAVIDSON,001826,6,1.0,1.0,1,0
DAVIDSON - 001827,DAVIDSON,001827,6,0.9998051076,1.0,2,1
DAVIDSON - 001828,DAVIDSON,001828,6,0.9992263609,1.0,2,1
DAVIDSON - 001829,DAVIDSON,001829,6,1.0,1.0,1,0
DAVIDSON - 001830,DAVIDSON,001830,6,1.0,1.0,1,0
DAVIDSON - 001831,DAVIDSON,001831,6,1.0,1.0,1,0
DAVIDSON - 001832,DAVIDSON,001832,6,1.0,1.0,1,0
DAVIDSON - 001833,DAVIDSON,001833,6,1.0,1.0,1,0
DAVIDSON - 001834,DAVIDSON,001834,6,1.0,1.0,1,0
DAVIDSON - 001835,DAVIDSON,001835,6,1.0,1.0,1,0
DAVIDSON - 001836,DAVIDSON,001836,6,1.0,1.0,1,0
DAVIDSON - 001837,DAVIDSON,001837,6,0.9977586017,1.0,2,1
DAVIDSON - 001838,DAVIDSON,001838,6,1.0,1.0,1,0
DAVIDSON - 001839,DAVIDSON,001839,6,0.8932510261,1.0,2,1
DAVIDSON - 001840,DAVIDSON,001840,6,0.6638058827,1.0,2,1
DAVIDSON - 001841,DAVIDSON,001841,6,1.0,1.0,1,0
DAVIDSON - 001842,DAVIDSON,001842,6,1.0,1.0,1,0
DAVIDSON - 001843,DAVIDSON,001843,6,1.0,1.0,1,0
DAVIDSON - 001844,DAVIDSON,001844,6,0.9901568189,1.0,2,1
DAVIDSON - 001845,DAVIDSON,001845,6,0.9977438034,1.0,2,1
DAVIDSON - 001846,DAVIDSON,001846,6,1.0,1.0,1,0
DAVIDSON - 001847,DAVIDSON,001847,6,0.9892353708,1.0,2,1
DAVIDSON - 001848,DAVIDSON,001848,6,0.9980033954,1.0,2,1
DAVIDSON - 001849,DAVIDSON,001849,6,1.0,1.0,1,0
DAVIDSON - 001850,DAVIDSON,001850,6,0.9999733537,1.0,2,1
DAVIDSON - 001851,DAVIDSON,001851,5,0.9923597312,1.0,2,1
DAVIDSON - 001852,DAVIDSON,001852,6,0.9974557214,1.0,2,1
DAVIDSON - 001853,DAVIDSON,001853,5,1.0,1.0,1,0
DAVIDSON - 001854,DAVIDSON,001854,5,1.0,1.0,1,0
DAVIDSON - 001855,DAVIDSON,001855,5,1.0,1.0,1,0
DAVIDSON - 001856,DAVIDSON,001856,5,1.0,1.0,1,0
DAVIDSON - 001857,DAVIDSON,001857,5,1.0,1.0,1,0
DAVIDSON - 001858,DAVIDSON,001858,5,1.0,1.0,1,0
DAVIDSON - 001859,DAVIDSON,001859,6,1.0,1.0,1,0
DAVIDSON - 001860,DAVIDSON,001860,6,0.9998445934,1.0,2,1
DAVIDSON - 001861,DAVIDSON,001861,6,0.9998673677,1.0,2,1
DAVIDSON - 001862,DAVIDSON,001862,6,1.0,1.0,1,0
DAVIDSON - 001863,DAVIDSON,001863,5,0.9985816085,1.0,2,1
DAVIDSON - 001864,DAVIDSON,001864,6,0.7293133794,1.0,2,1
DAVIDSON - 001865,DAVIDSON,001865,6,0.6600914095,1.0,2,1
DAVIDSON - 001866,DAVIDSON,001866,5,1.0,1.0,1,0
DAVIDSON - 001867,DAVIDSON,001867,6,0.9984548806,1.0,2,1
DAVIDSON - 001868,DAVIDSON,001868,6,1.0,1.0,1,0
DAVIDSON - 001869,DAVIDSON,001869,6,1.0,1.0,1,0
DAVIDSON - 001870,DAVIDSON,001870,6,1.0,1.0,1,0
DAVIDSON - 001871,DAVIDSON,001871,6,0.9995425123,1.0,2,1
DAVIDSON - 001872,DAVIDSON,001872,6,0.9992185678,1.0,2,1
DAVIDSON - 001873,DAVIDSON,001873,6,0.9651012508,1.0,2,1
DAVIDSON - 001874,DAVIDSON,001874,6,1.0,1.0,1,0
DAVIDSON - 001875,DAVIDSON,001875,6,0.7506140864,1.0,3,1
DAVIDSON - 001876,DAVIDSON,001876,6,0.9945229574,1.0,2,1
DAVIDSON - 001877,DAVIDSON,001877,5,0.999907369,1.0,2,1
DAVIDSON - 001878,DAVIDSON,001878,7,1.0,1.0,1,0
DAVIDSON - 001879,DAVIDSON,001879,7,1.0,1.0,1,0
DAVIDSON - 001880,DAVIDSON,001880,7,1.0,1.0,1,0
DAVIDSON - 001881,DAVIDSON,001881,7,0.9999098729,1.0,2,1
DAVIDSON - 001882,DAVIDSON,001882,7,0.9983420157,1.0,2,1
DAVIDSON - 001883,DAVIDSON,001883,7,1.0,1.0,1,0
DAVIDSON - 001884,DAVIDSON,001884,7,0.9997641823,1.0,3,1
DAVIDSON - 001885,DAVIDSON,001885,7,1.0,1.0,1,0
DAVIDSON - 001886,DAVIDSON,001886,7,0.9999988615,1.0,2,1
DAVIDSON - 001887,DAVIDSON,001887,7,0.9998946564,1.0,2,1
DAVIDSON - 001888,DAVIDSON,001888,7,0.9973917171,1.0,2,1
DAVIDSON - 001889,DAVIDSON,001889,5,0.9995174804,1.0,2,1
DAVIDSON - 001890,DAVIDSON,001890,7,0.996577924,1.0,2,1
DAVIDSON - 001891,DAVIDSON,001891,7,0.9991832245,1.0,2,1
DAVIDSON - 001892,DAVIDSON,001892,7,1.0,1.0,1,0
DAVIDSON - 001893,DAVIDSON,001893,7,1.0,1.0,1,0
DAVIDSON - 001894,DAVIDSON,001894,7,0.9999250463,1.0,2,1
DAVIDSON - 001895,DAVIDSON,001895,7,0.997159002,1.0,2,1
DAVIDSON - 001896,DAVIDSON,001896,7,1.0,1.0,1,0
DAVIDSON - 001897,DAVIDSON,001897,7,1.0,1.0,1,0
DAVIDSON - 001898,DAVIDSON,001898,7,0.9992327565,1.0,2,1
DAVIDSON - 001899,DAVIDSON,001899,7,1.0,1.0,1,0
DAVIDSON - 001900,DAVIDSON,001900,7,1.0,1.0,1,0
DAVIDSON - 001901,DAVIDSON,001901,7,1.0,1.0,1,0
DAVIDSON - 001902,DAVIDSON,001902,7,1.0,1.0,1,0
DAVIDSON - 001903,DAVIDSON,001903,5,0.9979153571,1.0,2,1
DAVIDSON - 001905,DAVIDSON,001905,5,1.0,1.0,1,0
DAVIDSON - 001906,DAVIDSON,001906,5,1.0,1.0,1,0
DAVIDSON - 001907,DAVIDSON,001907,5,0.9998392057,1.0,2,1
DAVIDSON - 001908,DAVIDSON,001908,5,0.9995850679,1.0,2,1
DAVIDSON - 001909,DAVIDSON,001909,5,1.0,1.0,1,0
DAVIDSON - 001910,DAVIDSON,001910,5,1.0,1.0,1,0
DAVIDSON - 001911,DAVIDSON,001911,5,1.0,1.0,1,0
DAVIDSON - 001912,DAVIDSON,001912,7,0.9763406987,1.0,2,1
DAVIDSON - 001913,DAVIDSON,001913,5,0.6374844474,1.0,2,1
DAVIDSON - 001914,DAVIDSON,001914,5,1.0,1.0,1,0
DAVIDSON - 001915,DAVIDSON,001915,7,1.0,1.0,1,0
DAVIDSON - 001916,DAVIDSON,001916,5,0.9975780607,1.0,2,1
DAVIDSON - 001917,DAVIDSON,001917,5,0.9999368585,1.0,2,1
DAVIDSON - 001918,DAVIDSON,001918,5,0.9986585355,1.0,2,1
DAVIDSON - 001919,DAVIDSON,001919,5,0.9999482946,1.0,2,1
DAVIDSON - 001920,DAVIDSON,001920,5,1.0,1.0,1,0
DAVIDSON - 001921,DAVIDSON,001921,5,0.9977684291,1.0,2,1
DAVIDSON - 001922,DAVIDSON,001922,5,0.9999525875,1.0,2,1
DAVIDSON - 001923,DAVIDSON,001923,5,1.0,1.0,1,0
DAVIDSON - 001924,DAVIDSON,001924,5,0.9991950408,1.0,2,1
DAVIDSON - 001925,DAVIDSON,001925,5,1.0,1.0,1,0
DAVIDSON - 001926,DAVIDSON,001926,5,1.0,1.0,1,0
DAVIDSON - 001927,DAVIDSON,001927,5,1.0,1.0,1,0
DAVIDSON - 001928,DAVIDSON,001928,5,1.0,1.0,1,0
DAVIDSON - 001929,DAVIDSON,001929,6,0.5794114304,1.0,2,1
DAVIDSON - 001930,DAVIDSON,001930,5,1.0,1.0,1,0
DAVIDSON - 001931,DAVIDSON,001931,5,0.9298219105,1.0,2,1
DAVIDSON - 001932,DAVIDSON,001932,6,0.8909510244,1.0,2,1
DAVIDSON - 001933,DAVIDSON,001933,5,0.9992994907,1.0,2,1
DAVIDSON - 001934,DAVIDSON,001934,5,1.0,1.0,1,0
DAVIDSON - 001935,DAVIDSON,001935,5,0.7462816535,1.0,2,1
DAVIDSON - 001936,DAVIDSON,001936,5,1.0,1.0,1,0
DAVIDSON - 001937,DAVIDSON,001937,5,1.0,1.0,1,0
DAVIDSON - 001938,DAVIDSON,001938,5,1.0,1.0,1,0
DAVIDSON - 001939,DAVIDSON,001939,5,1.0,1.0,1,0
DAVIDSON - 001940,DAVIDSON,001940,5,1.0,1.0,1,0
DAVIDSON - 001941,DAVIDSON,001941,5,1.0,1.0,1,0
DAVIDSON - 001942,DAVIDSON,001942,5,1.0,1.0,1,0
DAVIDSON - 001943,DAVIDSON,001943,5,1.0,1.0,1,0
DAVIDSON - 001944,DAVIDSON,001944,5,1.0,1.0,1,0
DAVIDSON - 001945,DAVIDSON,001945,5,1.0,1.0,1,0
DAVIDSON - 001946,DAVIDSON,001946,5,1.0,1.0,1,0
DAVIDSON - 001947,DAVIDSON,001947,5,1.0,1.0,1,0
DAVIDSON - 001948,DAVIDSON,001948,5,0.9999981147,1.0,2,1
DAVIDSON - 001949,DAVIDSON,001949,5,0.999965418,1.0,2,1
DAVIDSON - 001950,DAVIDSON,001950,5,0.9993853392,1.0,2,1
DAVIDSON - 001951,DAVIDSON,001951,5,0.9999670225,1.0,2,1
DAVIDSON - 001953,DAVIDSON,001953,5,1.0,1.0,1,0
DAVIDSON - 001954,DAVIDSON,001954,5,1.0,1.0,1,0
DAVIDSON - 001955,DAVIDSON,001955,5,1.0,1.0,1,0
DAVIDSON - 001956,DAVIDSON,001956,5,1.0,1.0,1,0
DAVIDSON - 001957,DAVIDSON,001957,5,1.0,1.0,1,0
DAVIDSON - 001958,DAVIDSON,001958,7,0.9995683178,1.0,2,1
DAVIDSON - 001959,DAVIDSON,001959,5,0.9997834558,1.0,2,1
DAVIDSON - 001960,DAVIDSON,001960,5,0.9998880906,1.0,2,1
DAVIDSON - 001961,DAVIDSON,001961,5,1.0,1.0,1,0
DECATUR - 002051,DECATUR,002051,7,0.9999053703,1.0,2,1
DECATUR - 002052,DECATUR,002052,7,1.0,1.0,1,0
DECATUR - 002053,DECATUR,002053,7,0.9999812759,1.0,2,1
DECATUR - 002054,DECATUR,002054,7,0.9999541877,1.0,2,1
DECATUR - 002055,DECATUR,002055,7,1.0,1.0,1,0
DECATUR - 002056,DECATUR,002056,7,1.0,1.0,1,0
DECATUR - 002057,DECATUR,002057,7,1.0,1.0,1,0
DECATUR - 002058,DECATUR,002058,7,1.0,1.0,1,0
DECATUR - 002059,DECATUR,002059,7,0.9999821064,1.0,2,1
DECATUR - 002060,DECATUR,002060,7,0.9991183771,1.0,2,1
DECATUR - 002061,DECATUR,002061,7,0.9999797938,1.0,2,1
DECATUR - 002062,DECATUR,002062,7,1.0,1.0,1,0
DECATUR - 002063,DECATUR,002063,7,0.9998756645,1.0,2,1
DEKALB - 002151,DEKALB,002151,6,1.0,1.0,1,0
DEKALB - 002152,DEKALB,002152,6,1.0,1.0,1,0
DEKALB - 002153,DEKALB,002153,6,1.0,1.0,1,0
DEKALB - 002154,DEKALB,002154,6,0.9998900459,1.0,2,1
DEKALB - 002155,DEKALB,002155,6,1.0,1.0,1,0
DEKALB - 002156,DEKALB,002156,6,1.0,1.0,1,0
DEKALB - 002157,DEKALB,002157,6,1.0,1.0,1,0
DEKALB - 002158,DEKALB,002158,6,1.0,1.0,1,0
DEKALB - 002159,DEKALB,002159,6,1.0,1.0,1,0
DEKALB - 002160,DEKALB,002160,6,1.0,1.0,1,0
DEKALB - 002161,DEKALB,002161,6,1.0,1.0,1,0
DEKALB - 002162,DEKALB,002162,6,1.0,1.0,1,0
DEKALB - 002164,DEKALB,002164,6,1.0,1.0,1,0
DEKALB - 002165,DEKALB,002165,6,0.9999829801,1.0,2,1
DEKALB - 002166,DEKALB,002166,6,0.9999212451,1.0,2,1
DICKSON - 002251,DICKSON,002251,7,1.0,1.0,1,0
DICKSON - 002252,DICKSON,002252,7,1.0,1.0,1,0
DICKSON - 002253,DICKSON,002253,7,1.0,1.0,1,0
DICKSON - 002254,DICKSON,002254,7,1.0,1.0,1,0
DICKSON - 002255,DICKSON,002255,7,1.0,1.0,1,0
DICKSON - 002256,DICKSON,002256,7,1.0,1.0,1,0
DICKSON - 002257,DICKSON,002257,7,1.0,1.0,1,0
DICKSON - 002258,DICKSON,002258,7,1.0,1.0,1,0
DICKSON - 002259,DICKSON,002259,7,1.0,1.0,1,0
DICKSON - 002260,DICKSON,002260,7,1.0,1.0,1,0
DICKSON - 002261,DICKSON,002261,7,1.0,1.0,1,0
DICKSON - 002262,DICKSON,002262,7,1.0,1.0,1,0
DICKSON - 002263,DICKSON,002263,7,1.0,1.0,1,0
DICKSON - 002264,DICKSON,002264,7,1.0,1.0,1,0
DICKSON - 002265,DICKSON,002265,7,1.0,1.0,1,0
DICKSON - 002266,DICKSON,002266,7,1.0,1.0,1,0
DICKSON - 002267,DICKSON,002267,7,1.0,1.0,1,0
DYER - 002351,DYER,002351,8,1.0,1.0,1,0
DYER - 002352,DYER,002352,8,1.0,1.0,1,0
DYER - 002353,DYER,002353,8,1.0,1.0,1,0
DYER - 002354,DYER,002354,8,1.0,1.0,1,0
DYER - 002355,DYER,002355,8,1.0,1.0,1,0
DYER - 002356,DYER,002356,8,1.0,1.0,1,0
DYER - 002357,DYER,002357,8,1.0,1.0,1,0
DYER - 002358,DYER,002358,8,1.0,1.0,1,0
DYER - 002359,DYER,002359,8,0.9999425712,0.9999425712,1,0
DYER - 002360,DYER,002360,8,0.9998870161,0.9998870161,1,0
DYER - 002361,DYER,002361,8,1.0,1.0,1,0
DYER - 002362,DYER,002362,8,1.0,1.0,1,0
DYER - 002363,DYER,002363,8,1.0,1.0,1,0
DYER - 002364,DYER,002364,8,1.0,1.0,1,0
DYER - 002365,DYER,002365,8,1.0,1.0,1,0
DYER - 002366,DYER,002366,8,1.0,1.0,1,0
FAYETTE - 002451,FAYETTE,002451,8,1.0,1.0,1,0
FAYETTE - 002452,FAYETTE,002452,8,1.0,1.0,1,0
FAYETTE - 002453,FAYETTE,002453,8,1.0,1.0,1,0
FAYETTE - 002454,FAYETTE,002454,8,0.9999991943,0.9999991943,1,0
FAYETTE - 002455,FAYETTE,002455,8,0.9999728551,0.9999728551,1,0
FAYETTE - 002456,FAYETTE,002456,8,1.0,1.0,1,0
FAYETTE - 002457,FAYETTE,002457,8,0.9999812906,0.9999812906,1,0
FAYETTE - 002458,FAYETTE,002458,8,1.0,1.0,1,0
FAYETTE - 002459,FAYETTE,002459,8,0.999992451,0.999992451,1,0
FAYETTE - 002460,FAYETTE,002460,8,1.0,1.0,1,0
FAYETTE - 002461,FAYETTE,002461,8,1.0,1.0,1,0
FAYETTE - 002462,FAYETTE,002462,8,1.0,1.0,1,0
FAYETTE - 002463,FAYETTE,002463,8,1.0,1.0,1,0
FAYETTE - 002464,FAYETTE,002464,8,1.0,1.0,1,0
FAYETTE - 002465,FAYETTE,002465,8,1.0,1.0,1,0
FENTRESS - 002551,FENTRESS,002551,6,0.9993111894,1.0,2,1
FENTRESS - 002552,FENTRESS,002552,6,0.9994964674,1.0,2,1
FENTRESS - 002553,FENTRESS,002553,6,0.9996255536,1.0,2,1
FENTRESS - 002554,FENTRESS,002554,6,1.0,1.0,1,0
FENTRESS - 002555,FENTRESS,002555,6,1.0,1.0,1,0
FENTRESS - 002556,FENTRESS,002556,6,1.0,1.0,1,0
FENTRESS - 002557,FENTRESS,002557,6,1.0,1.0,1,0
FENTRESS - 002558,FENTRESS,002558,6,1.0,1.0,1,0
FENTRESS - 002559,FENTRESS,002559,6,1.0,1.0,1,0
FENTRESS - 002560,FENTRESS,002560,6,1.0,1.0,1,0
FENTRESS - 002561,FENTRESS,002561,6,1.0,1.0,1,0
FENTRESS - 002562,FENTRESS,002562,6,0.9998841989,1.0,2,1
FENTRESS - 002563,FENTRESS,002563,6,1.0,1.0,1,0
FRANKLIN - 002651,FRANKLIN,002651,4,1.0,1.0,1,0
FRANKLIN - 002652,FRANKLIN,002652,4,1.0,1.0,1,0
FRANKLIN - 002653,FRANKLIN,002653,4,1.0,1.0,1,0
FRANKLIN - 002654,FRANKLIN,002654,4,0.9999787504,0.9999787504,1,0
FRANKLIN - 002655,FRANKLIN,002655,4,1.0,1.0,1,0
FRANKLIN - 002656,FRANKLIN,002656,4,1.0,1.0,1,0
FRANKLIN - 002657,FRANKLIN,002657,4,1.0,1.0,1,0
FRANKLIN - 002658,FRANKLIN,002658,4,1.0,1.0,1,0
FRANKLIN - 002659,FRANKLIN,002659,4,0.999999941,0.999999941,1,0
FRANKLIN - 002660,FRANKLIN,002660,4,1.0,1.0,1,0
FRANKLIN - 002661,FRANKLIN,002661,4,0.9999826705,0.9999826705,1,0
FRANKLIN - 002662,FRANKLIN,002662,4,1.0,1.0,1,0
FRANKLIN - 002663,FRANKLIN,002663,4,1.0,1.0,1,0
FRANKLIN - 002664,FRANKLIN,002664,4,1.0,1.0,1,0
FRANKLIN - 002665,FRANKLIN,002665,4,1.0,1.0,1,0
FRANKLIN - 002666,FRANKLIN,002666,4,1.0,1.0,1,0
FRANKLIN - 002667,FRANKLIN,002667,4,1.0,1.0,1,0
FRANKLIN - 002668,FRANKLIN,002668,4,1.0,1.0,1,0
FRANKLIN - 005757,FRANKLIN,005757,4,1.0,1.0,1,0
FRANKLIN - 005764,FRANKLIN,005764,4,1.0,1.0,1,0
GIBSON - 002751,GIBSON,002751,8,1.0,1.0,1,0
GIBSON - 002752,GIBSON,002752,8,1.0,1.0,1,0
GIBSON - 002753,GIBSON,002753,8,1.0,1.0,1,0
GIBSON - 002754,GIBSON,002754,8,1.0,1.0,1,0
GIBSON - 002755,GIBSON,002755,8,1.0,1.0,1,0
GIBSON - 002756,GIBSON,002756,8,1.0,1.0,1,0
GIBSON - 002757,GIBSON,002757,8,1.0,1.0,1,0
GIBSON - 002758,GIBSON,002758,8,1.0,1.0,1,0
GIBSON - 002759,GIBSON,002759,8,1.0,1.0,1,0
GIBSON - 002760,GIBSON,002760,8,1.0,1.0,1,0
GIBSON - 002761,GIBSON,002761,8,1.0,1.0,1,0
GIBSON - 002762,GIBSON,002762,8,1.0,1.0,1,0
GIBSON - 002763,GIBSON,002763,8,1.0,1.0,1,0
GIBSON - 002764,GIBSON,002764,8,1.0,1.0,1,0
GIBSON - 002765,GIBSON,002765,8,1.0,1.0,1,0
GIBSON - 002766,GIBSON,002766,8,1.0,1.0,1,0
GIBSON - 002767,GIBSON,002767,8,1.0,1.0,1,0
GIBSON - 002768,GIBSON,002768,8,1.0,1.0,1,0
GIBSON - 002769,GIBSON,002769,8,1.0,1.0,1,0
GIBSON - 002770,GIBSON,002770,8,1.0,1.0,1,0
GIBSON - 002771,GIBSON,002771,8,1.0,1.0,1,0
GIBSON - 002772,GIBSON,002772,8,1.0,1.0,1,0
GIBSON - 002773,GIBSON,002773,8,1.0,1.0,1,0
GIBSON - 002774,GIBSON,002774,8,1.0,1.0,1,0
GIBSON - 002775,GIBSON,002775,8,1.0,1.0,1,0
GIBSON - 002776,GIBSON,002776,8,1.0,1.0,1,0
GIBSON - 002777,GIBSON,002777,8,1.0,1.0,1,0
GIBSON - 002778,GIBSON,002778,8,1.0,1.0,1,0
GILES - 002851,GILES,002851,4,0.9999500641,0.9999500641,1,0
GILES - 002852,GILES,002852,4,1.0,1.0,1,0
GILES - 002853,GILES,002853,4,0.999974456,0.999974456,1,0
GILES - 002854,GILES,002854,4,0.9999785522,0.9999785522,1,0
GILES - 002855,GILES,002855,4,1.0,1.0,1,0
GILES - 002856,GILES,002856,4,0.9998275022,1.0,2,1
GILES - 002857,GILES,002857,4,0.9996633198,1.0,2,1
GILES - 002858,GILES,002858,4,0.9998968174,1.0,2,1
GILES - 002859,GILES,002859,4,1.0,1.0,1,0
GILES - 002860,GILES,002860,4,1.0,1.0,1,0
GILES - 002861,GILES,002861,4,1.0,1.0,1,0
GILES - 002862,GILES,002862,4,1.0,1.0,1,0
GILES - 002863,GILES,002863,4,1.0,1.0,1,0
GILES - 002864,GILES,002864,4,1.0,1.0,1,0
GRAINGER - 002951,GRAINGER,002951,2,1.0,1.0,1,0
GRAINGER - 002952,GRAINGER,002952,2,0.9997740003,1.0,2,1
GRAINGER - 002953,GRAINGER,002953,2,1.0,1.0,1,0
GRAINGER - 002954,GRAINGER,002954,2,0.9997421911,1.0,2,1
GRAINGER - 002955,GRAINGER,002955,2,0.9998574084,1.0,2,1
GRAINGER - 002956,GRAINGER,002956,2,0.9997627259,1.0,2,1
GRAINGER - 002957,GRAINGER,002957,2,0.9996215991,1.0,2,1
GRAINGER - 002958,GRAINGER,002958,2,0.9996323176,1.0,2,1
GRAINGER - 002959,GRAINGER,002959,2,0.9995707589,1.0,2,1
GRAINGER - 002960,GRAINGER,002960,2,0.9998107037,1.0,2,1
GREENE - 003052,GREENE,003052,1,0.9997329845,0.9997329845,1,0
GREENE - 003053,GREENE,003053,1,1.0,1.0,1,0
GREENE - 003054,GREENE,003054,1,1.0,1.0,1,0
GREENE - 003059,GREENE,003059,1,1.0,1.0,1,0
GREENE - 003061,GREENE,003061,1,1.0,1.0,1,0
GREENE - 003063,GREENE,003063,1,1.0,1.0,1,0
GREENE - 003065,GREENE,003065,1,1.0,1.0,1,0
GREENE - 003066,GREENE,003066,1,1.0,1.0,1,0
GREENE - 003067,GREENE,003067,1,1.0,1.0,1,0
GREENE - 003069,GREENE,003069,1,1.0,1.0,1,0
GREENE - 003072,GREENE,003072,1,1.0,1.0,1,0
GREENE - 003073,GREENE,003073,1,0.9999001641,0.9999001641,1,0
GREENE - 003076,GREENE,003076,1,1.0,1.0,1,0
GREENE - 003077,GREENE,003077,1,0.9995727971,0.9995727971,1,0
GREENE - 003080,GREENE,003080,1,1.0,1.0,1,0
GREENE - 003082,GREENE,003082,1,1.0,1.0,1,0
GREENE - 003084,GREENE,003084,1,1.0,1.0,1,0
GRUNDY - 003152,GRUNDY,003152,4,1.0,1.0,1,0
GRUNDY - 003153,GRUNDY,003153,4,1.0,1.0,1,0
GRUNDY - 003154,GRUNDY,003154,4,1.0,1.0,1,0
GRUNDY - 003155,GRUNDY,003155,4,1.0,1.0,1,0
GRUNDY - 003156,GRUNDY,003156,4,1.0,1.0,1,0
GRUNDY - 003157,GRUNDY,003157,4,1.0,1.0,1,0
GRUNDY - 003160,GRUNDY,003160,4,1.0,1.0,1,0
GRUNDY - 003161,GRUNDY,003161,4,1.0,1.0,1,0
GRUNDY - 003162,GRUNDY,003162,4,1.0,1.0,1,0
GRUNDY - 003163,GRUNDY,003163,4,1.0,1.0,1,0
HAMBLEN - 003251,HAMBLEN,003251,1,1.0,1.0,1,0
HAMBLEN - 003252,HAMBLEN,003252,1,1.0,1.0,1,0
HAMBLEN - 003253,HAMBLEN,003253,1,1.0,1.0,1,0
HAMBLEN - 003254,HAMBLEN,003254,1,1.0,1.0,1,0
HAMBLEN - 003255,HAMBLEN,003255,1,1.0,1.0,1,0
HAMBLEN - 003256,HAMBLEN,003256,1,0.9997767069,1.0,2,1
HAMBLEN - 003257,HAMBLEN,003257,1,0.9991101789,1.0,2,1
HAMBLEN - 003258,HAMBLEN,003258,1,1.0,1.0,1,0
HAMBLEN - 003259,HAMBLEN,003259,1,1.0,1.0,1,0
HAMBLEN - 003260,HAMBLEN,003260,1,1.0,1.0,1,0
HAMBLEN - 003261,HAMBLEN,003261,1,1.0,1.0,1,0
HAMBLEN - 003262,HAMBLEN,003262,1,1.0,1.0,1,0
HAMBLEN - 003263,HAMBLEN,003263,1,1.0,1.0,1,0
HAMBLEN - 003264,HAMBLEN,003264,1,0.9993557363,1.0,2,1
HAMBLEN - 003265,HAMBLEN,003265,1,0.9995582385,1.0,2,1
HAMBLEN - 003266,HAMBLEN,003266,1,1.0,1.0,1,0
HAMBLEN - 003267,HAMBLEN,003267,1,1.0,1.0,1,0
HAMILTON - 003351,HAMILTON,003351,3,1.0,1.0,1,0
HAMILTON - 003352,HAMILTON,003352,3,0.9998053068,0.9998053068,1,0
HAMILTON - 003353,HAMILTON,003353,3,1.0,1.0,1,0
HAMILTON - 003354,HAMILTON,003354,3,1.0,1.0,1,0
HAMILTON - 003355,HAMILTON,003355,3,0.9999779135,0.9999779135,1,0
HAMILTON - 003356,HAMILTON,003356,3,1.0,1.0,1,0
HAMILTON - 003357,HAMILTON,003357,3,1.0,1.0,1,0
HAMILTON - 003358,HAMILTON,003358,3,1.0,1.0,1,0
HAMILTON - 003359,HAMILTON,003359,3,0.9999900805,1.0,2,1
HAMILTON - 003360,HAMILTON,003360,3,1.0,1.0,1,0
HAMILTON - 003361,HAMILTON,003361,3,0.9998740718,1.0,2,1
HAMILTON - 003362,HAMILTON,003362,3,1.0,1.0,1,0
HAMILTON - 003363,HAMILTON,003363,3,1.0,1.0,1,0
HAMILTON - 003364,HAMILTON,003364,3,1.0,1.0,1,0
HAMILTON - 003365,HAMILTON,003365,3,1.0,1.0,1,0
HAMILTON - 003367,HAMILTON,003367,3,1.0,1.0,1,0
HAMILTON - 003368,HAMILTON,003368,3,1.0,1.0,1,0
HAMILTON - 003369,HAMILTON,003369,3,1.0,1.0,1,0
HAMILTON - 003370,HAMILTON,003370,3,1.0,1.0,1,0
HAMILTON - 003371,HAMILTON,003371,3,1.0,1.0,1,0
HAMILTON - 003372,HAMILTON,003372,3,1.0,1.0,1,0
HAMILTON - 003374,HAMILTON,003374,3,1.0,1.0,1,0
HAMILTON - 003375,HAMILTON,003375,3,1.0,1.0,1,0
HAMILTON - 003376,HAMILTON,003376,3,1.0,1.0,1,0
HAMILTON - 003377,HAMILTON,003377,3,1.0,1.0,1,0
HAMILTON - 003378,HAMILTON,003378,3,1.0,1.0,1,0
HAMILTON - 003379,HAMILTON,003379,3,1.0,1.0,1,0
HAMILTON - 003380,HAMILTON,003380,3,1.0,1.0,1,0
HAMILTON - 003381,HAMILTON,003381,3,1.0,1.0,1,0
HAMILTON - 003382,HAMILTON,003382,3,1.0,1.0,1,0
HAMILTON - 003383,HAMILTON,003383,3,1.0,1.0,1,0
HAMILTON - 003384,HAMILTON,003384,3,1.0,1.0,1,0
HAMILTON - 003385,HAMILTON,003385,3,1.0,1.0,1,0
HAMILTON - 003386,HAMILTON,003386,3,1.0,1.0,1,0
HAMILTON - 003387,HAMILTON,003387,3,1.0,1.0,1,0
HAMILTON - 003388,HAMILTON,003388,3,0.9999824168,0.9999824168,1,0
HAMILTON - 003389,HAMILTON,003389,3,1.0,1.0,1,0
HAMILTON - 003390,HAMILTON,003390,3,1.0,1.0,1,0
HAMILTON - 003391,HAMILTON,003391,3,0.9998744431,0.9998744431,1,0
HAMILTON - 003392,HAMILTON,003392,3,1.0,1.0,1,0
HAMILTON - 003393,HAMILTON,003393,3,1.0,1.0,1,0
HAMILTON - 003394,HAMILTON,003394,3,0.9993691362,0.9993691362,1,0
HAMILTON - 003395,HAMILTON,003395,3,0.9994012302,0.9994012302,1,0
HAMILTON - 003396,HAMILTON,003396,3,1.0,1.0,1,0
HAMILTON - 003397,HAMILTON,003397,3,1.0,1.0,1,0
HAMILTON - 003398,HAMILTON,003398,3,1.0,1.0,1,0
HAMILTON - 003399,HAMILTON,003399,3,1.0,1.0,1,0
HAMILTON - 003400,HAMILTON,003400,3,1.0,1.0,1,0
HAMILTON - 003401,HAMILTON,003401,3,0.9999140773,1.0,2,1
HAMILTON - 003402,HAMILTON,003402,3,1.0,1.0,1,0
HAMILTON - 003403,HAMILTON,003403,3,0.9999897788,1.0,2,1
HAMILTON - 003404,HAMILTON,003404,3,1.0,1.0,1,0
HAMILTON - 003405,HAMILTON,003405,3,1.0,1.0,1,0
HAMILTON - 003406,HAMILTON,003406,3,1.0,1.0,1,0
HAMILTON - 003407,HAMILTON,003407,3,1.0,1.0,1,0
HAMILTON - 003408,HAMILTON,003408,3,1.0,1.0,1,0
HAMILTON - 003409,HAMILTON,003409,3,1.0,1.0,1,0
HAMILTON - 003410,HAMILTON,003410,3,1.0,1.0,1,0
HAMILTON - 003411,HAMILTON,003411,3,1.0,1.0,1,0
HAMILTON - 003412,HAMILTON,003412,3,1.0,1.0,1,0
HAMILTON - 003413,HAMILTON,003413,3,1.0,1.0,1,0
HAMILTON - 003414,HAMILTON,003414,3,1.0,1.0,1,0
HAMILTON - 003415,HAMILTON,003415,3,1.0,1.0,1,0
HAMILTON - 003416,HAMILTON,003416,3,1.0,1.0,1,0
HAMILTON - 003417,HAMILTON,003417,3,1.0,1.0,1,0
HAMILTON - 003418,HAMILTON,003418,3,1.0,1.0,1,0
HAMILTON - 003419,HAMILTON,003419,3,0.999976909,0.999976909,1,0
HAMILTON - 003420,HAMILTON,003420,3,1.0,1.0,1,0
HAMILTON - 003421,HAMILTON,003421,3,0.9987281402,0.999954013,2,1
HAMILTON - 003422,HAMILTON,003422,3,1.0,1.0,1,0
HAMILTON - 003423,HAMILTON,003423,3,1.0,1.0,1,0
HAMILTON - 003424,HAMILTON,003424,3,1.0,1.0,1,0
HAMILTON - 003425,HAMILTON,003425,3,1.0,1.0,1,0
HAMILTON - 003426,HAMILTON,003426,3,0.9999990696,0.9999990696,1,0
HAMILTON - 003427,HAMILTON,003427,3,1.0,1.0,1,0
HAMILTON - 003428,HAMILTON,003428,3,1.0,1.0,1,0
HAMILTON - 003429,HAMILTON,003429,3,0.9999972708,1.0,2,1
HAMILTON - 003430,HAMILTON,003430,3,1.0,1.0,1,0
HAMILTON - 003431,HAMILTON,003431,3,0.9998952753,1.0,2,1
HAMILTON - 003432,HAMILTON,003432,3,1.0,1.0,1,0
HAMILTON - 003433,HAMILTON,003433,3,1.0,1.0,1,0
HAMILTON - 003434,HAMILTON,003434,3,1.0,1.0,1,0
HAMILTON - 003435,HAMILTON,003435,3,1.0,1.0,1,0
HAMILTON - 003436,HAMILTON,003436,3,1.0,1.0,1,0
HAMILTON - 003437,HAMILTON,003437,3,1.0,1.0,1,0
HAMILTON - 003438,HAMILTON,003438,3,1.0,1.0,1,0
HAMILTON - 003439,HAMILTON,003439,3,1.0,1.0,1,0
HAMILTON - 003440,HAMILTON,003440,3,1.0,1.0,1,0
HAMILTON - 003441,HAMILTON,003441,3,1.0,1.0,1,0
HAMILTON - 003442,HAMILTON,003442,3,1.0,1.0,1,0
HAMILTON - 003443,HAMILTON,003443,3,1.0,1.0,1,0
HAMILTON - 003444,HAMILTON,003444,3,1.0,1.0,1,0
HAMILTON - 003445,HAMILTON,003445,3,1.0,1.0,1,0
HAMILTON - 003446,HAMILTON,003446,3,1.0,1.0,1,0
HAMILTON - 003447,HAMILTON,003447,3,1.0,1.0,1,0
HAMILTON - 003448,HAMILTON,003448,3,1.0,1.0,1,0
HAMILTON - 003449,HAMILTON,003449,3,1.0,1.0,1,0
HAMILTON - 003450,HAMILTON,003450,3,1.0,1.0,1,0
HAMILTON - 003451,HAMILTON,003451,3,1.0,1.0,1,0
HAMILTON - 003452,HAMILTON,003452,3,1.0,1.0,1,0
HAMILTON - 003453,HAMILTON,003453,3,1.0,1.0,1,0
HAMILTON - 003454,HAMILTON,003454,3,1.0,1.0,1,0
HAMILTON - 003455,HAMILTON,003455,3,0.9996524471,1.0,2,1
HAMILTON - 003456,HAMILTON,003456,3,0.9999976436,1.0,2,1
HAMILTON - 003457,HAMILTON,003457,3,1.0,1.0,1,0
HAMILTON - 003458,HAMILTON,003458,3,1.0,1.0,1,0
HAMILTON - 003459,HAMILTON,003459,3,1.0,1.0,1,0
HAMILTON - 003460,HAMILTON,003460,3,1.0,1.0,1,0
HAMILTON - 003461,HAMILTON,003461,3,1.0,1.0,1,0
HAMILTON - 003462,HAMILTON,003462,3,1.0,1.0,1,0
HAMILTON - 003463,HAMILTON,003463,3,0.999895521,0.999895521,1,0
HAMILTON - 003464,HAMILTON,003464,3,1.0,1.0,1,0
HAMILTON - 003465,HAMILTON,003465,3,1.0,1.0,1,0
HAMILTON - 003466,HAMILTON,003466,3,1.0,1.0,1,0
HAMILTON - 003467,HAMILTON,003467,3,1.0,1.0,1,0
HAMILTON - 003468,HAMILTON,003468,3,1.0,1.0,1,0
HAMILTON - 003469,HAMILTON,003469,3,1.0,1.0,1,0
HAMILTON - 003470,HAMILTON,003470,3,1.0,1.0,1,0
HAMILTON - 003471,HAMILTON,003471,3,0.9993136815,1.0,2,1
HAMILTON - 003472,HAMILTON,003472,3,1.0,1.0,1,0
HAMILTON - 003473,HAMILTON,003473,3,1.0,1.0,1,0
HAMILTON - 003474,HAMILTON,003474,3,0.9997615518,0.9997615518,1,0
HAMILTON - 003475,HAMILTON,003475,3,1.0,1.0,1,0
HAMILTON - 003476,HAMILTON,003476,3,1.0,1.0,1,0
HAMILTON - 003477,HAMILTON,003477,3,1.0,1.0,1,0
HANCOCK - 000001,HANCOCK,000001,1,0.9996523765,1.0,2,1
HANCOCK - 000002,HANCOCK,000002,1,1.0,1.0,1,0
HANCOCK - 000003,HANCOCK,000003,1,0.9999712521,0.9999712521,1,0
HANCOCK - 000004,HANCOCK,000004,1,0.9999424055,0.9999424055,1,0
HANCOCK - 000005,HANCOCK,000005,1,0.9998928079,0.9999756751,2,1
HANCOCK - 000006,HANCOCK,000006,1,1.0,1.0,1,0
HANCOCK - 000007,HANCOCK,000007,1,0.9999299645,1.0,2,1
HARDEMAN - 003601,HARDEMAN,003601,8,1.0,1.0,1,0
HARDEMAN - 003602,HARDEMAN,003602,8,1.0,1.0,1,0
HARDEMAN - 003603,HARDEMAN,003603,8,1.0,1.0,1,0
HARDEMAN - 003604,HARDEMAN,003604,8,1.0,1.0,1,0
HARDEMAN - 003605,HARDEMAN,003605,8,0.999985505,0.999985505,1,0
HARDEMAN - 003606,HARDEMAN,003606,8,1.0,1.0,1,0
HARDEMAN - 003607,HARDEMAN,003607,8,1.0,1.0,1,0
HARDEMAN - 003608,HARDEMAN,003608,8,1.0,1.0,1,0
HARDEMAN - 003609,HARDEMAN,003609,8,1.0,1.0,1,0
HARDEMAN - 003610,HARDEMAN,003610,8,1.0,1.0,1,0
HARDEMAN - 003611,HARDEMAN,003611,8,0.99994752,0.99994752,1,0
HARDEMAN - 003612,HARDEMAN,003612,8,0.9999945149,0.9999945149,1,0
HARDEMAN - 003613,HARDEMAN,003613,8,0.9999294334,0.9999294334,1,0
HARDIN - 003701,HARDIN,003701,8,1.0,1.0,1,0
HARDIN - 003702,HARDIN,003702,8,1.0,1.0,1,0
HARDIN - 003703,HARDIN,003703,8,1.0,1.0,1,0
HARDIN - 003704,HARDIN,003704,8,1.0,1.0,1,0
HARDIN - 003705,HARDIN,003705,8,1.0,1.0,1,0
HARDIN - 003706,HARDIN,003706,8,0.9996933821,1.0,2,1
HARDIN - 003707,HARDIN,003707,8,1.0,1.0,1,0
HARDIN - 003708,HARDIN,003708,8,1.0,1.0,1,0
HARDIN - 003709,HARDIN,003709,8,0.9999999384,1.0,2,1
HARDIN - 003710,HARDIN,003710,8,1.0,1.0,1,0
HARDIN - 003711,HARDIN,003711,8,0.9997597558,1.0,2,1
HARDIN - 003712,HARDIN,003712,8,1.0,1.0,1,0
HARDIN - 003713,HARDIN,003713,8,0.999946381,0.999946381,1,0
HARDIN - 003714,HARDIN,003714,8,0.9999117432,0.9999117432,1,0
HARDIN - 003715,HARDIN,003715,8,0.9999789371,0.9999797842,2,1
HARDIN - 003716,HARDIN,003716,8,1.0,1.0,1,0
HARDIN - 003717,HARDIN,003717,8,1.0,1.0,1,0
HARDIN - 003718,HARDIN,003718,8,0.9996354456,1.0,2,1
HAWKINS - 003801,HAWKINS,003801,1,1.0,1.0,1,0
HAWKINS - 003802,HAWKINS,003802,1,1.0,1.0,1,0
HAWKINS - 003803,HAWKINS,003803,1,1.0,1.0,1,0
HAWKINS - 003805,HAWKINS,003805,1,1.0,1.0,1,0
HAWKINS - 003806,HAWKINS,003806,1,1.0,1.0,1,0
HAWKINS - 003808,HAWKINS,003808,1,0.9997938847,0.9997938847,1,0
HAWKINS - 003809,HAWKINS,003809,1,1.0,1.0,1,0
HAWKINS - 003811,HAWKINS,003811,1,0.9999661656,0.9999661656,1,0
HAWKINS - 003812,HAWKINS,003812,1,1.0,1.0,1,0
HAWKINS - 003813,HAWKINS,003813,1,1.0,1.0,1,0
HAWKINS - 003814,HAWKINS,003814,1,1.0,1.0,1,0
HAWKINS - 003816,HAWKINS,003816,1,1.0,1.0,1,0
HAWKINS - 003817,HAWKINS,003817,1,0.9999137778,1.0,2,1
HAWKINS - 003818,HAWKINS,003818,1,1.0,1.0,1,0
HAWKINS - 003819,HAWKINS,003819,1,1.0,1.0,1,0
HAWKINS - 003820,HAWKINS,003820,1,1.0,1.0,1,0
HAWKINS - 003823,HAWKINS,003823,1,1.0,1.0,1,0
HAWKINS - 003824,HAWKINS,003824,1,1.0,1.0,1,0
HAWKINS - 003825,HAWKINS,003825,1,1.0,1.0,1,0
HAWKINS - 003826,HAWKINS,003826,1,1.0,1.0,1,0
HAYWOOD - 003901,HAYWOOD,003901,8,1.0,1.0,1,0
HAYWOOD - 003902,HAYWOOD,003902,8,1.0,1.0,1,0
HAYWOOD - 003903,HAYWOOD,003903,8,1.0,1.0,1,0
HAYWOOD - 003904,HAYWOOD,003904,8,1.0,1.0,1,0
HAYWOOD - 003905,HAYWOOD,003905,8,1.0,1.0,1,0
HAYWOOD - 003906,HAYWOOD,003906,8,1.0,1.0,1,0
HAYWOOD - 003910,HAYWOOD,003910,8,1.0,1.0,1,0
HAYWOOD - 003912,HAYWOOD,003912,8,1.0,1.0,1,0
HAYWOOD - 003913,HAYWOOD,003913,8,1.0,1.0,1,0
HAYWOOD - 003914,HAYWOOD,003914,8,1.0,1.0,1,0
HAYWOOD - 003915,HAYWOOD,003915,8,1.0,1.0,1,0
HENDERSON - 004001,HENDERSON,004001,8,1.0,1.0,1,0
HENDERSON - 004002,HENDERSON,004002,8,1.0,1.0,1,0
HENDERSON - 004003,HENDERSON,004003,8,1.0,1.0,1,0
HENDERSON - 004004,HENDERSON,004004,8,1.0,1.0,1,0
HENDERSON - 004005,HENDERSON,004005,8,1.0,1.0,1,0
HENDERSON - 004006,HENDERSON,004006,8,1.0,1.0,1,0
HENDERSON - 004007,HENDERSON,004007,8,1.0,1.0,1,0
HENDERSON - 004008,HENDERSON,004008,8,0.9999988702,1.0,2,1
HENDERSON - 004009,HENDERSON,004009,8,0.9999460596,1.0,2,1
HENDERSON - 004010,HENDERSON,004010,8,1.0,1.0,1,0
HENDERSON - 004011,HENDERSON,004011,8,1.0,1.0,1,0
HENDERSON - 004012,HENDERSON,004012,8,0.9999715485,1.0,2,1
HENDERSON - 004013,HENDERSON,004013,8,1.0,1.0,1,0
HENDERSON - 004014,HENDERSON,004014,8,0.9999999996,1.0,2,1
HENDERSON - 004015,HENDERSON,004015,8,0.999999681,1.0,2,1
HENRY - 004101,HENRY,004101,8,0.9999737023,0.9999737023,1,0
HENRY - 004102,HENRY,004102,8,1.0,1.0,1,0
HENRY - 004103,HENRY,004103,8,0.9999844815,1.0,2,1
HENRY - 004104,HENRY,004104,8,1.0,1.0,1,0
HENRY - 004105,HENRY,004105,8,1.0,1.0,1,0
HENRY - 004106,HENRY,004106,8,1.0,1.0,1,0
HENRY - 004107,HENRY,004107,8,0.9999556233,0.9999556233,1,0
HENRY - 004108,HENRY,004108,8,1.0,1.0,1,0
HENRY - 004109,HENRY,004109,8,1.0,1.0,1,0
HENRY - 004110,HENRY,004110,8,1.0,1.0,1,0
HENRY - 004111,HENRY,004111,8,0.9991789581,1.0,2,1
HENRY - 004112,HENRY,004112,8,0.9999139694,0.9999957671,2,1
HENRY - 004113,HENRY,004113,8,0.9997380965,1.0,2,1
HICKMAN - 004201,HICKMAN,004201,7,1.0,1.0,1,0
HICKMAN - 004202,HICKMAN,004202,7,1.0,1.0,1,0
HICKMAN - 004203,HICKMAN,004203,7,1.0,1.0,1,0
HICKMAN - 004204,HICKMAN,004204,7,1.0,1.0,1,0
HICKMAN - 004205,HICKMAN,004205,7,1.0,1.0,1,0
HICKMAN - 004206,HICKMAN,004206,7,0.9999856314,1.0,2,1
HICKMAN - 004207,HICKMAN,004207,7,1.0,1.0,1,0
HICKMAN - 004208,HICKMAN,004208,7,0.9997433956,1.0,2,1
HICKMAN - 004209,HICKMAN,004209,7,1.0,1.0,1,0
HICKMAN - 004210,HICKMAN,004210,7,0.9998639955,1.0,2,1
HICKMAN - 004211,HICKMAN,004211,7,0.9998141972,1.0,2,1
HICKMAN - 004212,HICKMAN,004212,7,1.0,1.0,1,0
HICKMAN - 004213,HICKMAN,004213,7,1.0,1.0,1,0
HICKMAN - 004214,HICKMAN,004214,7,1.0,1.0,1,0
HOUSTON - 004301,HOUSTON,004301,7,1.0,1.0,1,0
HOUSTON - 004302,HOUSTON,004302,7,1.0,1.0,1,0
HOUSTON - 004303,HOUSTON,004303,7,1.0,1.0,1,0
HOUSTON - 004304,HOUSTON,004304,7,1.0,1.0,1,0
HOUSTON - 004305,HOUSTON,004305,7,1.0,1.0,1,0
HOUSTON - 004306,HOUSTON,004306,7,1.0,1.0,1,0
HOUSTON - 004307,HOUSTON,004307,7,1.0,1.0,1,0
HUMPHREYS - 004401,HUMPHREYS,004401,7,1.0,1.0,1,0
HUMPHREYS - 004402,HUMPHREYS,004402,7,1.0,1.0,1,0
HUMPHREYS - 004403,HUMPHREYS,004403,7,1.0,1.0,1,0
HUMPHREYS - 004404,HUMPHREYS,004404,7,1.0,1.0,1,0
HUMPHREYS - 004405,HUMPHREYS,004405,7,1.0,1.0,1,0
HUMPHREYS - 004406,HUMPHREYS,004406,7,1.0,1.0,1,0
HUMPHREYS - 004407,HUMPHREYS,004407,7,1.0,1.0,1,0
HUMPHREYS - 004408,HUMPHREYS,004408,7,1.0,1.0,1,0
JACKSON - 004501,JACKSON,004501,6,1.0,1.0,1,0
JACKSON - 004502,JACKSON,004502,6,1.0,1.0,1,0
JACKSON - 004503,JACKSON,004503,6,1.0,1.0,1,0
JACKSON - 004504,JACKSON,004504,6,1.0,1.0,1,0
JACKSON - 004505,JACKSON,004505,6,1.0,1.0,1,0
JACKSON - 004506,JACKSON,004506,6,1.0,1.0,1,0
JACKSON - 004507,JACKSON,004507,6,1.0,1.0,1,0
JACKSON - 004508,JACKSON,004508,6,1.0,1.0,1,0
JACKSON - 004509,JACKSON,004509,6,1.0,1.0,1,0
JACKSON - 004510,JACKSON,004510,6,1.0,1.0,1,0
JACKSON - 004511,JACKSON,004511,6,1.0,1.0,1,0
JACKSON - 004512,JACKSON,004512,6,1.0,1.0,1,0
JEFFERSON - 004601,JEFFERSON,004601,1,1.0,1.0,1,0
JEFFERSON - 004602,JEFFERSON,004602,1,0.9995956129,1.0,2,1
JEFFERSON - 004603,JEFFERSON,004603,1,1.0,1.0,1,0
JEFFERSON - 004604,JEFFERSON,004604,1,1.0,1.0,1,0
JEFFERSON - 004605,JEFFERSON,004605,1,0.9998135809,1.0,2,1
JEFFERSON - 004606,JEFFERSON,004606,1,1.0,1.0,1,0
JEFFERSON - 004607,JEFFERSON,004607,1,0.6238411171,1.0,2,1
JEFFERSON - 004608,JEFFERSON,004608,1,0.9998603241,1.0,2,1
JEFFERSON - 004609,JEFFERSON,004609,1,1.0,1.0,1,0
JEFFERSON - 004610,JEFFERSON,004610,1,1.0,1.0,1,0
JEFFERSON - 004611,JEFFERSON,004611,1,1.0,1.0,1,0
JOHNSON - 004701,JOHNSON,004701,1,0.9992087262,0.9992087262,1,0
JOHNSON - 004702,JOHNSON,004702,1,1.0,1.0,1,0
JOHNSON - 004703,JOHNSON,004703,1,0.999758444,0.999758444,1,0
JOHNSON - 004704,JOHNSON,004704,1,0.9997333053,0.9997333053,1,0
JOHNSON - 004705,JOHNSON,004705,1,1.0,1.0,1,0
JOHNSON - 004706,JOHNSON,004706,1,0.9999936634,0.9999936634,1,0
JOHNSON - 004707,JOHNSON,004707,1,1.0,1.0,1,0
JOHNSON - 004708,JOHNSON,004708,1,1.0,1.0,1,0
JOHNSON - 004709,JOHNSON,004709,1,0.9998222822,0.9998222822,1,0
JOHNSON - 004710,JOHNSON,004710,1,0.9983944295,0.9983944295,1,0
KNOX - 004801,KNOX,004801,2,1.0,1.0,1,0
KNOX - 004802,KNOX,004802,2,1.0,1.0,1,0
KNOX - 004803,KNOX,004803,2,1.0,1.0,1,0
KNOX - 004804,KNOX,004804,2,1.0,1.0,1,0
KNOX - 004805,KNOX,004805,2,1.0,1.0,1,0
KNOX - 004806,KNOX,004806,2,1.0,1.0,1,0
KNOX - 004807,KNOX,004807,2,1.0,1.0,1,0
KNOX - 004808,KNOX,004808,2,1.0,1.0,1,0
KNOX - 004809,KNOX,004809,2,1.0,1.0,1,0
KNOX - 004810,KNOX,004810,2,0.9988081972,1.0,2,1
KNOX - 004811,KNOX,004811,2,1.0,1.0,1,0
KNOX - 004812,KNOX,004812,2,1.0,1.0,1,0
KNOX - 004813,KNOX,004813,2,1.0,1.0,1,0
KNOX - 004814,KNOX,004814,2,1.0,1.0,1,0
KNOX - 004815,KNOX,004815,2,0.9998772505,1.0,2,1
KNOX - 004816,KNOX,004816,2,1.0,1.0,1,0
KNOX - 004817,KNOX,004817,2,0.9998344157,1.0,2,1
KNOX - 004818,KNOX,004818,2,1.0,1.0,1,0
KNOX - 004819,KNOX,004819,2,1.0,1.0,1,0
KNOX - 004820,KNOX,004820,2,1.0,1.0,1,0
KNOX - 004821,KNOX,004821,2,1.0,1.0,1,0
KNOX - 004822,KNOX,004822,2,0.9991961509,1.0,2,1
KNOX - 004823,KNOX,004823,2,1.0,1.0,1,0
KNOX - 004824,KNOX,004824,2,1.0,1.0,1,0
KNOX - 004826,KNOX,004826,2,1.0,1.0,1,0
KNOX - 004827,KNOX,004827,2,1.0,1.0,1,0
KNOX - 004828,KNOX,004828,2,1.0,1.0,1,0
KNOX - 004829,KNOX,004829,2,1.0,1.0,1,0
KNOX - 004831,KNOX,004831,2,1.0,1.0,1,0
KNOX - 004832,KNOX,004832,2,1.0,1.0,1,0
KNOX - 004833,KNOX,004833,2,1.0,1.0,1,0
KNOX - 004834,KNOX,004834,2,1.0,1.0,1,0
KNOX - 004835,KNOX,004835,2,1.0,1.0,1,0
KNOX - 004836,KNOX,004836,2,1.0,1.0,1,0
KNOX - 004837,KNOX,004837,2,1.0,1.0,1,0
KNOX - 004838,KNOX,004838,2,1.0,1.0,1,0
KNOX - 004839,KNOX,004839,2,1.0,1.0,1,0
KNOX - 004840,KNOX,004840,2,1.0,1.0,1,0
KNOX - 004841,KNOX,004841,2,1.0,1.0,1,0
KNOX - 004842,KNOX,004842,2,1.0,1.0,1,0
KNOX - 004844,KNOX,004844,2,0.9993552483,1.0,2,1
KNOX - 004845,KNOX,004845,2,1.0,1.0,1,0
KNOX - 004846,KNOX,004846,2,0.9989416749,1.0,2,1
KNOX - 004847,KNOX,004847,2,1.0,1.0,1,0
KNOX - 004848,KNOX,004848,2,1.0,1.0,1,0
KNOX - 004849,KNOX,004849,2,0.9974208599,1.0,2,1
KNOX - 004850,KNOX,004850,2,1.0,1.0,1,0
KNOX - 004851,KNOX,004851,2,1.0,1.0,1,0
KNOX - 004852,KNOX,004852,2,1.0,1.0,1,0
KNOX - 004853,KNOX,004853,2,1.0,1.0,1,0
KNOX - 004854,KNOX,004854,2,1.0,1.0,1,0
KNOX - 004855,KNOX,004855,2,1.0,1.0,1,0
KNOX - 004856,KNOX,004856,2,1.0,1.0,1,0
KNOX - 004857,KNOX,004857,2,1.0,1.0,1,0
KNOX - 004858,KNOX,004858,2,1.0,1.0,1,0
KNOX - 004859,KNOX,004859,2,1.0,1.0,1,0
KNOX - 004860,KNOX,004860,2,1.0,1.0,1,0
KNOX - 004861,KNOX,004861,2,1.0,1.0,1,0
KNOX - 004862,KNOX,004862,2,1.0,1.0,1,0
KNOX - 004863,KNOX,004863,2,1.0,1.0,1,0
KNOX - 004864,KNOX,004864,2,1.0,1.0,1,0
KNOX - 004865,KNOX,004865,2,1.0,1.0,1,0
KNOX - 004867,KNOX,004867,2,1.0,1.0,1,0
KNOX - 004868,KNOX,004868,2,1.0,1.0,1,0
KNOX - 004870,KNOX,004870,2,1.0,1.0,1,0
KNOX - 004871,KNOX,004871,2,1.0,1.0,1,0
KNOX - 004872,KNOX,004872,2,1.0,1.0,1,0
KNOX - 004873,KNOX,004873,2,1.0,1.0,1,0
KNOX - 004875,KNOX,004875,2,1.0,1.0,1,0
KNOX - 004876,KNOX,004876,2,1.0,1.0,1,0
KNOX - 004877,KNOX,004877,2,1.0,1.0,1,0
KNOX - 004879,KNOX,004879,2,1.0,1.0,1,0
KNOX - 004880,KNOX,004880,2,1.0,1.0,1,0
KNOX - 004881,KNOX,004881,2,1.0,1.0,1,0
KNOX - 004882,KNOX,004882,2,1.0,1.0,1,0
KNOX - 004883,KNOX,004883,2,1.0,1.0,1,0
KNOX - 004884,KNOX,004884,2,1.0,1.0,1,0
KNOX - 004885,KNOX,004885,2,1.0,1.0,1,0
KNOX - 004886,KNOX,004886,2,1.0,1.0,1,0
KNOX - 004887,KNOX,004887,2,1.0,1.0,1,0
KNOX - 004888,KNOX,004888,2,1.0,1.0,1,0
KNOX - 004890,KNOX,004890,2,0.999043744,1.0,2,1
KNOX - 004891,KNOX,004891,2,1.0,1.0,1,0
KNOX - 004892,KNOX,004892,2,0.999738364,1.0,2,1
KNOX - 004893,KNOX,004893,2,1.0,1.0,1,0
KNOX - 004894,KNOX,004894,2,1.0,1.0,1,0
KNOX - 004895,KNOX,004895,2,1.0,1.0,1,0
KNOX - 004896,KNOX,004896,2,1.0,1.0,1,0
KNOX - 004897,KNOX,004897,2,1.0,1.0,1,0
LAKE - 004951,LAKE,004951,8,0.9999180391,0.9999180391,1,0
LAKE - 004952,LAKE,004952,8,0.9999729614,0.9999729614,1,0
LAKE - 004953,LAKE,004953,8,0.9998776802,0.9998776802,1,0
LAUDERDALE - 005051,LAUDERDALE,005051,8,0.9999025582,0.9999025582,1,0
LAUDERDALE - 005052,LAUDERDALE,005052,8,1.0,1.0,1,0
LAUDERDALE - 005053,LAUDERDALE,005053,8,1.0,1.0,1,0
LAUDERDALE - 005054,LAUDERDALE,005054,8,1.0,1.0,1,0
LAUDERDALE - 005056,LAUDERDALE,005056,8,1.0,1.0,1,0
LAUDERDALE - 005057,LAUDERDALE,005057,8,1.0,1.0,1,0
LAUDERDALE - 005058,LAUDERDALE,005058,8,1.0,1.0,1,0
LAUDERDALE - 005060,LAUDERDALE,005060,8,0.9993307854,0.9996724821,2,1
LAUDERDALE - 005063,LAUDERDALE,005063,8,1.0,1.0,1,0
LAUDERDALE - 005064,LAUDERDALE,005064,8,0.9991702108,1.0,2,1
LAWRENCE - 005151,LAWRENCE,005151,4,0.9999581371,0.9999581371,1,0
LAWRENCE - 005152,LAWRENCE,005152,4,1.0,1.0,1,0
LAWRENCE - 005153,LAWRENCE,005153,4,0.9999554717,0.9999554717,1,0
LAWRENCE - 005154,LAWRENCE,005154,4,1.0,1.0,1,0
LAWRENCE - 005155,LAWRENCE,005155,4,1.0,1.0,1,0
LAWRENCE - 005156,LAWRENCE,005156,4,0.9999461498,1.0,2,1
LAWRENCE - 005157,LAWRENCE,005157,4,1.0,1.0,1,0
LAWRENCE - 005158,LAWRENCE,005158,4,1.0,1.0,1,0
LAWRENCE - 005159,LAWRENCE,005159,4,1.0,1.0,1,0
LAWRENCE - 005160,LAWRENCE,005160,4,0.9999393895,1.0,2,1
LAWRENCE - 005161,LAWRENCE,005161,4,0.9999265092,1.0,2,1
LAWRENCE - 005162,LAWRENCE,005162,4,0.999943834,1.0,2,1
LAWRENCE - 005163,LAWRENCE,005163,4,0.9999851204,1.0,3,1
LAWRENCE - 005164,LAWRENCE,005164,4,1.0,1.0,1,0
LAWRENCE - 005165,LAWRENCE,005165,4,1.0,1.0,1,0
LAWRENCE - 005166,LAWRENCE,005166,4,1.0,1.0,1,0
LAWRENCE - 005167,LAWRENCE,005167,4,1.0,1.0,1,0
LAWRENCE - 005168,LAWRENCE,005168,4,1.0,1.0,1,0
LAWRENCE - 005169,LAWRENCE,005169,4,1.0,1.0,1,0
LAWRENCE - 005170,LAWRENCE,005170,4,0.9999928556,0.9999928556,1,0
LAWRENCE - 005171,LAWRENCE,005171,4,0.9999092308,0.9999971034,2,1
LAWRENCE - 005172,LAWRENCE,005172,4,1.0,1.0,1,0
LAWRENCE - 005173,LAWRENCE,005173,4,1.0,1.0,1,0
LAWRENCE - 005174,LAWRENCE,005174,4,0.999980914,1.0,2,1
LEWIS - 005251,LEWIS,005251,5,0.9998802725,1.0,2,1
LEWIS - 005252,LEWIS,005252,5,0.9998957018,1.0,2,1
LEWIS - 005253,LEWIS,005253,5,0.9994197754,1.0,2,1
LEWIS - 005254,LEWIS,005254,5,0.9999628669,1.0,2,1
LEWIS - 005255,LEWIS,005255,5,0.9999829394,1.0,3,1
LEWIS - 005256,LEWIS,005256,5,1.0,1.0,1,0
LEWIS - 005257,LEWIS,005257,5,1.0,1.0,1,0
LEWIS - 005258,LEWIS,005258,5,1.0,1.0,1,0
LEWIS - 005259,LEWIS,005259,5,1.0,1.0,1,0
LINCOLN - 000001,LINCOLN,000001,4,1.0,1.0,1,0
LINCOLN - 000002,LINCOLN,000002,4,1.0,1.0,1,0
LINCOLN - 000003,LINCOLN,000003,4,0.9999369811,0.9999369811,1,0
LINCOLN - 000004,LINCOLN,000004,4,0.9999970662,1.0,2,1
LINCOLN - 000005,LINCOLN,000005,4,1.0,1.0,1,0
LINCOLN - 000006,LINCOLN,000006,4,0.9999190144,0.9999190144,1,0
LINCOLN - 000007,LINCOLN,000007,4,1.0,1.0,1,0
LINCOLN - 000008,LINCOLN,000008,4,1.0,1.0,1,0
LINCOLN - 000009,LINCOLN,000009,4,0.9999812663,0.9999812663,1,0
LINCOLN - 000010,LINCOLN,000010,4,1.0,1.0,1,0
LINCOLN - 000011,LINCOLN,000011,4,1.0,1.0,1,0
LINCOLN - 000012,LINCOLN,000012,4,1.0,1.0,1,0
LINCOLN - 000013,LINCOLN,000013,4,0.9999102944,0.9999102944,1,0
LINCOLN - 000014,LINCOLN,000014,4,1.0,1.0,1,0
LINCOLN - 000015,LINCOLN,000015,4,1.0,1.0,1,0
LINCOLN - 000016,LINCOLN,000016,4,1.0,1.0,1,0
LINCOLN - 000017,LINCOLN,000017,4,0.9998354442,1.0,2,1
LINCOLN - 000018,LINCOLN,000018,4,1.0,1.0,1,0
LINCOLN - 000019,LINCOLN,000019,4,1.0,1.0,1,0
LINCOLN - 000020,LINCOLN,000020,4,0.9999466513,0.9999466513,1,0
LOUDON - 005451,LOUDON,005451,2,0.9996664104,1.0,2,1
LOUDON - 005452,LOUDON,005452,2,0.9999807752,1.0,2,1
LOUDON - 005453,LOUDON,005453,2,1.0,1.0,1,0
LOUDON - 005454,LOUDON,005454,2,0.9997416623,1.0,2,1
LOUDON - 005455,LOUDON,005455,2,0.9994759593,1.0,2,1
LOUDON - 005456,LOUDON,005456,2,0.999900866,1.0,2,1
LOUDON - 005457,LOUDON,005457,2,1.0,1.0,1,0
LOUDON - 005458,LOUDON,005458,2,1.0,1.0,1,0
LOUDON - 005459,LOUDON,005459,2,1.0,1.0,1,0
LOUDON - 005460,LOUDON,005460,2,1.0,1.0,1,0
LOUDON - 005461,LOUDON,005461,2,1.0,1.0,1,0
LOUDON - 005462,LOUDON,005462,2,0.9999757405,1.0,2,1
LOUDON - 005463,LOUDON,005463,2,0.9995142786,1.0,2,1
LOUDON - 005464,LOUDON,005464,2,1.0,1.0,1,0
LOUDON - 005465,LOUDON,005465,2,1.0,1.0,1,0
MACON - 005551,MACON,005551,6,0.9999477003,0.9999477003,1,0
MACON - 005552,MACON,005552,6,1.0,1.0,1,0
MACON - 005553,MACON,005553,6,0.9999991592,0.9999991592,1,0
MACON - 005554,MACON,005554,6,1.0,1.0,1,0
MACON - 005555,MACON,005555,6,1.0,1.0,1,0
MACON - 005556,MACON,005556,6,0.9999553339,0.9999553339,1,0
MACON - 005557,MACON,005557,6,1.0,1.0,1,0
MACON - 005558,MACON,005558,6,0.9999461323,0.9999461323,1,0
MACON - 005559,MACON,005559,6,1.0,1.0,1,0
MACON - 005560,MACON,005560,6,1.0,1.0,1,0
MADISON - 005651,MADISON,005651,8,1.0,1.0,1,0
MADISON - 005652,MADISON,005652,8,1.0,1.0,1,0
MADISON - 005653,MADISON,005653,8,1.0,1.0,1,0
MADISON - 005654,MADISON,005654,8,1.0,1.0,1,0
MADISON - 005655,MADISON,005655,8,1.0,1.0,1,0
MADISON - 005656,MADISON,005656,8,1.0,1.0,1,0
MADISON - 005657,MADISON,005657,8,1.0,1.0,1,0
MADISON - 005658,MADISON,005658,8,1.0,1.0,1,0
MADISON - 005659,MADISON,005659,8,1.0,1.0,1,0
MADISON - 005660,MADISON,005660,8,1.0,1.0,1,0
MADISON - 005661,MADISON,005661,8,1.0,1.0,1,0
MADISON - 005662,MADISON,005662,8,1.0,1.0,1,0
MADISON - 005663,MADISON,005663,8,1.0,1.0,1,0
MADISON - 005664,MADISON,005664,8,1.0,1.0,1,0
MADISON - 005665,MADISON,005665,8,1.0,1.0,1,0
MADISON - 005666,MADISON,005666,8,1.0,1.0,1,0
MADISON - 005667,MADISON,005667,8,1.0,1.0,1,0
MADISON - 005668,MADISON,005668,8,1.0,1.0,1,0
MADISON - 005669,MADISON,005669,8,1.0,1.0,1,0
MADISON - 005670,MADISON,005670,8,1.0,1.0,1,0
MADISON - 005671,MADISON,005671,8,1.0,1.0,1,0
MADISON - 005672,MADISON,005672,8,1.0,1.0,1,0
MADISON - 005673,MADISON,005673,8,1.0,1.0,1,0
MADISON - 005674,MADISON,005674,8,1.0,1.0,1,0
MADISON - 005675,MADISON,005675,8,1.0,1.0,1,0
MADISON - 005676,MADISON,005676,8,1.0,1.0,1,0
MADISON - 005677,MADISON,005677,8,1.0,1.0,1,0
MADISON - 005678,MADISON,005678,8,1.0,1.0,1,0
MADISON - 005679,MADISON,005679,8,1.0,1.0,1,0
MADISON - 005680,MADISON,005680,8,1.0,1.0,1,0
MADISON - 005681,MADISON,005681,8,1.0,1.0,1,0
MADISON - 005682,MADISON,005682,8,1.0,1.0,1,0
MADISON - 005683,MADISON,005683,8,1.0,1.0,1,0
MARION - 002660,MARION,002660,4,1.0,1.0,1,0
MARION - 005751,MARION,005751,4,0.999423464,1.0,2,1
MARION - 005752,MARION,005752,4,1.0,1.0,1,0
MARION - 005753,MARION,005753,4,0.9996849678,0.9999731377,2,1
MARION - 005754,MARION,005754,4,1.0,1.0,1,0
MARION - 005755,MARION,005755,4,1.0,1.0,1,0
MARION - 005756,MARION,005756,4,1.0,1.0,1,0
MARION - 005757,MARION,005757,4,1.0,1.0,1,0
MARION - 005758,MARION,005758,4,0.9999485337,0.9999485337,1,0
MARION - 005759,MARION,005759,4,0.9999827749,0.9999827749,1,0
MARION - 005760,MARION,005760,4,1.0,1.0,1,0
MARION - 005761,MARION,005761,4,0.9994395543,1.0,2,1
MARION - 005762,MARION,005762,4,0.9999999477,1.0,2,1
MARION - 005763,MARION,005763,4,1.0,1.0,1,0
MARION - 005764,MARION,005764,4,0.99999786,0.99999786,1,0
MARION - 005765,MARION,005765,4,0.9999806542,1.0,2,1
MARION - 005766,MARION,005766,4,1.0,1.0,1,0
MARION - 005767,MARION,005767,4,1.0,1.0,1,0
MARSHALL - 005851,MARSHALL,005851,5,0.9999493982,1.0,2,1
MARSHALL - 005852,MARSHALL,005852,5,0.999741489,1.0,2,1
MARSHALL - 005853,MARSHALL,005853,5,0.9998236737,1.0,2,1
MARSHALL - 005854,MARSHALL,005854,5,0.9999646681,1.0,2,1
MARSHALL - 005855,MARSHALL,005855,5,1.0,1.0,1,0
MARSHALL - 005856,MARSHALL,005856,5,1.0,1.0,1,0
MARSHALL - 005857,MARSHALL,005857,5,1.0,1.0,1,0
MARSHALL - 005858,MARSHALL,005858,5,1.0,1.0,1,0
MARSHALL - 005859,MARSHALL,005859,5,1.0,1.0,1,0
MAURY - 005951,MAURY,005951,5,1.0,1.0,1,0
MAURY - 005952,MAURY,005952,5,0.9999323987,1.0,2,1
MAURY - 005953,MAURY,005953,5,0.9999780558,1.0,2,1
MAURY - 005954,MAURY,005954,5,0.9999577378,1.0,2,1
MAURY - 005956,MAURY,005956,5,1.0,1.0,1,0
MAURY - 005957,MAURY,005957,5,1.0,1.0,1,0
MAURY - 005958,MAURY,005958,5,1.0,1.0,1,0
MAURY - 005959,MAURY,005959,5,1.0,1.0,1,0
MAURY - 005960,MAURY,005960,5,1.0,1.0,1,0
MAURY - 005961,MAURY,005961,5,0.9999642434,1.0,2,1
MAURY - 005962,MAURY,005962,5,0.9997908094,1.0,2,1
MAURY - 005963,MAURY,005963,5,1.0,1.0,1,0
MAURY - 005964,MAURY,005964,5,1.0,1.0,1,0
MAURY - 005965,MAURY,005965,5,1.0,1.0,1,0
MAURY - 005966,MAURY,005966,5,1.0,1.0,1,0
MAURY - 005967,MAURY,005967,5,1.0,1.0,1,0
MAURY - 005968,MAURY,005968,5,0.9995045803,1.0,2,1
MAURY - 005969,MAURY,005969,5,0.9996675978,1.0,2,1
MAURY - 005970,MAURY,005970,5,0.9998943432,1.0,2,1
MAURY - 005971,MAURY,005971,5,1.0,1.0,1,0
MCMINN - 006051,MCMINN,006051,3,1.0,1.0,1,0
MCMINN - 006052,MCMINN,006052,3,1.0,1.0,1,0
MCMINN - 006053,MCMINN,006053,3,0.9998601133,1.0,3,1
MCMINN - 006054,MCMINN,006054,3,1.0,1.0,1,0
MCMINN - 006055,MCMINN,006055,3,1.0,1.0,1,0
MCMINN - 006056,MCMINN,006056,3,1.0,1.0,1,0
MCMINN - 006057,MCMINN,006057,3,1.0,1.0,1,0
MCMINN - 006058,MCMINN,006058,3,0.9995324054,1.0,2,1
MCMINN - 006059,MCMINN,006059,3,0.999646663,1.0,2,1
MCMINN - 006060,MCMINN,006060,3,1.0,1.0,1,0
MCMINN - 006061,MCMINN,006061,3,1.0,1.0,1,0
MCMINN - 006062,MCMINN,006062,3,1.0,1.0,1,0
MCMINN - 006063,MCMINN,006063,3,1.0,1.0,1,0
MCMINN - 006064,MCMINN,006064,3,1.0,1.0,1,0
MCMINN - 006065,MCMINN,006065,3,1.0,1.0,1,0
MCNAIRY - 006151,MCNAIRY,006151,8,1.0,1.0,1,0
MCNAIRY - 006152,MCNAIRY,006152,8,1.0,1.0,1,0
MCNAIRY - 006153,MCNAIRY,006153,8,1.0,1.0,1,0
MCNAIRY - 006154,MCNAIRY,006154,8,1.0,1.0,1,0
MCNAIRY - 006155,MCNAIRY,006155,8,0.999933169,0.999933169,1,0
MCNAIRY - 006156,MCNAIRY,006156,8,1.0,1.0,1,0
MCNAIRY - 006157,MCNAIRY,006157,8,0.9999726805,0.9999726805,1,0
MCNAIRY - 006158,MCNAIRY,006158,8,1.0,1.0,1,0
MCNAIRY - 006159,MCNAIRY,006159,8,1.0,1.0,1,0
MCNAIRY - 006160,MCNAIRY,006160,8,1.0,1.0,1,0
MCNAIRY - 006161,MCNAIRY,006161,8,1.0,1.0,1,0
MCNAIRY - 006162,MCNAIRY,006162,8,1.0,1.0,1,0
MCNAIRY - 006163,MCNAIRY,006163,8,1.0,1.0,1,0
MCNAIRY - 006164,MCNAIRY,006164,8,1.0,1.0,1,0
MCNAIRY - 006165,MCNAIRY,006165,8,0.9999577636,0.9999577636,1,0
MCNAIRY - 006166,MCNAIRY,006166,8,1.0,1.0,1,0
MCNAIRY - 006167,MCNAIRY,006167,8,1.0,1.0,1,0
MEIGS - 006251,MEIGS,006251,4,0.9997913789,1.0,2,1
MEIGS - 006252,MEIGS,006252,4,0.999597222,1.0,2,1
MEIGS - 006253,MEIGS,006253,4,0.9994878319,1.0,2,1
MEIGS - 006254,MEIGS,006254,4,1.0,1.0,1,0
MEIGS - 006255,MEIGS,006255,4,0.9994850481,1.0,2,1
MEIGS - 006256,MEIGS,006256,4,0.999767663,1.0,2,1
MONROE - 006351,MONROE,006351,3,0.9997854948,1.0,2,1
MONROE - 006352,MONROE,006352,3,1.0,1.0,1,0
MONROE - 006353,MONROE,006353,3,1.0,1.0,1,0
MONROE - 006354,MONROE,006354,3,0.9996994404,1.0,2,1
MONROE - 006355,MONROE,006355,3,1.0,1.0,1,0
MONROE - 006356,MONROE,006356,3,1.0,1.0,1,0
MONROE - 006357,MONROE,006357,3,1.0,1.0,1,0
MONROE - 006358,MONROE,006358,3,0.9996206859,1.0,2,1
MONROE - 006359,MONROE,006359,3,1.0,1.0,1,0
MONROE - 006360,MONROE,006360,3,1.0,1.0,1,0
MONROE - 006361,MONROE,006361,3,0.9998042414,0.9998042414,1,0
MONROE - 006362,MONROE,006362,3,0.9996864372,0.9996864372,1,0
MONROE - 006363,MONROE,006363,3,0.9996573419,0.9998456826,2,1
MONTGOMERY - 006451,MONTGOMERY,006451,7,0.9999918563,0.9999918563,1,0
MONTGOMERY - 006452,MONTGOMERY,006452,7,1.0,1.0,1,0
MONTGOMERY - 006453,MONTGOMERY,006453,7,1.0,1.0,1,0
MONTGOMERY - 006454,MONTGOMERY,006454,7,0.999984216,0.999984216,1,0
MONTGOMERY - 006455,MONTGOMERY,006455,7,1.0,1.0,1,0
MONTGOMERY - 006456,MONTGOMERY,006456,7,1.0,1.0,1,0
MONTGOMERY - 006457,MONTGOMERY,006457,7,1.0,1.0,1,0
MONTGOMERY - 006458,MONTGOMERY,006458,7,1.0,1.0,1,0
MONTGOMERY - 006459,MONTGOMERY,006459,7,1.0,1.0,1,0
MONTGOMERY - 006460,MONTGOMERY,006460,7,1.0,1.0,1,0
MONTGOMERY - 006461,MONTGOMERY,006461,7,1.0,1.0,1,0
MONTGOMERY - 006462,MONTGOMERY,006462,7,1.0,1.0,1,0
MONTGOMERY - 006463,MONTGOMERY,006463,7,0.9999995826,0.9999995826,1,0
MONTGOMERY - 006464,MONTGOMERY,006464,7,1.0,1.0,1,0
MONTGOMERY - 006465,MONTGOMERY,006465,7,1.0,1.0,1,0
MONTGOMERY - 006466,MONTGOMERY,006466,7,1.0,1.0,1,0
MONTGOMERY - 006467,MONTGOMERY,006467,7,1.0,1.0,1,0
MONTGOMERY - 006468,MONTGOMERY,006468,7,1.0,1.0,1,0
MONTGOMERY - 006469,MONTGOMERY,006469,7,1.0,1.0,1,0
MONTGOMERY - 006470,MONTGOMERY,006470,7,1.0,1.0,1,0
MONTGOMERY - 006471,MONTGOMERY,006471,7,0.9999884566,0.9999884566,1,0
MONTGOMERY - 006472,MONTGOMERY,006472,7,1.0,1.0,1,0
MONTGOMERY - 006473,MONTGOMERY,006473,7,1.0,1.0,1,0
MONTGOMERY - 006474,MONTGOMERY,006474,7,1.0,1.0,1,0
MONTGOMERY - 006476,MONTGOMERY,006476,7,1.0,1.0,1,0
MONTGOMERY - 006477,MONTGOMERY,006477,7,1.0,1.0,1,0
MONTGOMERY - 006478,MONTGOMERY,006478,7,1.0,1.0,1,0
MONTGOMERY - 006479,MONTGOMERY,006479,7,1.0,1.0,1,0
MONTGOMERY - 006480,MONTGOMERY,006480,7,1.0,1.0,1,0
MOORE - 006551,MOORE,006551,4,1.0,1.0,1,0
MOORE - 006552,MOORE,006552,4,1.0,1.0,1,0
MOORE - 006553,MOORE,006553,4,1.0,1.0,1,0
MOORE - 006554,MOORE,006554,4,1.0,1.0,1,0
MOORE - 006555,MOORE,006555,4,1.0,1.0,1,0
MORGAN - 006651,MORGAN,006651,3,1.0,1.0,1,0
MORGAN - 006652,MORGAN,006652,3,0.9999908265,1.0,2,1
MORGAN - 006653,MORGAN,006653,3,1.0,1.0,1,0
MORGAN - 006654,MORGAN,006654,3,1.0,1.0,1,0
MORGAN - 006655,MORGAN,006655,3,0.9993579701,1.0,2,1
MORGAN - 006656,MORGAN,006656,3,1.0,1.0,1,0
MORGAN - 006657,MORGAN,006657,3,1.0,1.0,1,0
MORGAN - 006658,MORGAN,006658,3,0.9998637472,1.0,2,1
MORGAN - 006659,MORGAN,006659,3,0.9993585257,1.0,2,1
MORGAN - 006660,MORGAN,006660,3,1.0,1.0,1,0
MORGAN - 006661,MORGAN,006661,3,1.0,1.0,1,0
MORGAN - 006662,MORGAN,006662,3,1.0,1.0,1,0
OBION - 006751,OBION,006751,8,0.9999846458,0.9999846458,1,0
OBION - 006752,OBION,006752,8,1.0,1.0,1,0
OBION - 006753,OBION,006753,8,0.9999422511,0.9999422511,1,0
OBION - 006754,OBION,006754,8,1.0,1.0,1,0
OBION - 006755,OBION,006755,8,0.9999980439,0.9999980439,1,0
OBION - 006756,OBION,006756,8,0.9999629026,0.9999629026,1,0
OBION - 006757,OBION,006757,8,1.0,1.0,1,0
OBION - 006758,OBION,006758,8,1.0,1.0,1,0
OBION - 006759,OBION,006759,8,1.0,1.0,1,0
OBION - 006760,OBION,006760,8,1.0,1.0,1,0
OBION - 006761,OBION,006761,8,1.0,1.0,1,0
OBION - 006762,OBION,006762,8,1.0,1.0,1,0
OVERTON - 006851,OVERTON,006851,6,1.0,1.0,1,0
OVERTON - 006852,OVERTON,006852,6,1.0,1.0,1,0
OVERTON - 006853,OVERTON,006853,6,1.0,1.0,1,0
OVERTON - 006854,OVERTON,006854,6,1.0,1.0,1,0
OVERTON - 006855,OVERTON,006855,6,1.0,1.0,1,0
OVERTON - 006856,OVERTON,006856,6,1.0,1.0,1,0
OVERTON - 006857,OVERTON,006857,6,1.0,1.0,1,0
OVERTON - 006858,OVERTON,006858,6,1.0,1.0,1,0
OVERTON - 006859,OVERTON,006859,6,1.0,1.0,1,0
PERRY - 006951,PERRY,006951,7,1.0,1.0,1,0
PERRY - 006952,PERRY,006952,7,1.0,1.0,1,0
PERRY - 006953,PERRY,006953,7,0.999773718,1.0,2,1
PERRY - 006954,PERRY,006954,7,1.0,1.0,1,0
PERRY - 006955,PERRY,006955,7,1.0,1.0,1,0
PERRY - 006956,PERRY,006956,7,1.0,1.0,1,0
PERRY - 006957,PERRY,006957,7,1.0,1.0,1,0
PERRY - 006958,PERRY,006958,7,1.0,1.0,1,0
PERRY - 006959,PERRY,006959,7,0.9999811091,1.0,2,1
PERRY - 006960,PERRY,006960,7,1.0,1.0,1,0
PICKETT - 007051,PICKETT,007051,6,0.9999974449,0.9999974449,1,0
PICKETT - 007052,PICKETT,007052,6,0.9999992245,0.9999992245,1,0
PICKETT - 007053,PICKETT,007053,6,0.9999979105,0.9999979105,1,0
PICKETT - 007054,PICKETT,007054,6,1.0,1.0,1,0
PICKETT - 007055,PICKETT,007055,6,0.9999068689,0.9999068689,1,0
PICKETT - 007056,PICKETT,007056,6,1.0,1.0,1,0
PICKETT - 007057,PICKETT,007057,6,1.0,1.0,1,0
PICKETT - 007058,PICKETT,007058,6,1.0,1.0,1,0
PICKETT - 007059,PICKETT,007059,6,1.0,1.0,1,0
POLK - 007151,POLK,007151,3,1.0,1.0,1,0
POLK - 007152,POLK,007152,3,1.0,1.0,1,0
POLK - 007153,POLK,007153,3,1.0,1.0,1,0
POLK - 007154,POLK,007154,3,0.9999987613,0.9999987613,1,0
POLK - 007155,POLK,007155,3,0.9999205701,0.9999205701,1,0
POLK - 007156,POLK,007156,3,0.9999607045,0.9999607045,1,0
POLK - 007157,POLK,007157,3,1.0,1.0,1,0
POLK - 007158,POLK,007158,3,1.0,1.0,1,0
POLK - 007159,POLK,007159,3,1.0,1.0,1,0
POLK - 007160,POLK,007160,3,1.0,1.0,1,0
POLK - 007161,POLK,007161,3,0.9999788408,0.9999788408,1,0
PUTNAM - 007251,PUTNAM,007251,6,1.0,1.0,1,0
PUTNAM - 007252,PUTNAM,007252,6,1.0,1.0,1,0
PUTNAM - 007253,PUTNAM,007253,6,1.0,1.0,1,0
PUTNAM - 007254,PUTNAM,007254,6,1.0,1.0,1,0
PUTNAM - 007255,PUTNAM,007255,6,1.0,1.0,1,0
PUTNAM - 007256,PUTNAM,007256,6,1.0,1.0,1,0
PUTNAM - 007257,PUTNAM,007257,6,1.0,1.0,1,0
PUTNAM - 007258,PUTNAM,007258,6,1.0,1.0,1,0
PUTNAM - 007260,PUTNAM,007260,6,1.0,1.0,1,0
PUTNAM - 007261,PUTNAM,007261,6,1.0,1.0,1,0
PUTNAM - 007262,PUTNAM,007262,6,1.0,1.0,1,0
PUTNAM - 007263,PUTNAM,007263,6,1.0,1.0,1,0
PUTNAM - 007264,PUTNAM,007264,6,1.0,1.0,1,0
PUTNAM - 007265,PUTNAM,007265,6,1.0,1.0,1,0
PUTNAM - 007266,PUTNAM,007266,6,1.0,1.0,1,0
PUTNAM - 007267,PUTNAM,007267,6,1.0,1.0,1,0
PUTNAM - 007268,PUTNAM,007268,6,1.0,1.0,1,0
PUTNAM - 007269,PUTNAM,007269,6,1.0,1.0,1,0
PUTNAM - 007270,PUTNAM,007270,6,1.0,1.0,1,0
PUTNAM - 007271,PUTNAM,007271,6,1.0,1.0,1,0
PUTNAM - 007272,PUTNAM,007272,6,1.0,1.0,1,0
PUTNAM - 007273,PUTNAM,007273,6,1.0,1.0,1,0
PUTNAM - 007274,PUTNAM,007274,6,1.0,1.0,1,0
PUTNAM - 007275,PUTNAM,007275,6,1.0,1.0,1,0
RHEA - 007351,RHEA,007351,4,0.999898182,1.0,2,1
RHEA - 007352,RHEA,007352,4,0.9997227846,1.0,3,1
RHEA - 007353,RHEA,007353,4,1.0,1.0,1,0
RHEA - 007354,RHEA,007354,4,1.0,1.0,1,0
RHEA - 007355,RHEA,007355,4,1.0,1.0,1,0
RHEA - 007356,RHEA,007356,4,1.0,1.0,1,0
RHEA - 007357,RHEA,007357,4,1.0,1.0,1,0
RHEA - 007358,RHEA,007358,4,0.9999187257,1.0,2,1
RHEA - 007359,RHEA,007359,4,1.0,1.0,1,0
RHEA - 007360,RHEA,007360,4,0.9999477099,1.0,2,1
RHEA - 007361,RHEA,007361,4,0.9991069919,1.0,2,1
RHEA - 007362,RHEA,007362,4,1.0,1.0,1,0
ROANE - 007451,ROANE,007451,3,0.9998631499,1.0,2,1
ROANE - 007452,ROANE,007452,3,1.0,1.0,1,0
ROANE - 007453,ROANE,007453,3,0.9997928465,1.0,2,1
ROANE - 007454,ROANE,007454,3,0.9999311159,1.0,2,1
ROANE - 007455,ROANE,007455,3,1.0,1.0,1,0
ROANE - 007456,ROANE,007456,3,1.0,1.0,1,0
ROANE - 007457,ROANE,007457,3,1.0,1.0,1,0
ROANE - 007458,ROANE,007458,3,0.999816581,1.0,2,1
ROANE - 007459,ROANE,007459,3,1.0,1.0,1,0
ROANE - 007460,ROANE,007460,3,1.0,1.0,1,0
ROANE - 007461,ROANE,007461,3,1.0,1.0,1,0
ROANE - 007462,ROANE,007462,3,1.0,1.0,1,0
ROANE - 007463,ROANE,007463,3,1.0,1.0,1,0
ROANE - 007464,ROANE,007464,3,1.0,1.0,1,0
ROANE - 007465,ROANE,007465,3,1.0,1.0,1,0
ROANE - 007466,ROANE,007466,3,1.0,1.0,1,0
ROANE - 007467,ROANE,007467,3,1.0,1.0,1,0
ROANE - 007468,ROANE,007468,3,0.9999828374,1.0,2,1
ROANE - 007469,ROANE,007469,3,1.0,1.0,1,0
ROANE - 007470,ROANE,007470,3,0.9991462505,1.0,3,1
ROANE - 007471,ROANE,007471,3,0.9999806165,1.0,2,1
ROANE - 007472,ROANE,007472,3,0.9997680597,1.0,2,1
ROANE - 007473,ROANE,007473,3,0.9999562411,1.0,2,1
ROANE - 007474,ROANE,007474,3,0.9999869187,1.0,3,1
ROBERTSON - 007551,ROBERTSON,007551,7,0.9999129594,0.99998865,2,1
ROBERTSON - 007552,ROBERTSON,007552,7,0.9996652752,1.0,2,1
ROBERTSON - 007553,ROBERTSON,007553,7,1.0,1.0,1,0
ROBERTSON - 007554,ROBERTSON,007554,7,0.9994130181,1.0,2,1
ROBERTSON - 007555,ROBERTSON,007555,7,1.0,1.0,1,0
ROBERTSON - 007556,ROBERTSON,007556,7,1.0,1.0,1,0
ROBERTSON - 007557,ROBERTSON,007557,7,1.0,1.0,1,0
ROBERTSON - 007558,ROBERTSON,007558,7,1.0,1.0,1,0
ROBERTSON - 007559,ROBERTSON,007559,7,0.9999966915,0.9999966915,1,0
ROBERTSON - 007560,ROBERTSON,007560,7,1.0,1.0,1,0
ROBERTSON - 007561,ROBERTSON,007561,7,0.9999537784,0.9999537784,1,0
ROBERTSON - 007562,ROBERTSON,007562,7,0.9999531782,0.9999531782,1,0
ROBERTSON - 007563,ROBERTSON,007563,7,1.0,1.0,1,0
ROBERTSON - 007564,ROBERTSON,007564,7,1.0,1.0,1,0
ROBERTSON - 007565,ROBERTSON,007565,7,1.0,1.0,1,0
ROBERTSON - 007566,ROBERTSON,007566,7,1.0,1.0,1,0
ROBERTSON - 007567,ROBERTSON,007567,7,1.0,1.0,1,0
ROBERTSON - 007568,ROBERTSON,007568,7,1.0,1.0,1,0
RUTHERFORD - 007651,RUTHERFORD,007651,4,0.9999988851,1.0,2,1
RUTHERFORD - 007652,RUTHERFORD,007652,4,0.9999331995,1.0,3,1
RUTHERFORD - 007653,RUTHERFORD,007653,4,0.9999979652,1.0,2,1
RUTHERFORD - 007654,RUTHERFORD,007654,4,0.9998965835,1.0,2,1
RUTHERFORD - 007655,RUTHERFORD,007655,4,1.0,1.0,1,0
RUTHERFORD - 007656,RUTHERFORD,007656,4,0.9998354775,1.0,2,1
RUTHERFORD - 007657,RUTHERFORD,007657,4,1.0,1.0,1,0
RUTHERFORD - 007658,RUTHERFORD,007658,4,1.0,1.0,1,0
RUTHERFORD - 007659,RUTHERFORD,007659,4,1.0,1.0,1,0
RUTHERFORD - 007660,RUTHERFORD,007660,4,0.9983313153,1.0,2,1
RUTHERFORD - 007661,RUTHERFORD,007661,4,0.9999031232,1.0,2,1
RUTHERFORD - 007662,RUTHERFORD,007662,4,1.0,1.0,1,0
RUTHERFORD - 007663,RUTHERFORD,007663,4,1.0,1.0,1,0
RUTHERFORD - 007664,RUTHERFORD,007664,4,1.0,1.0,1,0
RUTHERFORD - 007665,RUTHERFORD,007665,4,0.9999026507,1.0,2,1
RUTHERFORD - 007666,RUTHERFORD,007666,4,0.9997411732,1.0,2,1
RUTHERFORD - 007667,RUTHERFORD,007667,4,1.0,1.0,1,0
RUTHERFORD - 007668,RUTHERFORD,007668,4,1.0,1.0,1,0
RUTHERFORD - 007669,RUTHERFORD,007669,4,0.9998953668,1.0,2,1
RUTHERFORD - 007670,RUTHERFORD,007670,4,1.0,1.0,1,0
RUTHERFORD - 007671,RUTHERFORD,007671,4,0.9999198313,1.0,2,1
RUTHERFORD - 007672,RUTHERFORD,007672,4,1.0,1.0,1,0
RUTHERFORD - 007673,RUTHERFORD,007673,4,1.0,1.0,1,0
RUTHERFORD - 007674,RUTHERFORD,007674,4,1.0,1.0,1,0
RUTHERFORD - 007675,RUTHERFORD,007675,4,1.0,1.0,1,0
RUTHERFORD - 007676,RUTHERFORD,007676,4,1.0,1.0,1,0
RUTHERFORD - 007677,RUTHERFORD,007677,4,1.0,1.0,1,0
RUTHERFORD - 007678,RUTHERFORD,007678,4,1.0,1.0,1,0
RUTHERFORD - 007679,RUTHERFORD,007679,4,1.0,1.0,1,0
RUTHERFORD - 007680,RUTHERFORD,007680,4,1.0,1.0,1,0
RUTHERFORD - 007681,RUTHERFORD,007681,4,1.0,1.0,1,0
RUTHERFORD - 007682,RUTHERFORD,007682,4,1.0,1.0,1,0
RUTHERFORD - 007683,RUTHERFORD,007683,4,1.0,1.0,1,0
RUTHERFORD - 007684,RUTHERFORD,007684,4,1.0,1.0,1,0
RUTHERFORD - 007685,RUTHERFORD,007685,4,1.0,1.0,1,0
RUTHERFORD - 007686,RUTHERFORD,007686,4,1.0,1.0,1,0
RUTHERFORD - 007687,RUTHERFORD,007687,4,1.0,1.0,1,0
RUTHERFORD - 007688,RUTHERFORD,007688,4,1.0,1.0,1,0
RUTHERFORD - 007689,RUTHERFORD,007689,4,1.0,1.0,1,0
RUTHERFORD - 007690,RUTHERFORD,007690,4,1.0,1.0,1,0
RUTHERFORD - 007691,RUTHERFORD,007691,4,1.0,1.0,1,0
RUTHERFORD - 007692,RUTHERFORD,007692,4,1.0,1.0,1,0
RUTHERFORD - 007693,RUTHERFORD,007693,4,0.9998309228,1.0,2,1
RUTHERFORD - 007694,RUTHERFORD,007694,4,1.0,1.0,1,0
RUTHERFORD - 007695,RUTHERFORD,007695,4,1.0,1.0,1,0
RUTHERFORD - 007696,RUTHERFORD,007696,4,1.0,1.0,1,0
RUTHERFORD - 007698,RUTHERFORD,007698,4,0.9999927631,1.0,2,1
RUTHERFORD - 007699,RUTHERFORD,007699,4,1.0,1.0,1,0
RUTHERFORD - 007700,RUTHERFORD,007700,4,1.0,1.0,1,0
SCOTT - 007751,SCOTT,007751,3,0.9558770869,1.0,2,1
SCOTT - 007752,SCOTT,007752,6,0.9999964882,1.0,2,1
SCOTT - 007753,SCOTT,007753,6,0.6455930823,1.0,2,1
SCOTT - 007754,SCOTT,007754,3,0.9099932263,1.0,3,1
SCOTT - 007755,SCOTT,007755,6,0.9996135094,0.9999754332,2,1
SCOTT - 007756,SCOTT,007756,6,1.0,1.0,1,0
SCOTT - 007757,SCOTT,007757,6,0.999991491,0.999991491,1,0
SCOTT - 007758,SCOTT,007758,3,0.6799056285,1.0,2,1
SCOTT - 007759,SCOTT,007759,6,1.0,1.0,1,0
SCOTT - 007760,SCOTT,007760,6,0.9998311027,1.0,3,1
SEQUATCHIE - 007851,SEQUATCHIE,007851,4,0.9999471402,1.0,2,1
SEQUATCHIE - 007852,SEQUATCHIE,007852,4,0.9999830516,1.0,2,1
SEQUATCHIE - 007853,SEQUATCHIE,007853,4,1.0,1.0,1,0
SEQUATCHIE - 007854,SEQUATCHIE,007854,4,1.0,1.0,1,0
SEQUATCHIE - 007855,SEQUATCHIE,007855,4,0.9999869448,1.0,2,1
SEQUATCHIE - 007856,SEQUATCHIE,007856,4,0.9999361857,1.0,2,1
SEQUATCHIE - 007857,SEQUATCHIE,007857,4,1.0,1.0,1,0
SEQUATCHIE - 007858,SEQUATCHIE,007858,4,1.0,1.0,1,0
SEQUATCHIE - 007859,SEQUATCHIE,007859,4,1.0,1.0,1,0
SEVIER - 007951,SEVIER,007951,1,1.0,1.0,1,0
SEVIER - 007952,SEVIER,007952,1,1.0,1.0,1,0
SEVIER - 007953,SEVIER,007953,1,1.0,1.0,1,0
SEVIER - 007954,SEVIER,007954,1,1.0,1.0,1,0
SEVIER - 007955,SEVIER,007955,1,1.0,1.0,1,0
SEVIER - 007956,SEVIER,007956,1,0.9997005488,0.9997027815,2,1
SEVIER - 007957,SEVIER,007957,1,1.0,1.0,1,0
SEVIER - 007958,SEVIER,007958,1,0.9998282633,1.0,2,1
SEVIER - 007959,SEVIER,007959,1,0.9998888189,1.0,2,1
SEVIER - 007960,SEVIER,007960,1,0.9998042568,1.0,2,1
SEVIER - 007961,SEVIER,007961,1,1.0,1.0,1,0
SEVIER - 007962,SEVIER,007962,1,1.0,1.0,1,0
SEVIER - 007963,SEVIER,007963,1,1.0,1.0,1,0
SEVIER - 007964,SEVIER,007964,1,1.0,1.0,1,0
SEVIER - 007965,SEVIER,007965,1,0.9998417342,1.0,2,1
SEVIER - 007966,SEVIER,007966,1,1.0,1.0,1,0
SEVIER - 007967,SEVIER,007967,1,0.9994860343,1.0,2,1
SEVIER - 007968,SEVIER,007968,1,0.9993309106,1.0,2,1
SEVIER - 007969,SEVIER,007969,1,0.9999631257,1.0,2,1
SEVIER - 007970,SEVIER,007970,1,0.9997613312,1.0,2,1
SEVIER - 007971,SEVIER,007971,1,1.0,1.0,1,0
SEVIER - 007972,SEVIER,007972,1,1.0,1.0,1,0
SEVIER - 007973,SEVIER,007973,1,1.0,1.0,1,0
SEVIER - 007974,SEVIER,007974,1,1.0,1.0,1,0
SEVIER - 007975,SEVIER,007975,1,1.0,1.0,1,0
SHELBY - 008051,SHELBY,008051,8,1.0,1.0,1,0
SHELBY - 008052,SHELBY,008052,8,0.999975657,1.0,2,1
SHELBY - 008053,SHELBY,008053,9,0.7066273422,1.0,2,1
SHELBY - 008054,SHELBY,008054,8,0.9994094027,1.0,2,1
SHELBY - 008055,SHELBY,008055,9,0.9984134359,1.0,2,1
SHELBY - 008056,SHELBY,008056,8,0.9998090285,1.0,2,1
SHELBY - 008057,SHELBY,008057,9,0.6903448666,1.0,2,1
SHELBY - 008058,SHELBY,008058,9,0.5039943705,1.0,2,1
SHELBY - 008060,SHELBY,008060,8,0.9991473309,1.0,2,1
SHELBY - 008061,SHELBY,008061,9,1.0,1.0,1,0
SHELBY - 008063,SHELBY,008063,9,1.0,1.0,1,0
SHELBY - 008064,SHELBY,008064,9,0.9998279419,1.0,2,1
SHELBY - 008065,SHELBY,008065,8,0.9999928596,1.0,2,1
SHELBY - 008066,SHELBY,008066,9,0.6646672212,1.0,2,1
SHELBY - 008068,SHELBY,008068,8,1.0,1.0,1,0
SHELBY - 008069,SHELBY,008069,8,0.9570439262,1.0,2,1
SHELBY - 008070,SHELBY,008070,8,1.0,1.0,1,0
SHELBY - 008071,SHELBY,008071,8,1.0,1.0,1,0
SHELBY - 008072,SHELBY,008072,8,1.0,1.0,1,0
SHELBY - 008073,SHELBY,008073,8,0.9999236299,1.0,2,1
SHELBY - 008074,SHELBY,008074,8,0.9324846469,0.9999955807,2,1
SHELBY - 008075,SHELBY,008075,8,1.0,1.0,1,0
SHELBY - 008076,SHELBY,008076,9,0.9994052321,1.0,2,1
SHELBY - 008077,SHELBY,008077,9,1.0,1.0,1,0
SHELBY - 008078,SHELBY,008078,9,1.0,1.0,1,0
SHELBY - 008079,SHELBY,008079,9,0.9998426215,1.0,2,1
SHELBY - 008080,SHELBY,008080,9,0.9987227322,1.0,2,1
SHELBY - 008081,SHELBY,008081,8,0.9992019564,1.0,2,1
SHELBY - 008082,SHELBY,008082,8,0.6617509302,1.0,2,1
SHELBY - 008083,SHELBY,008083,9,0.9995443183,0.999986442,2,1
SHELBY - 008084,SHELBY,008084,9,0.9999599587,0.9999599587,1,0
SHELBY - 008086,SHELBY,008086,8,0.9996678649,1.0,2,1
SHELBY - 008087,SHELBY,008087,8,0.9994790555,1.0,2,1
SHELBY - 008088,SHELBY,008088,8,0.9994683148,1.0,2,1
SHELBY - 008089,SHELBY,008089,8,0.9993302343,1.0,2,1
SHELBY - 008090,SHELBY,008090,8,0.7217830044,1.0,2,1
SHELBY - 008091,SHELBY,008091,8,1.0,1.0,1,0
SHELBY - 008093,SHELBY,008093,8,1.0,1.0,1,0
SHELBY - 008094,SHELBY,008094,8,1.0,1.0,1,0
SHELBY - 008095,SHELBY,008095,8,0.9958767682,1.0,2,1
SHELBY - 008096,SHELBY,008096,8,0.999581976,1.0,2,1
SHELBY - 008097,SHELBY,008097,8,0.994624794,1.0,2,1
SHELBY - 008098,SHELBY,008098,9,1.0,1.0,1,0
SHELBY - 008099,SHELBY,008099,9,0.9999650726,1.0,2,1
SHELBY - 008100,SHELBY,008100,9,0.9995992516,0.9995992516,1,0
SHELBY - 008101,SHELBY,008101,9,0.9994740115,0.9994740115,1,0
SHELBY - 008102,SHELBY,008102,9,0.9989707802,0.9989707802,1,0
SHELBY - 008103,SHELBY,008103,9,1.0,1.0,1,0
SHELBY - 008104,SHELBY,008104,9,0.9990209141,0.9990209141,1,0
SHELBY - 008105,SHELBY,008105,9,1.0,1.0,1,0
SHELBY - 008106,SHELBY,008106,9,1.0,1.0,1,0
SHELBY - 008107,SHELBY,008107,9,1.0,1.0,1,0
SHELBY - 008108,SHELBY,008108,9,1.0,1.0,1,0
SHELBY - 008109,SHELBY,008109,9,1.0,1.0,1,0
SHELBY - 008110,SHELBY,008110,9,1.0,1.0,1,0
SHELBY - 008111,SHELBY,008111,9,1.0,1.0,1,0
SHELBY - 008113,SHELBY,008113,9,1.0,1.0,1,0
SHELBY - 008114,SHELBY,008114,9,1.0,1.0,1,0
SHELBY - 008117,SHELBY,008117,9,1.0,1.0,1,0
SHELBY - 008118,SHELBY,008118,9,1.0,1.0,1,0
SHELBY - 008119,SHELBY,008119,9,1.0,1.0,1,0
SHELBY - 008120,SHELBY,008120,9,1.0,1.0,1,0
SHELBY - 008121,SHELBY,008121,9,1.0,1.0,1,0
SHELBY - 008122,SHELBY,008122,9,1.0,1.0,1,0
SHELBY - 008123,SHELBY,008123,9,1.0,1.0,1,0
SHELBY - 008125,SHELBY,008125,9,1.0,1.0,1,0
SHELBY - 008130,SHELBY,008130,9,1.0,1.0,1,0
SHELBY - 008131,SHELBY,008131,9,1.0,1.0,1,0
SHELBY - 008133,SHELBY,008133,9,0.8540136555,1.0,2,1
SHELBY - 008136,SHELBY,008136,9,1.0,1.0,1,0
SHELBY - 008138,SHELBY,008138,9,1.0,1.0,1,0
SHELBY - 008139,SHELBY,008139,9,1.0,1.0,1,0
SHELBY - 008141,SHELBY,008141,9,0.9574303047,1.0,2,1
SHELBY - 008142,SHELBY,008142,9,1.0,1.0,1,0
SHELBY - 008144,SHELBY,008144,9,1.0,1.0,1,0
SHELBY - 008145,SHELBY,008145,9,0.9997135061,0.9997135061,1,0
SHELBY - 008146,SHELBY,008146,9,1.0,1.0,1,0
SHELBY - 008149,SHELBY,008149,9,1.0,1.0,1,0
SHELBY - 008152,SHELBY,008152,9,0.9700812885,1.0,2,1
SHELBY - 008154,SHELBY,008154,8,0.9999861942,1.0,2,1
SHELBY - 008157,SHELBY,008157,8,0.8128240852,1.0,2,1
SHELBY - 008158,SHELBY,008158,9,1.0,1.0,1,0
SHELBY - 008159,SHELBY,008159,9,1.0,1.0,1,0
SHELBY - 008161,SHELBY,008161,9,1.0,1.0,1,0
SHELBY - 008164,SHELBY,008164,9,1.0,1.0,1,0
SHELBY - 008166,SHELBY,008166,9,1.0,1.0,1,0
SHELBY - 008167,SHELBY,008167,9,1.0,1.0,1,0
SHELBY - 008168,SHELBY,008168,9,0.999989379,0.999989379,1,0
SHELBY - 008170,SHELBY,008170,9,1.0,1.0,1,0
SHELBY - 008171,SHELBY,008171,9,1.0,1.0,1,0
SHELBY - 008172,SHELBY,008172,9,1.0,1.0,1,0
SHELBY - 008174,SHELBY,008174,8,1.0,1.0,1,0
SHELBY - 008176,SHELBY,008176,9,1.0,1.0,1,0
SHELBY - 008177,SHELBY,008177,9,0.9999950187,1.0,2,1
SHELBY - 008178,SHELBY,008178,9,0.9986502696,1.0,2,1
SHELBY - 008179,SHELBY,008179,9,0.7771592009,1.0,2,1
SHELBY - 008180,SHELBY,008180,8,0.9995489628,1.0,2,1
SHELBY - 008182,SHELBY,008182,9,0.9997517442,0.9997517442,1,0
SHELBY - 008183,SHELBY,008183,9,1.0,1.0,1,0
SHELBY - 008184,SHELBY,008184,9,1.0,1.0,1,0
SHELBY - 008187,SHELBY,008187,9,1.0,1.0,1,0
SHELBY - 008189,SHELBY,008189,9,1.0,1.0,1,0
SHELBY - 008190,SHELBY,008190,9,1.0,1.0,1,0
SHELBY - 008191,SHELBY,008191,9,1.0,1.0,1,0
SHELBY - 008192,SHELBY,008192,9,1.0,1.0,1,0
SHELBY - 008194,SHELBY,008194,9,1.0,1.0,1,0
SHELBY - 008195,SHELBY,008195,9,1.0,1.0,1,0
SHELBY - 008197,SHELBY,008197,9,1.0,1.0,1,0
SHELBY - 008199,SHELBY,008199,9,1.0,1.0,1,0
SHELBY - 008200,SHELBY,008200,9,1.0,1.0,1,0
SHELBY - 008201,SHELBY,008201,9,0.9999995085,0.9999995085,1,0
SHELBY - 008202,SHELBY,008202,9,1.0,1.0,1,0
SHELBY - 008203,SHELBY,008203,9,1.0,1.0,1,0
SHELBY - 008204,SHELBY,008204,9,1.0,1.0,1,0
SHELBY - 008205,SHELBY,008205,9,1.0,1.0,1,0
SHELBY - 008206,SHELBY,008206,9,1.0,1.0,1,0
SHELBY - 008207,SHELBY,008207,9,1.0,1.0,1,0
SHELBY - 008209,SHELBY,008209,9,1.0,1.0,1,0
SHELBY - 008210,SHELBY,008210,9,1.0,1.0,1,0
SHELBY - 008211,SHELBY,008211,9,1.0,1.0,1,0
SHELBY - 008212,SHELBY,008212,9,1.0,1.0,1,0
SHELBY - 008213,SHELBY,008213,9,0.9999824471,0.9999824471,1,0
SHELBY - 008214,SHELBY,008214,9,1.0,1.0,1,0
SHELBY - 008216,SHELBY,008216,8,0.9993499703,1.0,2,1
SHELBY - 008217,SHELBY,008217,8,0.8121672173,1.0,2,1
SHELBY - 008219,SHELBY,008219,8,0.976089307,1.0,2,1
SHELBY - 008221,SHELBY,008221,9,0.9895524805,1.0,2,1
SHELBY - 008222,SHELBY,008222,9,0.9993445135,1.0,2,1
SHELBY - 008224,SHELBY,008224,9,0.9999998225,0.9999998225,1,0
SHELBY - 008226,SHELBY,008226,9,1.0,1.0,1,0
SHELBY - 008228,SHELBY,008228,9,1.0,1.0,1,0
SHELBY - 008229,SHELBY,008229,9,1.0,1.0,1,0
SHELBY - 008231,SHELBY,008231,9,0.9999935552,1.0,2,1
SHELBY - 008232,SHELBY,008232,9,0.9999496012,1.0,2,1
SHELBY - 008233,SHELBY,008233,9,1.0,1.0,1,0
SHELBY - 008234,SHELBY,008234,9,1.0,1.0,1,0
SHELBY - 008236,SHELBY,008236,9,1.0,1.0,1,0
SHELBY - 008237,SHELBY,008237,9,0.9994308276,1.0,2,1
SHELBY - 008239,SHELBY,008239,9,1.0,1.0,1,0
SHELBY - 008240,SHELBY,008240,9,1.0,1.0,1,0
SHELBY - 008241,SHELBY,008241,9,1.0,1.0,1,0
SHELBY - 008242,SHELBY,008242,9,1.0,1.0,1,0
SHELBY - 008243,SHELBY,008243,9,1.0,1.0,1,0
SHELBY - 008244,SHELBY,008244,9,1.0,1.0,1,0
SHELBY - 008245,SHELBY,008245,9,1.0,1.0,1,0
SHELBY - 008246,SHELBY,008246,9,1.0,1.0,1,0
SHELBY - 008248,SHELBY,008248,9,1.0,1.0,1,0
SHELBY - 008250,SHELBY,008250,9,1.0,1.0,1,0
SHELBY - 008251,SHELBY,008251,9,1.0,1.0,1,0
SHELBY - 008252,SHELBY,008252,9,0.9973842939,1.0,2,1
SHELBY - 008255,SHELBY,008255,9,1.0,1.0,1,0
SHELBY - 008256,SHELBY,008256,9,1.0,1.0,1,0
SHELBY - 008257,SHELBY,008257,9,1.0,1.0,1,0
SHELBY - 008258,SHELBY,008258,9,1.0,1.0,1,0
SHELBY - 008259,SHELBY,008259,9,0.9994961363,1.0,2,1
SHELBY - 008260,SHELBY,008260,9,0.9999540895,0.9999540895,1,0
SHELBY - 008261,SHELBY,008261,9,0.6294607103,1.0,2,1
SHELBY - 008262,SHELBY,008262,9,1.0,1.0,1,0
SHELBY - 008263,SHELBY,008263,9,0.9993971654,1.0,2,1
SHELBY - 008265,SHELBY,008265,9,1.0,1.0,1,0
SHELBY - 008266,SHELBY,008266,9,0.999998558,0.999998558,1,0
SHELBY - 008267,SHELBY,008267,9,0.9998130011,0.9998130011,1,0
SHELBY - 008268,SHELBY,008268,9,1.0,1.0,1,0
SHELBY - 008269,SHELBY,008269,9,1.0,1.0,1,0
SHELBY - 008270,SHELBY,008270,8,0.9821607916,1.0,2,1
SHELBY - 008271,SHELBY,008271,8,1.0,1.0,1,0
SMITH - 008301,SMITH,008301,6,1.0,1.0,1,0
SMITH - 008302,SMITH,008302,6,1.0,1.0,1,0
SMITH - 008303,SMITH,008303,6,1.0,1.0,1,0
SMITH - 008304,SMITH,008304,6,1.0,1.0,1,0
SMITH - 008305,SMITH,008305,6,1.0,1.0,1,0
SMITH - 008306,SMITH,008306,6,1.0,1.0,1,0
SMITH - 008307,SMITH,008307,6,1.0,1.0,1,0
SMITH - 008308,SMITH,008308,6,1.0,1.0,1,0
STEWART - 008401,STEWART,008401,7,0.999990548,0.999990548,1,0
STEWART - 008402,STEWART,008402,7,0.9999631305,0.9999925011,2,1
STEWART - 008403,STEWART,008403,7,0.9999985639,0.9999985639,1,0
STEWART - 008404,STEWART,008404,7,1.0,1.0,1,0
STEWART - 008405,STEWART,008405,7,0.999995581,1.0,2,1
STEWART - 008406,STEWART,008406,7,1.0,1.0,1,0
STEWART - 008407,STEWART,008407,7,1.0,1.0,1,0
SULLIVAN - 008501,SULLIVAN,008501,1,0.9999878876,0.9999878876,1,0
SULLIVAN - 008502,SULLIVAN,008502,1,1.0,1.0,1,0
SULLIVAN - 008503,SULLIVAN,008503,1,0.999944588,0.999944588,1,0
SULLIVAN - 008504,SULLIVAN,008504,1,0.999972251,0.999972251,1,0
SULLIVAN - 008505,SULLIVAN,008505,1,0.9999732027,0.9999732027,1,0
SULLIVAN - 008506,SULLIVAN,008506,1,1.0,1.0,1,0
SULLIVAN - 008507,SULLIVAN,008507,1,1.0,1.0,1,0
SULLIVAN - 008508,SULLIVAN,008508,1,0.9999317087,0.9999317087,1,0
SULLIVAN - 008509,SULLIVAN,008509,1,1.0,1.0,1,0
SULLIVAN - 008510,SULLIVAN,008510,1,1.0,1.0,1,0
SULLIVAN - 008511,SULLIVAN,008511,1,0.999855589,0.999855589,1,0
SULLIVAN - 008512,SULLIVAN,008512,1,1.0,1.0,1,0
SULLIVAN - 008513,SULLIVAN,008513,1,1.0,1.0,1,0
SULLIVAN - 008514,SULLIVAN,008514,1,1.0,1.0,1,0
SULLIVAN - 008515,SULLIVAN,008515,1,1.0,1.0,1,0
SULLIVAN - 008516,SULLIVAN,008516,1,1.0,1.0,1,0
SULLIVAN - 008517,SULLIVAN,008517,1,0.9998744091,0.9998744091,1,0
SULLIVAN - 008518,SULLIVAN,008518,1,1.0,1.0,1,0
SULLIVAN - 008519,SULLIVAN,008519,1,1.0,1.0,1,0
SULLIVAN - 008520,SULLIVAN,008520,1,1.0,1.0,1,0
SULLIVAN - 008521,SULLIVAN,008521,1,0.9998319233,0.9998319233,1,0
SULLIVAN - 008522,SULLIVAN,008522,1,1.0,1.0,1,0
SULLIVAN - 008523,SULLIVAN,008523,1,1.0,1.0,1,0
SULLIVAN - 008524,SULLIVAN,008524,1,1.0,1.0,1,0
SULLIVAN - 008525,SULLIVAN,008525,1,1.0,1.0,1,0
SUMNER - 008601,SUMNER,008601,6,1.0,1.0,1,0
SUMNER - 008602,SUMNER,008602,6,1.0,1.0,1,0
SUMNER - 008603,SUMNER,008603,6,1.0,1.0,1,0
SUMNER - 008607,SUMNER,008607,6,1.0,1.0,1,0
SUMNER - 008608,SUMNER,008608,6,1.0,1.0,1,0
SUMNER - 008609,SUMNER,008609,6,1.0,1.0,1,0
SUMNER - 008610,SUMNER,008610,6,1.0,1.0,1,0
SUMNER - 008611,SUMNER,008611,6,1.0,1.0,1,0
SUMNER - 008612,SUMNER,008612,6,0.9998822274,1.0,2,1
SUMNER - 008613,SUMNER,008613,6,1.0,1.0,1,0
SUMNER - 008614,SUMNER,008614,6,0.9999410978,0.9999829687,2,1
SUMNER - 008618,SUMNER,008618,6,1.0,1.0,1,0
SUMNER - 008619,SUMNER,008619,6,1.0,1.0,1,0
SUMNER - 008620,SUMNER,008620,6,1.0,1.0,1,0
SUMNER - 008621,SUMNER,008621,6,1.0,1.0,1,0
SUMNER - 008622,SUMNER,008622,6,1.0,1.0,1,0
SUMNER - 008623,SUMNER,008623,6,1.0,1.0,1,0
SUMNER - 008624,SUMNER,008624,6,1.0,1.0,1,0
SUMNER - 008625,SUMNER,008625,6,0.9991407293,1.0,2,1
SUMNER - 008626,SUMNER,008626,6,0.9998619528,1.0,2,1
SUMNER - 008627,SUMNER,008627,6,1.0,1.0,1,0
SUMNER - 008628,SUMNER,008628,6,1.0,1.0,1,0
SUMNER - 008631,SUMNER,008631,6,0.999994545,1.0,2,1
SUMNER - 008632,SUMNER,008632,6,0.9999975852,0.9999975852,1,0
SUMNER - 008633,SUMNER,008633,6,1.0,1.0,1,0
SUMNER - 008635,SUMNER,008635,6,1.0,1.0,1,0
SUMNER - 008636,SUMNER,008636,6,0.9999840215,0.9999840215,1,0
TIPTON - 008701,TIPTON,008701,9,0.7689952799,1.0,2,1
TIPTON - 008702,TIPTON,008702,8,0.8170126344,1.0,2,1
TIPTON - 008703,TIPTON,008703,8,1.0,1.0,1,0
TIPTON - 008704,TIPTON,008704,9,0.999266459,1.0,2,1
TIPTON - 008705,TIPTON,008705,8,0.9873802386,1.0,2,1
TIPTON - 008706,TIPTON,008706,9,0.9996281705,0.9996920273,2,1
TIPTON - 008707,TIPTON,008707,9,0.9998526638,1.0,2,1
TIPTON - 008708,TIPTON,008708,8,0.5488364924,1.0,2,1
TIPTON - 008709,TIPTON,008709,8,0.999700834,1.0,2,1
TROUSDALE - 008801,TROUSDALE,008801,6,1.0,1.0,1,0
TROUSDALE - 008802,TROUSDALE,008802,6,1.0,1.0,1,0
TROUSDALE - 008803,TROUSDALE,008803,6,1.0,1.0,1,0
TROUSDALE - 008804,TROUSDALE,008804,6,1.0,1.0,1,0
TROUSDALE - 008805,TROUSDALE,008805,6,1.0,1.0,1,0
TROUSDALE - 008806,TROUSDALE,008806,6,1.0,1.0,1,0
TROUSDALE - 008807,TROUSDALE,008807,6,1.0,1.0,1,0
TROUSDALE - 008808,TROUSDALE,008808,6,1.0,1.0,1,0
TROUSDALE - 008809,TROUSDALE,008809,6,1.0,1.0,1,0
TROUSDALE - 008810,TROUSDALE,008810,6,1.0,1.0,1,0
UNICOI - 008901,UNICOI,008901,1,1.0,1.0,1,0
UNICOI - 008902,UNICOI,008902,1,0.9994446143,0.9994446143,1,0
UNICOI - 008903,UNICOI,008903,1,0.9999723687,0.9999723687,1,0
UNICOI - 008904,UNICOI,008904,1,1.0,1.0,1,0
UNICOI - 008905,UNICOI,008905,1,1.0,1.0,1,0
UNICOI - 008906,UNICOI,008906,1,0.9993777729,0.9993777729,1,0
UNICOI - 008907,UNICOI,008907,1,0.9996391676,0.9996391676,1,0
UNICOI - 008908,UNICOI,008908,1,0.9996419459,0.9996419459,1,0
UNION - 009001,UNION,009001,2,1.0,1.0,1,0
UNION - 009002,UNION,009002,2,1.0,1.0,1,0
UNION - 009003,UNION,009003,2,1.0,1.0,1,0
UNION - 009004,UNION,009004,2,1.0,1.0,1,0
UNION - 009005,UNION,009005,2,0.9999162239,1.0,2,1
UNION - 009006,UNION,009006,2,0.9999881856,1.0,2,1
UNION - 009007,UNION,009007,2,1.0,1.0,1,0
UNION - 009008,UNION,009008,2,1.0,1.0,1,0
UNION - 009009,UNION,009009,2,1.0,1.0,1,0
VAN BUREN - 009101,VAN BUREN,009101,6,1.0,1.0,1,0
VAN BUREN - 009102,VAN BUREN,009102,6,0.9999770288,1.0,2,1
VAN BUREN - 009103,VAN BUREN,009103,6,0.9997116021,1.0,2,1
VAN BUREN - 009104,VAN BUREN,009104,6,1.0,1.0,1,0
VAN BUREN - 009105,VAN BUREN,009105,6,1.0,1.0,1,0
VAN BUREN - 009106,VAN BUREN,009106,6,1.0,1.0,1,0
VAN BUREN - 009107,VAN BUREN,009107,6,0.9998578887,1.0,2,1
WARREN - 009201,WARREN,009201,4,1.0,1.0,1,0
WARREN - 009202,WARREN,009202,4,1.0,1.0,1,0
WARREN - 009203,WARREN,009203,4,1.0,1.0,1,0
WARREN - 009204,WARREN,009204,4,1.0,1.0,1,0
WARREN - 009205,WARREN,009205,4,1.0,1.0,1,0
WARREN - 009206,WARREN,009206,4,1.0,1.0,1,0
WARREN - 009207,WARREN,009207,4,1.0,1.0,1,0
WARREN - 009208,WARREN,009208,4,1.0,1.0,1,0
WARREN - 009209,WARREN,009209,4,1.0,1.0,1,0
WARREN - 009210,WARREN,009210,4,0.8871939748,1.0,2,1
WARREN - 009211,WARREN,009211,4,0.9999915463,1.0,2,1
WARREN - 009213,WARREN,009213,4,1.0,1.0,1,0
WARREN - 009214,WARREN,009214,4,1.0,1.0,1,0
WARREN - 009215,WARREN,009215,4,1.0,1.0,1,0
WARREN - 009216,WARREN,009216,4,0.9999498999,1.0,2,1
WARREN - 009217,WARREN,009217,4,0.999967312,1.0,2,1
WARREN - 009218,WARREN,009218,4,0.999867149,1.0,2,1
WARREN - 009219,WARREN,009219,4,0.9999636154,1.0,2,1
WARREN - 009220,WARREN,009220,4,1.0,1.0,1,0
WARREN - 009221,WARREN,009221,4,0.999877266,1.0,2,1
WASHINGTON - 009301,WASHINGTON,009301,1,1.0,1.0,1,0
WASHINGTON - 009302,WASHINGTON,009302,1,1.0,1.0,1,0
WASHINGTON - 009304,WASHINGTON,009304,1,1.0,1.0,1,0
WASHINGTON - 009305,WASHINGTON,009305,1,1.0,1.0,1,0
WASHINGTON - 009306,WASHINGTON,009306,1,1.0,1.0,1,0
WASHINGTON - 009307,WASHINGTON,009307,1,1.0,1.0,1,0
WASHINGTON - 009308,WASHINGTON,009308,1,1.0,1.0,1,0
WASHINGTON - 009309,WASHINGTON,009309,1,1.0,1.0,1,0
WASHINGTON - 009310,WASHINGTON,009310,1,1.0,1.0,1,0
WASHINGTON - 009311,WASHINGTON,009311,1,1.0,1.0,1,0
WASHINGTON - 009312,WASHINGTON,009312,1,1.0,1.0,1,0
WASHINGTON - 009313,WASHINGTON,009313,1,1.0,1.0,1,0
WASHINGTON - 009314,WASHINGTON,009314,1,1.0,1.0,1,0
WASHINGTON - 009315,WASHINGTON,009315,1,1.0,1.0,1,0
WASHINGTON - 009316,WASHINGTON,009316,1,1.0,1.0,1,0
WASHINGTON - 009317,WASHINGTON,009317,1,1.0,1.0,1,0
WASHINGTON - 009318,WASHINGTON,009318,1,1.0,1.0,1,0
WASHINGTON - 009319,WASHINGTON,009319,1,1.0,1.0,1,0
WASHINGTON - 009320,WASHINGTON,009320,1,1.0,1.0,1,0
WASHINGTON - 009321,WASHINGTON,009321,1,1.0,1.0,1,0
WASHINGTON - 009322,WASHINGTON,009322,1,1.0,1.0,1,0
WASHINGTON - 009323,WASHINGTON,009323,1,1.0,1.0,1,0
WASHINGTON - 009324,WASHINGTON,009324,1,1.0,1.0,1,0
WASHINGTON - 009325,WASHINGTON,009325,1,1.0,1.0,1,0
WASHINGTON - 009326,WASHINGTON,009326,1,1.0,1.0,1,0
WASHINGTON - 009327,WASHINGTON,009327,1,1.0,1.0,1,0
WASHINGTON - 009328,WASHINGTON,009328,1,1.0,1.0,1,0
WASHINGTON - 009329,WASHINGTON,009329,1,1.0,1.0,1,0
WASHINGTON - 009330,WASHINGTON,009330,1,1.0,1.0,1,0
WASHINGTON - 009331,WASHINGTON,009331,1,1.0,1.0,1,0
WASHINGTON - 009332,WASHINGTON,009332,1,1.0,1.0,1,0
WASHINGTON - 009333,WASHINGTON,009333,1,1.0,1.0,1,0
WASHINGTON - 009334,WASHINGTON,009334,1,1.0,1.0,1,0
WASHINGTON - 009335,WASHINGTON,009335,1,1.0,1.0,1,0
WASHINGTON - 009336,WASHINGTON,009336,1,1.0,1.0,1,0
WAYNE - 009401,WAYNE,009401,7,0.9999979721,1.0,2,1
WAYNE - 009402,WAYNE,009402,7,1.0,1.0,1,0
WAYNE - 009403,WAYNE,009403,7,0.9999917673,1.0,2,1
WAYNE - 009404,WAYNE,009404,7,1.0,1.0,1,0
WAYNE - 009405,WAYNE,009405,7,0.9999846431,1.0,2,1
WAYNE - 009406,WAYNE,009406,7,0.9997609296,0.9999936432,2,1
WAYNE - 009407,WAYNE,009407,7,0.9999898008,1.0,2,1
WAYNE - 009408,WAYNE,009408,7,0.9997064399,1.0,2,1
WAYNE - 009409,WAYNE,009409,7,0.9999998892,1.0,2,1
WAYNE - 009410,WAYNE,009410,7,0.9999366148,1.0,3,1
WAYNE - 009411,WAYNE,009411,7,1.0,1.0,1,0
WAYNE - 009412,WAYNE,009412,7,0.9999669059,0.9999669059,1,0
WAYNE - 009413,WAYNE,009413,7,0.9999598423,0.9999598423,1,0
WAYNE - 009414,WAYNE,009414,7,0.9999972668,1.0,2,1
WEAKLEY - 009501,WEAKLEY,009501,8,0.9999980371,0.9999980371,1,0
WEAKLEY - 009502,WEAKLEY,009502,8,1.0,1.0,1,0
WEAKLEY - 009503,WEAKLEY,009503,8,0.9999798873,0.9999798873,1,0
WEAKLEY - 009504,WEAKLEY,009504,8,1.0,1.0,1,0
WEAKLEY - 009505,WEAKLEY,009505,8,1.0,1.0,1,0
WEAKLEY - 009506,WEAKLEY,009506,8,1.0,1.0,1,0
WEAKLEY - 009507,WEAKLEY,009507,8,1.0,1.0,1,0
WEAKLEY - 009508,WEAKLEY,009508,8,1.0,1.0,1,0
WEAKLEY - 009509,WEAKLEY,009509,8,1.0,1.0,1,0
WEAKLEY - 009510,WEAKLEY,009510,8,1.0,1.0,1,0
WHITE - 009601,WHITE,009601,6,1.0,1.0,1,0
WHITE - 009602,WHITE,009602,6,1.0,1.0,1,0
WHITE - 009603,WHITE,009603,6,0.9999722449,1.0,2,1
WHITE - 009604,WHITE,009604,6,1.0,1.0,1,0
WHITE - 009605,WHITE,009605,6,1.0,1.0,1,0
WHITE - 009606,WHITE,009606,6,1.0,1.0,1,0
WHITE - 009607,WHITE,009607,6,1.0,1.0,1,0
WHITE - 009608,WHITE,009608,6,1.0,1.0,1,0
WHITE - 009609,WHITE,009609,6,1.0,1.0,1,0
WHITE - 009610,WHITE,009610,6,1.0,1.0,1,0
WHITE - 009611,WHITE,009611,6,1.0,1.0,1,0
WILLIAMSON - 009701,WILLIAMSON,009701,7,0.9999999267,1.0,2,1
WILLIAMSON - 009702,WILLIAMSON,009702,7,0.9999994237,1.0,2,1
WILLIAMSON - 009703,WILLIAMSON,009703,7,0.9999952492,1.0,2,1
WILLIAMSON - 009704,WILLIAMSON,009704,7,0.9997038725,1.0,2,1
WILLIAMSON - 009705,WILLIAMSON,009705,5,1.0,1.0,1,0
WILLIAMSON - 009706,WILLIAMSON,009706,5,0.9996538419,1.0,2,1
WILLIAMSON - 009707,WILLIAMSON,009707,7,0.9992767169,1.0,2,1
WILLIAMSON - 009708,WILLIAMSON,009708,5,0.9996847512,1.0,2,1
WILLIAMSON - 009709,WILLIAMSON,009709,5,0.9990061042,1.0,2,1
WILLIAMSON - 009710,WILLIAMSON,009710,5,1.0,1.0,1,0
WILLIAMSON - 009711,WILLIAMSON,009711,5,1.0,1.0,1,0
WILLIAMSON - 009712,WILLIAMSON,009712,5,0.999994218,1.0,2,1
WILLIAMSON - 009713,WILLIAMSON,009713,5,1.0,1.0,1,0
WILLIAMSON - 009714,WILLIAMSON,009714,5,1.0,1.0,1,0
WILLIAMSON - 009715,WILLIAMSON,009715,5,1.0,1.0,1,0
WILLIAMSON - 009716,WILLIAMSON,009716,5,0.9995608999,1.0,2,1
WILLIAMSON - 009717,WILLIAMSON,009717,5,0.9997440656,1.0,2,1
WILLIAMSON - 009718,WILLIAMSON,009718,5,1.0,1.0,1,0
WILLIAMSON - 009719,WILLIAMSON,009719,5,1.0,1.0,1,0
WILLIAMSON - 009720,WILLIAMSON,009720,5,1.0,1.0,1,0
WILLIAMSON - 009721,WILLIAMSON,009721,5,1.0,1.0,1,0
WILLIAMSON - 009722,WILLIAMSON,009722,5,1.0,1.0,1,0
WILLIAMSON - 009723,WILLIAMSON,009723,5,0.9993621412,1.0,2,1
WILLIAMSON - 009724,WILLIAMSON,009724,5,1.0,1.0,1,0
WILLIAMSON - 009725,WILLIAMSON,009725,5,0.9991386466,1.0,2,1
WILLIAMSON - 009726,WILLIAMSON,009726,7,0.9986596497,1.0,2,1
WILLIAMSON - 009727,WILLIAMSON,009727,5,1.0,1.0,1,0
WILLIAMSON - 009728,WILLIAMSON,009728,5,0.9996316129,1.0,2,1
WILLIAMSON - 009729,WILLIAMSON,009729,5,0.9998292508,1.0,2,1
WILLIAMSON - 009730,WILLIAMSON,009730,5,0.5932082275,1.0,2,1
WILLIAMSON - 009731,WILLIAMSON,009731,7,0.9996727763,1.0,2,1
WILLIAMSON - 009732,WILLIAMSON,009732,7,0.9998330008,1.0,2,1
WILLIAMSON - 009733,WILLIAMSON,009733,7,1.0,1.0,1,0
WILLIAMSON - 009734,WILLIAMSON,009734,7,0.9930506875,1.0,2,1
WILLIAMSON - 009735,WILLIAMSON,009735,7,1.0,1.0,1,0
WILLIAMSON - 009736,WILLIAMSON,009736,7,1.0,1.0,1,0
WILLIAMSON - 009737,WILLIAMSON,009737,7,0.999962654,1.0,2,1
WILLIAMSON - 009738,WILLIAMSON,009738,7,0.9998564775,1.0,2,1
WILLIAMSON - 009739,WILLIAMSON,009739,7,0.9992635057,1.0,2,1
WILLIAMSON - 009740,WILLIAMSON,009740,5,0.9998452975,1.0,2,1
WILLIAMSON - 009741,WILLIAMSON,009741,7,0.9998544376,1.0,2,1
WILLIAMSON - 009742,WILLIAMSON,009742,5,0.9998475913,1.0,2,1
WILLIAMSON - 009999,WILLIAMSON,009999,5,0.999603006,1.0,2,1
WILSON - 009801,WILSON,009801,5,0.8939506797,1.0,2,1
WILSON - 009802,WILSON,009802,5,1.0,1.0,1,0
WILSON - 009803,WILSON,009803,5,1.0,1.0,1,0
WILSON - 009804,WILSON,009804,6,0.8002119699,1.0,2,1
WILSON - 009805,WILSON,009805,6,1.0,1.0,1,0
WILSON - 009806,WILSON,009806,6,0.9211514328,1.0,2,1
WILSON - 009807,WILSON,009807,6,0.9999984601,1.0,2,1
WILSON - 009808,WILSON,009808,6,0.8367906338,1.0,2,1
WILSON - 009809,WILSON,009809,5,1.0,1.0,1,0
WILSON - 009810,WILSON,009810,5,0.9306238702,1.0,2,1
WILSON - 009811,WILSON,009811,6,0.9997887836,1.0,2,1
WILSON - 009812,WILSON,009812,6,0.9997868127,1.0,3,1
WILSON - 009814,WILSON,009814,5,1.0,1.0,1,0
WILSON - 009815,WILSON,009815,5,1.0,1.0,1,0
WILSON - 009816,WILSON,009816,5,0.9994727718,1.0,3,1
WILSON - 009817,WILSON,009817,5,0.9999990441,1.0,2,1
WILSON - 009818,WILSON,009818,5,0.9998042209,1.0,2,1
WILSON - 009819,WILSON,009819,5,1.0,1.0,1,0
WILSON - 009820,WILSON,009820,6,0.9999999721,1.0,2,1
WILSON - 009822,WILSON,009822,5,1.0,1.0,1,0
WILSON - 009823,WILSON,009823,5,0.9997146742,1.0,2,1
WILSON - 009824,WILSON,009824,6,0.9984769888,1.0,2,1
WILSON - 009825,WILSON,009825,5,0.8972542493,1.0,2,1
WILSON - 009826,WILSON,009826,6,0.5607397889,1.0,2,1
WILSON - 009827,WILSON,009827,5,1.0,1.0,1,0
WILSON - 009828,WILSON,009828,6,0.9369818607,1.0,2,1
WILSON - 009829,WILSON,009829,5,0.6313470283,1.0,2,1
WILSON - 009830,WILSON,009830,5,1.0,1.0,1,0
WILSON - 009831,WILSON,009831,5,1.0,1.0,1,0
WILSON - 009832,WILSON,009832,5,0.9976723105,1.0,2,1
WILSON - 009833,WILSON,009833,5,1.0,1.0,1,0
