audit_label,scope,lines_year,contest_type,year,district,has_allocated_result,has_reference_result,calc_dem_votes,ref_dem_votes,dem_delta,calc_rep_votes,ref_rep_votes,rep_delta,calc_other_votes,ref_other_votes,other_delta,calc_total_votes,ref_total_votes,total_delta,abs_total_delta,total_delta_pct_of_ref,calc_margin_pct,ref_margin_pct,margin_pct_delta,abs_margin_pct_delta
state_house_2022,state_house,2022,governor,2022,91,True,True,5277.256,175.0,5102.256,1403.439,299.0,1104.439,184.6964,11.0,173.6964,6865.3914,485.0,6380.3914,6380.3914,1315.5446,-56.4253,25.567,-81.9923,81.9923
state_house_2022,state_house,2022,governor,2022,96,True,True,5342.4212,330.0,5012.4212,3130.177,431.0,2699.177,206.1557,9.0,197.1557,8678.7538,770.0,7908.7538,7908.7538,1027.1109,-25.4903,13.1169,-38.6072,38.6072
state_house_2022,state_house,2022,governor,2022,86,True,True,4645.9306,315.0,4330.9306,2502.0644,360.0,2142.0644,170.465,16.0,154.465,7318.46,691.0,6627.46,6627.46,959.1114,-29.294,6.5123,-35.8063,35.8063
state_house_2022,state_house,2022,governor,2022,84,True,True,3752.5812,401.0,3351.5812,659.8483,187.0,472.8483,101.9395,11.0,90.9395,4514.369,599.0,3915.369,3915.369,653.6509,-68.5086,-35.7262,-32.7824,32.7824
state_senate_2022,state_senate,2022,governor,2022,30,True,True,12026.359,1179.0,10847.359,7090.7555,1606.0,5484.7555,478.7931,38.0,440.7931,19595.9077,2823.0,16772.9077,16772.9077,594.1519,-25.1869,15.1258,-40.3127,40.3127
state_senate_2022,state_senate,2022,governor,2022,33,True,True,12819.1365,2810.0,10009.1365,3952.3841,1385.0,2567.3841,406.2223,56.0,350.2223,17177.7429,4251.0,12926.7429,12926.7429,304.0871,-51.6177,-33.5215,-18.0962,18.0962
state_house_2022,state_house,2022,governor,2022,85,True,True,6123.0188,2642.0,3481.0188,1573.8329,1322.0,251.8329,149.7661,52.0,97.7661,7846.6178,4016.0,3830.6178,3830.6178,95.3839,-57.9764,-32.8685,-25.1079,25.1079
state_senate_2022,state_senate,2022,governor,2022,29,True,True,20762.4984,11080.0,9682.4984,6125.3761,2951.0,3174.3761,696.864,388.0,308.864,27584.7384,14419.0,13165.7384,13165.7384,91.3083,-53.0624,-56.377,3.3146,3.3146
state_house_2022,state_house,2022,governor,2022,34,True,True,5553.6898,3356.0,2197.6898,9484.7642,5188.0,4296.7642,324.2196,183.0,141.2196,15362.6736,8727.0,6635.6736,6635.6736,76.0361,25.5885,20.9923,4.5962,4.5962
state_senate_2022,state_senate,2022,us_senate,2024,21,True,True,48116.8939,29551.0,18565.8939,31057.6088,16524.0,14533.6088,1585.3681,984.0,601.3681,80759.8707,47059.0,33700.8707,33700.8707,71.6141,-21.1235,-27.6823,6.5588,6.5588
state_house_2022,state_house,2022,us_senate,2024,19,True,True,18314.0782,8424.0,9890.0782,37556.9758,24478.0,13078.9758,829.3966,470.0,359.3966,56700.4506,33372.0,23328.4506,23328.4506,69.9043,33.9378,48.1062,-14.1684,14.1684
state_house_2022,state_house,2022,president,2024,19,True,True,17917.8863,8032.0,9885.8863,38096.4199,25062.0,13034.4199,765.8895,396.0,369.8895,56780.1957,33490.0,23290.1957,23290.1957,69.5437,35.538,50.851,-15.313,15.313
state_house_2022,state_house,2022,governor,2022,87,True,False,4324.2307,0.0,4324.2307,960.8736,0.0,960.8736,145.0837,0.0,145.0837,5430.188,0.0,5430.188,5430.188,0.0,-61.9381,0.0,-61.9381,61.9381
state_house_2022,state_house,2022,us_senate,2024,52,True,True,19044.5483,13502.0,5542.5483,12511.8762,5963.0,6548.8762,614.1451,460.0,154.1451,32170.5697,19925.0,12245.5697,12245.5697,61.4583,-20.3064,-37.8369,17.5305,17.5305
state_house_2022,state_house,2022,president,2024,52,True,True,19271.0399,13824.0,5447.0399,12769.1355,6308.0,6461.1355,632.2153,384.0,248.2153,32672.3907,20516.0,12156.3907,12156.3907,59.2532,-19.9003,-36.6348,16.7345,16.7345
state_house_2022,state_house,2022,governor,2022,95,True,True,11889.7215,17160.0,-5270.2785,9862.0187,3677.0,6185.0187,610.7783,770.0,-159.2217,22362.5184,21607.0,755.5184,755.5184,3.4966,-9.0674,-62.4011,53.3337,53.3337
state_senate_2022,state_senate,2022,president,2020,29,True,True,64736.3633,44464.0,20272.3633,12127.8193,8359.0,3768.8193,1240.4208,841.0,399.4208,78104.6035,53664.0,24440.6035,24440.6035,45.5438,-67.3565,-67.2797,-0.0768,0.0768
state_house_2022,state_house,2022,governor,2022,93,True,False,4069.8592,0.0,4069.8592,1561.6856,0.0,1561.6856,168.4975,0.0,168.4975,5800.0422,0.0,5800.0422,5800.0422,0.0,-43.2441,0.0,-43.2441,43.2441
state_house_2022,state_house,2022,us_senate,2024,14,True,True,10061.9229,15527.0,-5465.0771,13777.4119,25998.0,-12220.5881,361.5336,556.0,-194.4664,24200.8684,42081.0,-17880.1316,17880.1316,-42.4898,15.3527,24.883,-9.5303,9.5303
state_house_2022,state_house,2022,president,2024,14,True,True,9983.4973,15529.0,-5545.5027,13755.1625,25812.0,-12056.8375,434.2987,643.0,-208.7013,24172.9586,41984.0,-17811.0414,17811.0414,-42.4234,15.6028,24.4927,-8.8898,8.8898
state_house_2022,state_house,2022,governor,2022,99,True,True,29988.4288,53822.0,-23833.5712,39547.4781,65599.0,-26051.5219,1385.2914,2417.0,-1031.7086,70921.1983,121838.0,-50916.8017,50916.8017,-41.7906,13.4784,9.6661,3.8123,3.8123
state_house_2022,state_house,2022,president,2024,97,True,True,18431.8796,17265.0,1166.8796,6499.4047,15141.0,-8641.5953,490.2866,624.0,-133.7134,25421.5709,33030.0,-7608.4291,7608.4291,-23.0349,-46.9384,-6.4305,-40.5079,40.5079
state_senate_2022,state_senate,2022,president,2024,21,True,True,48400.2015,35613.0,12787.2015,31643.2472,21482.0,10161.2472,1702.5547,1223.0,479.5547,81746.0034,58318.0,23428.0034,23428.0034,40.1729,-20.4988,-24.2309,3.7321,3.7321
state_house_2022,state_house,2022,us_senate,2024,97,True,True,17123.4415,16851.0,272.4415,6875.7327,15344.0,-8468.2673,718.0697,585.0,133.0697,24717.2439,32780.0,-8062.7561,8062.7561,-24.5966,-41.4598,-4.5973,-36.8624,36.8624
state_house_2022,state_house,2022,us_senate,2024,29,True,True,7264.8704,11386.0,-4121.1296,15610.2094,24760.0,-9149.7906,402.5482,653.0,-250.4518,23277.628,36799.0,-13521.372,13521.372,-36.7439,35.8513,36.3434,-0.4921,0.4921
state_house_2022,state_house,2022,president,2024,29,True,True,7542.2432,11866.0,-4323.7568,15638.6584,24710.0,-9071.3416,311.574,507.0,-195.426,23492.4757,37083.0,-13590.5243,13590.5243,-36.6489,34.4639,34.6358,-0.172,0.172
state_house_2022,state_house,2022,president,2024,85,True,True,17867.1196,23435.0,-5567.8804,8048.8906,3356.0,4692.8906,492.3427,450.0,42.3427,26408.3529,27241.0,-832.6471,832.6471,-3.0566,-37.1785,-73.7087,36.5302,36.5302
state_senate_2022,state_senate,2022,us_senate,2024,29,True,True,45994.8531,37598.0,8396.8531,20820.5375,11404.0,9416.5375,2270.5387,1604.0,666.5387,69085.9292,50606.0,18479.9292,18479.9292,36.5173,-36.4391,-51.7607,15.3215,15.3215
state_senate_2022,state_senate,2022,president,2024,29,True,True,49389.8209,42106.0,7283.8209,20318.4083,9264.0,11054.4083,1342.6054,942.0,400.6054,71050.8346,52312.0,18738.8346,18738.8346,35.8213,-40.9164,-62.781,21.8647,21.8647
state_house_2022,state_house,2022,us_senate,2024,89,True,True,9716.3935,12691.0,-2974.6065,13057.8986,22687.0,-9629.1014,358.6499,553.0,-194.3501,23132.9419,35931.0,-12798.0581,12798.0581,-35.6184,14.4448,27.82,-13.3752,13.3752
state_house_2022,state_house,2022,president,2024,89,True,True,9573.166,12616.0,-3042.834,13229.834,22866.0,-9636.166,393.336,541.0,-147.664,23196.3359,36023.0,-12826.6641,12826.6641,-35.6069,15.764,28.454,-12.6901,12.6901
state_senate_2022,state_senate,2022,governor,2022,32,True,True,42893.6487,71559.0,-28665.3513,48285.5439,69802.0,-21516.4561,2226.9672,3426.0,-1199.0328,93406.1598,144787.0,-51380.8402,51380.8402,-35.4872,5.7725,-1.2135,6.986,6.986
state_house_2022,state_house,2022,us_senate,2024,85,True,True,16879.419,21745.0,-4865.581,8275.3162,3630.0,4645.3162,670.8828,1014.0,-343.1172,25825.618,26389.0,-563.382,563.382,-2.1349,-33.3162,-68.646,35.3299,35.3299
congressional_2022,congressional,2022,governor,2022,9,True,True,69021.3148,47255.0,21766.3148,41178.4429,34338.0,6840.4429,2661.9432,1826.0,835.9432,112861.7009,83419.0,29442.7009,29442.7009,35.295,-24.6699,-15.4845,-9.1854,9.1854
state_senate_2022,state_senate,2022,us_senate,2024,20,True,True,71042.1111,106686.0,-35643.8889,40331.0556,65265.0,-24933.9444,2501.2087,3659.0,-1157.7913,113874.3755,175610.0,-61735.6245,61735.6245,-35.155,-26.9692,-23.5869,-3.3823,3.3823
state_house_2022,state_house,2022,us_senate,2024,99,True,True,10951.7392,12158.0,-1206.2608,12259.3493,23326.0,-11066.6507,614.6132,781.0,-166.3868,23825.7017,36265.0,-12439.2983,12439.2983,-34.3011,5.4882,30.7955,-25.3073,25.3073
state_house_2022,state_house,2022,president,2024,99,True,True,11517.0205,12739.0,-1221.9795,12465.0242,23655.0,-11189.9758,391.535,511.0,-119.465,24373.5797,36905.0,-12531.4203,12531.4203,-33.9559,3.8895,29.5786,-25.6892,25.6892
state_house_2022,state_house,2022,president,2024,91,True,True,17217.4078,16927.0,290.4078,7349.0742,2580.0,4769.0742,469.9375,404.0,65.9375,25036.4195,19911.0,5125.4195,5125.4195,25.7416,-39.4159,-72.0556,32.6397,32.6397
state_senate_2022,state_senate,2022,president,2024,11,True,True,44495.3839,32856.0,11639.3839,62970.8788,48437.0,14533.8788,1672.8527,1238.0,434.8527,109139.1153,82531.0,26608.1153,26608.1153,32.2401,16.9284,18.879,-1.9506,1.9506
state_senate_2022,state_senate,2022,us_senate,2024,19,True,True,42121.8971,32601.0,9520.8971,15774.423,11189.0,4585.423,1231.7258,958.0,273.7258,59128.0458,44748.0,14380.0458,14380.0458,32.1356,-44.56,-47.8502,3.2902,3.2902
state_senate_2022,state_senate,2022,president,2020,20,True,True,56141.1765,83993.0,-27851.8235,43558.8929,62446.0,-18887.1071,2886.6749,3817.0,-930.3251,102586.7443,150256.0,-47669.2557,47669.2557,-31.7254,-12.265,-14.3402,2.0752,2.0752
state_house_2022,state_house,2022,us_senate,2024,88,True,True,13328.2234,14839.0,-1510.7766,11360.8452,6339.0,5021.8452,604.3443,656.0,-51.6557,25293.4129,21834.0,3459.4129,3459.4129,15.8442,-7.7782,-38.9301,31.1519,31.1519
state_house_2022,state_house,2022,president,2024,88,True,True,14133.1491,15761.0,-1627.8509,11177.1349,6266.0,4911.1349,480.2164,423.0,57.2164,25790.5005,22450.0,3340.5005,3340.5005,14.8797,-11.4616,-42.294,30.8323,30.8323
state_house_2022,state_house,2022,us_senate,2024,51,True,True,18114.2509,24968.0,-6853.7491,6527.282,10667.0,-4139.718,544.968,753.0,-208.032,25186.5009,36388.0,-11201.4991,11201.4991,-30.7835,-46.0047,-39.3014,-6.7033,6.7033
congressional_2026,congressional,2026,governor,2022,5,True,True,51006.5787,86139.0,-35132.4213,106569.6287,140958.0,-34388.3713,3621.9431,5504.0,-1882.0569,161198.1505,232601.0,-71402.8495,71402.8495,-30.6976,34.4688,23.5678,10.901,10.901
state_house_2022,state_house,2022,us_senate,2024,91,True,True,16261.0672,15742.0,519.0672,7397.6794,2889.0,4508.6794,768.8154,598.0,170.8154,24427.562,19229.0,5198.562,5198.562,27.035,-36.2844,-66.8417,30.5574,30.5574
state_house_2022,state_house,2022,president,2024,51,True,True,18324.7531,24938.0,-6613.2469,6721.285,11134.0,-4412.715,604.7403,787.0,-182.2597,25650.7784,36859.0,-11208.2216,11208.2216,-30.4084,-45.2363,-37.4508,-7.7855,7.7855
state_senate_2022,state_senate,2022,president,2020,30,True,True,49454.0747,69601.0,-20146.9253,16570.3041,24260.0,-7689.6959,1153.2059,1575.0,-421.7941,67177.5848,95436.0,-28258.4152,28258.4152,-29.6098,-48.9505,-47.5093,-1.4412,1.4412
state_house_2022,state_house,2022,president,2024,54,True,True,15120.6284,22254.0,-7133.3716,4177.8123,5095.0,-917.1877,389.9917,542.0,-152.0083,19688.4325,27891.0,-8202.5675,8202.5675,-29.4094,-55.5799,-61.5216,5.9417,5.9417
state_house_2022,state_house,2022,president,2024,50,True,True,22137.8587,16832.0,5305.8587,10893.2622,15402.0,-4508.7378,637.1171,674.0,-36.8829,33668.2381,32908.0,760.2381,760.2381,2.3102,-33.3982,-4.3454,-29.0528,29.0528
state_house_2022,state_house,2022,us_senate,2024,54,True,True,14878.1282,21585.0,-6706.8718,4079.4511,5089.0,-1009.5489,395.8607,591.0,-195.1393,19353.44,27265.0,-7911.56,7911.56,-29.0173,-55.7972,-60.5025,4.7053,4.7053
state_house_2022,state_house,2022,us_senate,2024,93,True,True,14744.0177,12179.0,2565.0177,5769.0283,3667.0,2102.0283,593.2931,521.0,72.2931,21106.3391,16367.0,4739.3391,4739.3391,28.9567,-42.5227,-52.0071,9.4844,9.4844
state_house_2022,state_house,2022,us_senate,2024,55,True,True,13110.3287,11674.0,1436.3287,7567.6371,4332.0,3235.6371,429.8406,408.0,21.8406,21107.8064,16414.0,4693.8064,4693.8064,28.5964,-26.259,-44.7301,18.4711,18.4711
state_house_2022,state_house,2022,us_senate,2024,50,True,True,21705.5947,16684.0,5021.5947,10596.7316,15043.0,-4446.2684,716.9636,645.0,71.9636,33019.2899,32372.0,647.2899,647.2899,1.9995,-33.6436,-5.0692,-28.5744,28.5744
state_house_2022,state_house,2022,us_senate,2024,67,True,True,12580.5015,10627.0,1953.5015,15641.1284,11319.0,4322.1284,902.1158,718.0,184.1158,29123.7457,22664.0,6459.7457,6459.7457,28.5022,10.509,3.0533,7.4557,7.4557
state_house_2022,state_house,2022,president,2024,67,True,True,13409.678,11386.0,2023.678,16330.3476,11777.0,4553.3476,486.5221,394.0,92.5221,30226.5477,23557.0,6669.5477,6669.5477,28.3124,9.6626,1.6598,8.0028,8.0028
state_house_2022,state_house,2022,president,2024,93,True,True,15685.8464,13021.0,2664.8464,5595.2135,3530.0,2065.2135,400.0197,349.0,51.0197,21681.0796,16900.0,4781.0796,4781.0796,28.2904,-46.5412,-56.1598,9.6186,9.6186
state_house_2022,state_house,2022,us_senate,2024,87,True,True,15011.0689,12508.0,2503.0689,4302.9169,2654.0,1648.9169,699.5787,535.0,164.5787,20013.5645,15697.0,4316.5645,4316.5645,27.4993,-53.5045,-62.7763,9.2719,9.2719
state_house_2022,state_house,2022,governor,2022,88,True,True,14353.3074,19676.0,-5322.6926,6991.0157,9766.0,-2774.9843,550.7091,751.0,-200.2909,21895.0322,30193.0,-8297.9678,8297.9678,-27.4831,-33.6254,-32.8222,-0.8032,0.8032
state_house_2022,state_house,2022,president,2024,37,True,True,7879.3607,10419.0,-2539.6393,11849.6818,16782.0,-4932.3182,329.7169,431.0,-101.2831,20058.7594,27632.0,-7573.2406,7573.2406,-27.4075,19.7935,23.0276,-3.2342,3.2342
state_house_2022,state_house,2022,us_senate,2024,37,True,True,7751.4159,10234.0,-2482.5841,11533.9308,16322.0,-4788.0692,461.515,642.0,-180.485,19746.8616,27198.0,-7451.1384,7451.1384,-27.3959,19.155,22.384,-3.229,3.229
state_house_2022,state_house,2022,governor,2022,83,True,False,4308.0576,0.0,4308.0576,7630.3899,0.0,7630.3899,236.8704,0.0,236.8704,12175.318,0.0,12175.318,12175.318,0.0,27.2874,0.0,27.2874,27.2874
state_house_2022,state_house,2022,us_senate,2024,28,True,True,19894.0771,17535.0,2359.0771,10347.0827,6237.0,4110.0827,795.9626,679.0,116.9626,31037.1224,24451.0,6586.1224,6586.1224,26.936,-30.7599,-46.2067,15.4468,15.4468
state_house_2022,state_house,2022,president,2024,28,True,True,20918.7566,18370.0,2548.7566,10166.5918,6129.0,4037.5918,528.8101,430.0,98.8101,31614.1585,24929.0,6685.1585,6685.1585,26.8168,-34.0106,-49.1035,15.0929,15.0929
state_house_2022,state_house,2022,president,2024,55,True,True,13251.8111,11892.0,1359.8111,7764.9551,4659.0,3105.9551,419.204,357.0,62.204,21435.9702,16908.0,4527.9702,4527.9702,26.78,-25.5965,-42.7786,17.1821,17.1821
state_senate_2022,state_senate,2022,president,2024,20,True,True,72323.4117,87954.0,-15630.5883,41150.7459,65535.0,-24384.2541,2394.5223,3282.0,-887.4777,115868.6798,156771.0,-40902.3202,40902.3202,-26.0905,-26.9034,-14.3005,-12.603,12.603
state_house_2022,state_house,2022,president,2024,87,True,True,16167.0376,13627.0,2540.0376,4101.8923,2441.0,1660.8923,390.0412,318.0,72.0412,20658.971,16386.0,4272.971,4272.971,26.077,-58.4015,-68.2656,9.8641,9.8641
state_house_2022,state_house,2022,us_senate,2024,53,True,True,17747.2312,14406.0,3341.2312,11295.6581,8483.0,2812.6581,582.5547,622.0,-39.4453,29625.444,23511.0,6114.444,6114.444,26.0067,-21.7771,-25.1925,3.4153,3.4153
state_house_2022,state_house,2022,president,2024,53,True,True,17859.4019,14505.0,3354.4019,11550.0828,8943.0,2607.0828,668.4927,565.0,103.4927,30077.9774,24013.0,6064.9774,6064.9774,25.2571,-20.9765,-23.1625,2.1859,2.1859
state_house_2022,state_house,2022,us_senate,2024,16,True,True,13628.1652,10571.0,3057.1652,26709.3541,21761.0,4948.3541,579.1845,498.0,81.1845,40916.7038,32830.0,8086.7038,8086.7038,24.6321,31.9703,34.0847,-2.1144,2.1144
state_house_2022,state_house,2022,president,2024,16,True,True,13419.864,10316.0,3103.864,26992.202,22171.0,4821.202,560.744,444.0,116.744,40972.81,32931.0,8041.81,8041.81,24.4202,33.1252,35.9995,-2.8743,2.8743
state_house_2022,state_house,2022,us_senate,2024,44,True,True,7120.7439,8917.0,-1796.2561,19711.4084,26473.0,-6761.5916,568.6233,780.0,-211.3767,27400.7755,36170.0,-8769.2245,8769.2245,-24.2445,45.95,48.5375,-2.5874,2.5874
state_house_2022,state_house,2022,president,2024,44,True,True,7291.145,9051.0,-1759.855,20508.5683,27650.0,-7141.4317,313.2616,390.0,-76.7384,28112.9749,37091.0,-8978.0251,8978.0251,-24.2054,47.0154,50.1442,-3.1289,3.1289
state_house_2022,state_house,2022,us_senate,2024,68,True,True,9588.7221,11483.0,-1894.2779,16825.8557,23300.0,-6474.1443,696.5117,796.0,-99.4883,27111.0894,35579.0,-8467.9106,8467.9106,-23.8003,26.6944,33.2134,-6.519,6.519
state_house_2022,state_house,2022,governor,2022,98,True,True,10365.4123,14474.0,-4108.5877,4329.3741,4745.0,-415.6259,402.6075,546.0,-143.3925,15097.394,19765.0,-4667.606,4667.606,-23.6155,-39.9807,-49.2234,9.2427,9.2427
state_house_2022,state_house,2022,president,2024,68,True,True,10193.9372,12064.0,-1870.0628,17346.936,24017.0,-6670.064,400.8525,487.0,-86.1475,27941.7257,36568.0,-8626.2743,8626.2743,-23.5897,25.5997,32.687,-7.0873,7.0873
state_senate_2022,state_senate,2022,president,2020,31,True,True,48824.5802,38816.0,10008.5802,64842.3414,53206.0,11636.3414,1808.3418,1414.0,394.3418,115475.2634,93436.0,22039.2634,22039.2634,23.5876,13.8712,15.4009,-1.5298,1.5298
state_house_2022,state_house,2022,us_senate,2024,27,True,True,17960.5981,15046.0,2914.5981,28955.2845,23142.0,5813.2845,887.8732,733.0,154.8732,47803.7558,38921.0,8882.7558,8882.7558,22.8225,22.9996,20.8011,2.1985,2.1985
state_house_2022,state_house,2022,president,2024,27,True,True,18345.418,15371.0,2974.418,28741.874,22986.0,5755.874,785.424,653.0,132.424,47872.716,39010.0,8862.716,8862.716,22.7191,21.7169,19.5206,2.1962,2.1962
state_senate_2022,state_senate,2022,president,2024,10,True,True,35148.089,46501.0,-11352.911,56785.4081,71601.0,-14815.5919,1374.051,1819.0,-444.949,93307.5482,119921.0,-26613.4518,26613.4518,-22.1925,23.1892,20.9304,2.2588,2.2588
state_senate_2022,state_senate,2022,president,2020,11,True,True,43210.9403,35455.0,7755.9403,60127.5792,49302.0,10825.5792,2087.8777,1677.0,410.8777,105426.3971,86434.0,18992.3971,18992.3971,21.9733,16.0459,16.0203,0.0256,0.0256
state_senate_2022,state_senate,2022,president,2024,33,True,True,41575.6915,43951.0,-2375.3085,16088.221,8868.0,7220.221,1055.7449,924.0,131.7449,58719.6573,53743.0,4976.6573,4976.6573,9.2601,-43.4053,-65.2792,21.8739,21.8739
state_house_2022,state_house,2022,president,2024,84,True,True,12496.1934,13735.0,-1238.8066,3632.8529,1783.0,1849.8529,296.8643,259.0,37.8643,16425.9105,15777.0,648.9105,648.9105,4.113,-53.9595,-75.7558,21.7963,21.7963
state_senate_2022,state_senate,2022,president,2020,32,True,True,35210.3346,44694.0,-9483.6654,52689.4854,66885.0,-14195.5146,1365.0951,1695.0,-329.9049,89264.9152,113274.0,-24009.0848,24009.0848,-21.1956,19.5812,19.5906,-0.0093,0.0093
state_senate_2022,state_senate,2022,us_senate,2024,33,True,True,39161.9077,40813.0,-1651.0923,16458.4163,9204.0,7254.4163,1571.1228,1929.0,-357.8772,57191.4469,51946.0,5245.4469,5245.4469,10.0979,-39.6974,-60.8497,21.1524,21.1524
state_senate_2022,state_senate,2022,president,2024,31,True,True,46495.8437,34673.0,11822.8437,43200.2943,49423.0,-6222.7057,1495.2954,1559.0,-63.7046,91191.4334,85655.0,5536.4334,5536.4334,6.4636,-3.6139,17.2202,-20.8341,20.8341
state_house_2022,state_house,2022,president,2024,58,True,True,12730.6895,17502.0,-4771.3105,5101.0907,4976.0,125.0907,378.744,505.0,-126.256,18210.5241,22983.0,-4772.4759,4772.4759,-20.7652,-41.8966,-54.5012,12.6045,12.6045
state_house_2022,state_house,2022,us_senate,2024,58,True,True,12454.9705,16950.0,-4495.0295,4983.2325,4994.0,-10.7675,419.7943,543.0,-123.2057,17857.9974,22487.0,-4629.0026,4629.0026,-20.5852,-41.8397,-53.1685,11.3288,11.3288
state_house_2022,state_house,2022,governor,2022,28,True,True,10889.5794,8983.0,1906.5794,6129.5518,5130.0,999.5518,355.0645,302.0,53.0645,17374.1957,14415.0,2959.1957,2959.1957,20.5286,-27.3971,-26.7291,-0.668,0.668
state_house_2022,state_house,2022,president,2024,59,True,True,29830.3249,20975.0,8855.3249,19432.7934,19931.0,-498.2066,1050.3104,883.0,167.3104,50313.4286,41789.0,8524.4286,8524.4286,20.3987,-20.6655,-2.4983,-18.1673,18.1673
state_house_2022,state_house,2022,president,2024,98,True,True,14334.4658,15851.0,-1516.5342,9042.9487,6279.0,2763.9487,418.6853,405.0,13.6853,23796.0997,22535.0,1261.0997,1261.0997,5.5962,-22.2369,-42.4761,20.2392,20.2392
state_senate_2022,state_senate,2022,governor,2022,31,True,True,24894.6662,26771.0,-1876.3338,35759.5746,25473.0,10286.5746,1308.9831,1210.0,98.9831,61963.2239,53454.0,8509.2239,8509.2239,15.9188,17.5344,-2.4283,19.9627,19.9627
congressional_2026,congressional,2026,us_senate,2020,9,True,True,131148.5541,103727.0,27421.5541,177990.2192,217084.0,-39093.7808,7902.4206,7973.0,-70.5794,317041.1939,328784.0,-11742.8061,11742.8061,-3.5716,14.7746,34.4777,-19.703,19.703
state_senate_2022,state_senate,2022,us_senate,2024,11,True,True,43183.9746,37031.0,6152.9746,63056.6004,51899.0,11157.6004,2083.0855,1738.0,345.0855,108323.6604,90668.0,17655.6604,17655.6604,19.4729,18.3456,16.3983,1.9473,1.9473
state_house_2022,state_house,2022,us_senate,2024,98,True,True,13855.8559,15021.0,-1165.1441,9071.5108,6289.0,2782.5108,524.7545,619.0,-94.2455,23452.1211,21929.0,1523.1211,1523.1211,6.9457,-20.4005,-39.8194,19.4189,19.4189
congressional_2026,congressional,2026,president,2020,9,True,True,144078.9676,116268.0,27810.9676,179684.0224,219441.0,-39756.9776,5043.8127,6198.0,-1154.1873,328806.8027,341907.0,-13100.1973,13100.1973,-3.8315,10.8286,30.1757,-19.3472,19.3472
state_house_2022,state_house,2022,us_senate,2024,59,True,True,29308.0898,20719.0,8589.0898,19202.7187,20154.0,-951.2813,1080.763,686.0,394.763,49591.5715,41559.0,8032.5715,8032.5715,19.3281,-20.3772,-1.3595,-19.0177,19.0177
state_house_2022,state_house,2022,president,2024,95,True,True,16289.9674,11343.0,4946.9674,22338.5017,23728.0,-1389.4983,609.44,586.0,23.44,39237.9091,35657.0,3580.9091,3580.9091,10.0427,15.415,34.7337,-19.3187,19.3187
state_house_2022,state_house,2022,us_senate,2024,84,True,True,11646.3328,12503.0,-856.6672,3708.0357,1990.0,1718.0357,535.2645,690.0,-154.7355,15889.633,15183.0,706.633,706.633,4.6541,-49.959,-69.2419,19.2829,19.2829
congressional_2026,congressional,2026,governor,2022,9,True,True,56854.3638,71943.0,-15088.6362,112761.9783,137794.0,-25032.0217,3616.3207,4795.0,-1178.6793,173232.6628,214532.0,-41299.3372,41299.3372,-19.2509,32.2731,30.6952,1.5779,1.5779
