prctseq,display_code,code4,polling_location,mentioned_codes,pdf_url,pdf_filename,override_targets,override_vtd20s,override_vtd_names,override_weights,override_source,override_confidence,status
0001,01-01,0101,,,https://www.electionsshelbytn.gov/wp-content/uploads/2025/12/PrecinctPollingLoc_0101.pdf,PrecinctPollingLoc_0101.pdf,1,008051,ARL-01,1.0,shelby_geometry_review,core_tn08,resolved
0002,01-02,0102,,,https://www.electionsshelbytn.gov/wp-content/uploads/2025/12/PrecinctPollingLoc_0102.pdf,PrecinctPollingLoc_0102.pdf,1,008052,ARL-02,1.0,shelby_geometry_review,core_tn08,resolved
0003,01-03,0103,,,https://www.electionsshelbytn.gov/wp-content/uploads/2025/12/PrecinctPollingLoc_0103.pdf,PrecinctPollingLoc_0103.pdf,1,008054,Bartlett 03,1.0,shelby_geometry_review,core_tn08,resolved
0004,01-04,0104,,,https://www.electionsshelbytn.gov/wp-content/uploads/2025/12/PrecinctPollingLoc_0104.pdf,PrecinctPollingLoc_0104.pdf,1,008055,Bartlett 04,1.0,shelby_geometry_review,core_tn08,resolved
0005,01-05,0105,,,https://www.electionsshelbytn.gov/wp-content/uploads/2025/12/PrecinctPollingLoc_0105.pdf,PrecinctPollingLoc_0105.pdf,1,008056,Bartlett 05,1.0,shelby_geometry_review,core_tn08,resolved
0006,01-06,0106,,,https://www.electionsshelbytn.gov/wp-content/uploads/2025/12/PrecinctPollingLoc_0106.pdf,PrecinctPollingLoc_0106.pdf,1,008057,Bartlett 06,1.0,shelby_geometry_review,core_tn08,resolved
0007,01-07,0107,,,https://www.electionsshelbytn.gov/wp-content/uploads/2025/12/PrecinctPollingLoc_0107.pdf,PrecinctPollingLoc_0107.pdf,1,008065,Brunswick 1,1.0,shelby_geometry_review,core_tn08,resolved
0008,01-08,0108,,,https://www.electionsshelbytn.gov/wp-content/uploads/2025/12/PrecinctPollingLoc_0108.pdf,PrecinctPollingLoc_0108.pdf,1,008058,Bartlett 08,1.0,shelby_geometry_review,core_tn08,resolved
0009,01-09,0109,,,https://www.electionsshelbytn.gov/wp-content/uploads/2025/12/PrecinctPollingLoc_0109.pdf,PrecinctPollingLoc_0109.pdf,1,008053,Bartlett 09,1.0,shelby_geometry_review,core_tn08,resolved
0010,01-10,0110,,,https://www.electionsshelbytn.gov/wp-content/uploads/2025/12/PrecinctPollingLoc_0110.pdf,PrecinctPollingLoc_0110.pdf,1,008068,Collierville 1,1.0,shelby_geometry_review,sliver_only,resolved
0011,01-11,0111,,,https://www.electionsshelbytn.gov/wp-content/uploads/2025/12/PrecinctPollingLoc_0111.pdf,PrecinctPollingLoc_0111.pdf,1,008060,Bartlett 11,1.0,shelby_geometry_review,core_tn08,resolved
0012,02-01,0201,,,https://www.electionsshelbytn.gov/wp-content/uploads/2025/12/PrecinctPollingLoc_0201.pdf,PrecinctPollingLoc_0201.pdf,1,008061,Memphis 87-2,1.0,shelby_geometry_review,boundary_split,resolved
0013,02-02,0202,,,https://www.electionsshelbytn.gov/wp-content/uploads/2025/12/PrecinctPollingLoc_0202.pdf,PrecinctPollingLoc_0202.pdf,1,008066,Brunswick 2,1.0,shelby_geometry_review,core_tn08,resolved
0014,02-03,0203,,,https://www.electionsshelbytn.gov/wp-content/uploads/2025/12/PrecinctPollingLoc_0203.pdf,PrecinctPollingLoc_0203.pdf,1,008069,Collierville 2,1.0,shelby_geometry_review,sliver_only,resolved
0015,02-04,0204,,,https://www.electionsshelbytn.gov/wp-content/uploads/2025/12/PrecinctPollingLoc_0204.pdf,PrecinctPollingLoc_0204.pdf,1,008064,Memphis 87-4,1.0,shelby_geometry_review,core_tn08,resolved
0016,02-05,0205,,,https://www.electionsshelbytn.gov/wp-content/uploads/2025/12/PrecinctPollingLoc_0205.pdf,PrecinctPollingLoc_0205.pdf,1,008072,Collierville 5,1.0,shelby_geometry_review,boundary_split,resolved
0017,02-06,0206,,,https://www.electionsshelbytn.gov/wp-content/uploads/2025/12/PrecinctPollingLoc_0206.pdf,PrecinctPollingLoc_0206.pdf,1,008073,Collierville 6,1.0,shelby_geometry_review,core_tn08,resolved
0018,02-07,0207,The Farms at Bailey Station,0203;0211;0207;0204;0205;0208;0212;1203;2025,https://www.electionsshelbytn.gov/wp-content/uploads/2025/12/PrecinctPollingLoc_0207.pdf,PrecinctPollingLoc_0207.pdf,0,,,,,,needs_review
0019,02-08,0208,,,https://www.electionsshelbytn.gov/wp-content/uploads/2025/12/PrecinctPollingLoc_0208.pdf,PrecinctPollingLoc_0208.pdf,1,008075,Collierville 8,1.0,shelby_geometry_review,core_tn08,resolved
0020,02-09,0209,,,https://www.electionsshelbytn.gov/wp-content/uploads/2025/12/PrecinctPollingLoc_0209.pdf,PrecinctPollingLoc_0209.pdf,1,008079,Memphis 96-2,1.0,shelby_geometry_review,core_tn08,resolved
0021,02-10,0210,Christ Community Baptist,0210;0209;0205;0208;0212;2025,https://www.electionsshelbytn.gov/wp-content/uploads/2025/12/PrecinctPollingLoc_0210.pdf,PrecinctPollingLoc_0210.pdf,0,,,,,,needs_review
0022,02-11,0211,,,https://www.electionsshelbytn.gov/wp-content/uploads/2025/12/PrecinctPollingLoc_0211.pdf,PrecinctPollingLoc_0211.pdf,1,008086,Germantown 02,1.0,shelby_geometry_review,core_tn08,resolved
0023,02-12,0212,,,https://www.electionsshelbytn.gov/wp-content/uploads/2025/12/PrecinctPollingLoc_0212.pdf,PrecinctPollingLoc_0212.pdf,1,008095,Germantown 12,1.0,shelby_geometry_review,core_tn08,resolved
0024,02-13,0213,,,https://www.electionsshelbytn.gov/wp-content/uploads/2025/12/PrecinctPollingLoc_0213.pdf,PrecinctPollingLoc_0213.pdf,1,008063,Bartlett 13,1.0,shelby_geometry_review,core_tn08,resolved
0025,02-14,0214,,,https://www.electionsshelbytn.gov/wp-content/uploads/2025/12/PrecinctPollingLoc_0214.pdf,PrecinctPollingLoc_0214.pdf,1,008097,Lakeland 2,1.0,shelby_geometry_review,core_tn08,resolved
0026,02-15,0215,,,https://www.electionsshelbytn.gov/wp-content/uploads/2025/12/PrecinctPollingLoc_0215.pdf,PrecinctPollingLoc_0215.pdf,0,,,,,,needs_review
0027,03-01,0301,,,https://www.electionsshelbytn.gov/wp-content/uploads/2025/12/PrecinctPollingLoc_0301.pdf,PrecinctPollingLoc_0301.pdf,1,008070,Collierville 3,1.0,shelby_geometry_review,core_tn08,resolved
0028,03-02,0302,,,https://www.electionsshelbytn.gov/wp-content/uploads/2025/12/PrecinctPollingLoc_0302.pdf,PrecinctPollingLoc_0302.pdf,1,008076,Cordova 3,1.0,shelby_geometry_review,core_tn08,resolved
0029,03-03,0303,IH Clubhouse,0308;0111;0303;0302;0311;0106;0103;0307;2025,https://www.electionsshelbytn.gov/wp-content/uploads/2025/12/PrecinctPollingLoc_0303.pdf,PrecinctPollingLoc_0303.pdf,0,,,,,,needs_review
0030,03-04,0304,,,https://www.electionsshelbytn.gov/wp-content/uploads/2025/12/PrecinctPollingLoc_0304.pdf,PrecinctPollingLoc_0304.pdf,1,008071,Collierville 4,1.0,shelby_geometry_review,core_tn08,resolved
0031,03-05,0305,,,https://www.electionsshelbytn.gov/wp-content/uploads/2025/12/PrecinctPollingLoc_0305.pdf,PrecinctPollingLoc_0305.pdf,1,008078,Cordova 5,1.0,shelby_geometry_review,core_tn08,resolved
0032,03-06,0306,,,https://www.electionsshelbytn.gov/wp-content/uploads/2025/12/PrecinctPollingLoc_0306.pdf,PrecinctPollingLoc_0306.pdf,1,008087,Germantown 03,1.0,shelby_geometry_review,core_tn08,resolved
0033,03-07,0307,,,https://www.electionsshelbytn.gov/wp-content/uploads/2025/12/PrecinctPollingLoc_0307.pdf,PrecinctPollingLoc_0307.pdf,1,008099,Lucy 3,1.0,shelby_geometry_review,core_tn08,resolved
0034,03-08,0308,,,https://www.electionsshelbytn.gov/wp-content/uploads/2025/12/PrecinctPollingLoc_0308.pdf,PrecinctPollingLoc_0308.pdf,1,008091,Germantown 08,1.0,shelby_geometry_review,core_tn08,resolved
0035,03-09,0309,Waypoint Baptist,0309;0606;0305;0310;0609;0602;0502;0608;0604;2025,https://www.electionsshelbytn.gov/wp-content/uploads/2025/12/PrecinctPollingLoc_0309.pdf,PrecinctPollingLoc_0309.pdf,0,,,,,,needs_review
0036,03-10,0310,,,https://www.electionsshelbytn.gov/wp-content/uploads/2025/12/PrecinctPollingLoc_0310.pdf,PrecinctPollingLoc_0310.pdf,1,008093,Germantown 10,1.0,shelby_geometry_review,core_tn08,resolved
0037,03-11,0311,,,https://www.electionsshelbytn.gov/wp-content/uploads/2025/12/PrecinctPollingLoc_0311.pdf,PrecinctPollingLoc_0311.pdf,1,008094,Germantown 11,1.0,shelby_geometry_review,core_tn08,resolved
0038,04-01,0401,,,https://www.electionsshelbytn.gov/wp-content/uploads/2025/12/PrecinctPollingLoc_0401.pdf,PrecinctPollingLoc_0401.pdf,1,008077,Cordova 4,1.0,shelby_geometry_review,core_tn08,resolved
0039,04-02,0402,,,https://www.electionsshelbytn.gov/wp-content/uploads/2025/12/PrecinctPollingLoc_0402.pdf,PrecinctPollingLoc_0402.pdf,1,008080,Memphis 91-4,1.0,shelby_geometry_review,core_tn08,resolved
0040,04-03,0403,,,https://www.electionsshelbytn.gov/wp-content/uploads/2025/12/PrecinctPollingLoc_0403.pdf,PrecinctPollingLoc_0403.pdf,1,008088,Germantown 04,1.0,shelby_geometry_review,core_tn08,resolved
0041,04-04,0404,,,https://www.electionsshelbytn.gov/wp-content/uploads/2025/12/PrecinctPollingLoc_0404.pdf,PrecinctPollingLoc_0404.pdf,0,,,,,,needs_review
0042,04-05,0405,,,https://www.electionsshelbytn.gov/wp-content/uploads/2025/12/PrecinctPollingLoc_0405.pdf,PrecinctPollingLoc_0405.pdf,1,008089,Germantown 05,1.0,shelby_geometry_review,core_tn08,resolved
0043,04-06,0406,,,https://www.electionsshelbytn.gov/wp-content/uploads/2025/12/PrecinctPollingLoc_0406.pdf,PrecinctPollingLoc_0406.pdf,1,008090,Germantown 06,1.0,shelby_geometry_review,core_tn08,resolved
0044,04-07,0407,,,https://www.electionsshelbytn.gov/wp-content/uploads/2025/12/PrecinctPollingLoc_0407.pdf,PrecinctPollingLoc_0407.pdf,1,008139,Memphis 45-4,1.0,shelby_geometry_review,sliver_only,resolved
0045,04-08,0408,,,https://www.electionsshelbytn.gov/wp-content/uploads/2025/12/PrecinctPollingLoc_0408.pdf,PrecinctPollingLoc_0408.pdf,1,008159,Memphis 58-4,1.0,shelby_geometry_review,boundary_split,resolved
0046,04-09,0409,Emmanuel United Methodist Church 0206 - Germantown Presbyterian Church (Gym),0408;0404;0409;0206;0410;1202;1201;0405;0406;0411;1102;1104;1204;2025,https://www.electionsshelbytn.gov/wp-content/uploads/2025/12/PrecinctPollingLoc_0409.pdf,PrecinctPollingLoc_0409.pdf,0,,,,,,needs_review
0047,04-10,0410,,,https://www.electionsshelbytn.gov/wp-content/uploads/2025/12/PrecinctPollingLoc_0410.pdf,PrecinctPollingLoc_0410.pdf,1,008187,Memphis 71-4,1.0,shelby_geometry_review,sliver_only,resolved
0048,04-11,0411,The Great Hall,0411;0406;0405;0412;0410;0202;0206;0203;0510;2025,https://www.electionsshelbytn.gov/wp-content/uploads/2025/12/PrecinctPollingLoc_0411.pdf,PrecinctPollingLoc_0411.pdf,0,,,,,,needs_review
0049,04-12,0412,Faith Presbyterian Church,0412;1203;0410;0207;0204;0206;0203;2025,https://www.electionsshelbytn.gov/wp-content/uploads/2025/12/PrecinctPollingLoc_0412.pdf,PrecinctPollingLoc_0412.pdf,0,,,,,,needs_review
0050,05-01,0501,,,https://www.electionsshelbytn.gov/wp-content/uploads/2025/12/PrecinctPollingLoc_0501.pdf,PrecinctPollingLoc_0501.pdf,1,008082,Forest Hills 1,1.0,shelby_geometry_review,boundary_split,resolved
0051,05-02,0502,Whitten Memorial Baptist Church,0609;1312;0502;0608;0503;0309;0511;0108;0110;0310;1303;0403;0504;0109;1301;0501;2025,https://www.electionsshelbytn.gov/wp-content/uploads/2025/12/PrecinctPollingLoc_0502.pdf,PrecinctPollingLoc_0502.pdf,0,,,,,,needs_review
0052,05-03,0503,Whitten Memorial Baptist Church,1312;0502;0110;0109;0509;0507;0511;0503;1303;0504;0501;2025,https://www.electionsshelbytn.gov/wp-content/uploads/2025/12/PrecinctPollingLoc_0503.pdf,PrecinctPollingLoc_0503.pdf,0,,,,,,needs_review
0053,05-04,0504,,,https://www.electionsshelbytn.gov/wp-content/uploads/2025/12/PrecinctPollingLoc_0504.pdf,PrecinctPollingLoc_0504.pdf,1,008136,Memphis 44-5,1.0,shelby_geometry_review,core_tn08,resolved
0054,05-05,0505,,,https://www.electionsshelbytn.gov/wp-content/uploads/2025/12/PrecinctPollingLoc_0505.pdf,PrecinctPollingLoc_0505.pdf,0,,,,,,needs_review
0055,05-06,0506,Houston Levee Community Ctr,0512;0215;0201;0506;0111;0510;0505;0508;2025,https://www.electionsshelbytn.gov/wp-content/uploads/2025/12/PrecinctPollingLoc_0506.pdf,PrecinctPollingLoc_0506.pdf,0,,,,,,needs_review
0056,05-07,0507,Briarwood Community Church,0508;0110;0505;0507;0109;0509;0503;0504;0510;2025,https://www.electionsshelbytn.gov/wp-content/uploads/2025/12/PrecinctPollingLoc_0507.pdf,PrecinctPollingLoc_0507.pdf,0,,,,,,needs_review
0057,05-08,0508,Cordova Community Ctr,0508;0509;0507;0110;0506;0510;0505;2025,https://www.electionsshelbytn.gov/wp-content/uploads/2025/12/PrecinctPollingLoc_0508.pdf,PrecinctPollingLoc_0508.pdf,0,,,,,,needs_review
0058,05-09,0509,Bert Ferguson Community Ctr,0202;0508;0509;0504;0507;0510;2025,https://www.electionsshelbytn.gov/wp-content/uploads/2025/12/PrecinctPollingLoc_0509.pdf,PrecinctPollingLoc_0509.pdf,0,,,,,,needs_review
0059,05-10,0510,Faith Anglican Church,0202;0508;0509;0215;0201;0510;0406;0204;0507;0203;0512;0506;0505;2025,https://www.electionsshelbytn.gov/wp-content/uploads/2025/12/PrecinctPollingLoc_0510.pdf,PrecinctPollingLoc_0510.pdf,0,,,,,,needs_review
0060,05-12,0512,,,https://www.electionsshelbytn.gov/wp-content/uploads/2025/12/PrecinctPollingLoc_0512.pdf,PrecinctPollingLoc_0512.pdf,1,008221,Memphis 81-5,1.0,shelby_geometry_review,boundary_split,resolved
0061,06-01,0601,,,https://www.electionsshelbytn.gov/wp-content/uploads/2025/12/PrecinctPollingLoc_0601.pdf,PrecinctPollingLoc_0601.pdf,1,008096,Lakeland 1,1.0,shelby_geometry_review,core_tn08,resolved
0062,06-02,0602,Hope Apostolic Church,0306;0602;0301;0601;0604;0305;0105;0309;0302;0304;0606;0103;2025,https://www.electionsshelbytn.gov/wp-content/uploads/2025/12/PrecinctPollingLoc_0602.pdf,PrecinctPollingLoc_0602.pdf,0,,,,,,needs_review
0063,06-03,0603,Frayser Raleigh Senior Ctr,0603;0605;0703;0105;0701;0601;0606;0604;2025,https://www.electionsshelbytn.gov/wp-content/uploads/2025/12/PrecinctPollingLoc_0603.pdf,PrecinctPollingLoc_0603.pdf,0,,,,,,needs_review
0064,06-04,0604,Raleigh Community Ctr,0601;0604;0309;0606;0602;0605;0603;2025,https://www.electionsshelbytn.gov/wp-content/uploads/2025/12/PrecinctPollingLoc_0604.pdf,PrecinctPollingLoc_0604.pdf,0,,,,,,needs_review
0065,06-05,0605,Springhill Baptist Church,0603;0605;0703;0701;0704;0607;0601;0606;0608;0604;2025,https://www.electionsshelbytn.gov/wp-content/uploads/2025/12/PrecinctPollingLoc_0605.pdf,PrecinctPollingLoc_0605.pdf,0,,,,,,needs_review
0066,06-06,0606,East Side Baptist Church,0606;0604;0309;0607;0601;0602;0608;0605;0603;2025,https://www.electionsshelbytn.gov/wp-content/uploads/2025/12/PrecinctPollingLoc_0606.pdf,PrecinctPollingLoc_0606.pdf,0,,,,,,needs_review
0067,06-07,0607,,,https://www.electionsshelbytn.gov/wp-content/uploads/2025/12/PrecinctPollingLoc_0607.pdf,PrecinctPollingLoc_0607.pdf,0,,,,,,needs_review
0068,06-08,0608,,,https://www.electionsshelbytn.gov/wp-content/uploads/2025/12/PrecinctPollingLoc_0608.pdf,PrecinctPollingLoc_0608.pdf,0,,,,,,needs_review
0069,06-09,0609,,,https://www.electionsshelbytn.gov/wp-content/uploads/2025/12/PrecinctPollingLoc_0609.pdf,PrecinctPollingLoc_0609.pdf,1,008256,Memphis 95-6,1.0,shelby_geometry_review,core_tn08,resolved
0070,07-01,0701,,,https://www.electionsshelbytn.gov/wp-content/uploads/2025/12/PrecinctPollingLoc_0701.pdf,PrecinctPollingLoc_0701.pdf,1,008098,Lucy 1,1.0,shelby_geometry_review,boundary_split,resolved
0071,07-02,0702,Ed Rice Community Center,0704;0702;0801;0701;0703;2025,https://www.electionsshelbytn.gov/wp-content/uploads/2025/12/PrecinctPollingLoc_0702.pdf,PrecinctPollingLoc_0702.pdf,0,,,,,,needs_review
0072,07-03,0703,,,https://www.electionsshelbytn.gov/wp-content/uploads/2025/12/PrecinctPollingLoc_0703.pdf,PrecinctPollingLoc_0703.pdf,0,,,,,,needs_review
0073,07-04,0704,Ed Rice Community Center,0704;0702;0801;0703;0705;0607;0605;0603;2025,https://www.electionsshelbytn.gov/wp-content/uploads/2025/12/PrecinctPollingLoc_0704.pdf,PrecinctPollingLoc_0704.pdf,0,,,,,,needs_review
0074,07-05,0705,Hollywood Community Ctr,0607;0706;0708;0705;0801;0704;0709;0707;2025,https://www.electionsshelbytn.gov/wp-content/uploads/2025/12/PrecinctPollingLoc_0705.pdf,PrecinctPollingLoc_0705.pdf,0,,,,,,needs_review
0075,07-06,0706,,,https://www.electionsshelbytn.gov/wp-content/uploads/2025/12/PrecinctPollingLoc_0706.pdf,PrecinctPollingLoc_0706.pdf,1,008222,Memphis 81-7,1.0,shelby_geometry_review,boundary_split,resolved
0076,07-07,0707,St Stephen's Methodist Church1301 - St Stephen's Methodist Church,0707;1302;0705;0708;0709;0607;1304;1301;1305;1306;2025,https://www.electionsshelbytn.gov/wp-content/uploads/2025/12/PrecinctPollingLoc_0707.pdf,PrecinctPollingLoc_0707.pdf,0,,,,,,needs_review
0077,07-08,0708,Greater Galatian Baptist Church,0706;0708;0710;1304;0709;0807;0801;0705;0707;1307;1308;0806;0804;2025,https://www.electionsshelbytn.gov/wp-content/uploads/2025/12/PrecinctPollingLoc_0708.pdf,PrecinctPollingLoc_0708.pdf,0,,,,,,needs_review
0078,07-09,0709,,,https://www.electionsshelbytn.gov/wp-content/uploads/2025/12/PrecinctPollingLoc_0709.pdf,PrecinctPollingLoc_0709.pdf,1,008257,Memphis 95-7,1.0,shelby_geometry_review,core_tn08,resolved
0079,07-10,0710,,,https://www.electionsshelbytn.gov/wp-content/uploads/2025/12/PrecinctPollingLoc_0710.pdf,PrecinctPollingLoc_0710.pdf,1,008146,Memphis 52-1,1.0,shelby_geometry_review,sliver_only,resolved
0080,08-01,0801,Grace Missionary Baptist Church,0607;0704;0706;0802;0801;0705;0803;0104;0701;0702;0703;0804;0605;2025,https://www.electionsshelbytn.gov/wp-content/uploads/2025/12/PrecinctPollingLoc_0801.pdf,PrecinctPollingLoc_0801.pdf,0,,,,,,needs_review
0081,08-02,0802,Word of Life SDA Church,0802;0801;0803;0804;0104;0701;0702;0706;0708;0805;0806;0710;2025,https://www.electionsshelbytn.gov/wp-content/uploads/2025/12/PrecinctPollingLoc_0802.pdf,PrecinctPollingLoc_0802.pdf,0,,,,,,needs_review
0082,08-03,0803,,,https://www.electionsshelbytn.gov/wp-content/uploads/2025/12/PrecinctPollingLoc_0803.pdf,PrecinctPollingLoc_0803.pdf,1,008178,Memphis 67-3,1.0,shelby_geometry_review,core_tn08,resolved
0083,08-04,0804,Lewis Center,0803;0804;0801;0706;0708;0805;0806;0710;2025,https://www.electionsshelbytn.gov/wp-content/uploads/2025/12/PrecinctPollingLoc_0804.pdf,PrecinctPollingLoc_0804.pdf,0,,,,,,needs_review
0084,08-05,0805,,,https://www.electionsshelbytn.gov/wp-content/uploads/2025/12/PrecinctPollingLoc_0805.pdf,PrecinctPollingLoc_0805.pdf,1,008255,Memphis 95-5,1.0,shelby_geometry_review,core_tn08,resolved
0085,08-06,0806,,,https://www.electionsshelbytn.gov/wp-content/uploads/2025/12/PrecinctPollingLoc_0806.pdf,PrecinctPollingLoc_0806.pdf,1,008258,Memphis 95-8,1.0,shelby_geometry_review,core_tn08,resolved
0086,08-07,0807,,,https://www.electionsshelbytn.gov/wp-content/uploads/2025/12/PrecinctPollingLoc_0807.pdf,PrecinctPollingLoc_0807.pdf,1,008154,Memphis 55-2,1.0,shelby_geometry_review,core_tn08,resolved
0087,08-08,0808,,,https://www.electionsshelbytn.gov/wp-content/uploads/2025/12/PrecinctPollingLoc_0808.pdf,PrecinctPollingLoc_0808.pdf,1,008157,Memphis 57,1.0,shelby_geometry_review,core_tn08,resolved
0088,08-09,0809,,,https://www.electionsshelbytn.gov/wp-content/uploads/2025/12/PrecinctPollingLoc_0809.pdf,PrecinctPollingLoc_0809.pdf,1,008271,Collierville 9,1.0,shelby_geometry_review,boundary_split,resolved
0089,08-10,0810,,,https://www.electionsshelbytn.gov/wp-content/uploads/2025/12/PrecinctPollingLoc_0810.pdf,PrecinctPollingLoc_0810.pdf,1,008158,Memphis 58-1,1.0,shelby_geometry_review,sliver_only,resolved
0090,08-11,0811,Memphis ROX,0811;1307;1002;0812;0810;0809;1003;2025,https://www.electionsshelbytn.gov/wp-content/uploads/2025/12/PrecinctPollingLoc_0811.pdf,PrecinctPollingLoc_0811.pdf,0,,,,,,needs_review
0091,08-12,0812,,,https://www.electionsshelbytn.gov/wp-content/uploads/2025/12/PrecinctPollingLoc_0812.pdf,PrecinctPollingLoc_0812.pdf,1,008141,Memphis 46-2,1.0,shelby_geometry_review,boundary_split,resolved
0092,09-01,0901,The Oak Grove MB Church,0906;0812;0903;0902;0901;0909;0808;0904;0803;0910;0805;0809;2025,https://www.electionsshelbytn.gov/wp-content/uploads/2025/12/PrecinctPollingLoc_0901.pdf,PrecinctPollingLoc_0901.pdf,0,,,,,,needs_review
0093,09-02,0902,Mitchell Road Community Ctr,1002;0903;0902;0901;0904;0905;1009;1006;0812;1003;2025,https://www.electionsshelbytn.gov/wp-content/uploads/2025/12/PrecinctPollingLoc_0902.pdf,PrecinctPollingLoc_0902.pdf,0,,,,,,needs_review
0094,09-03,0903,,,https://www.electionsshelbytn.gov/wp-content/uploads/2025/12/PrecinctPollingLoc_0903.pdf,PrecinctPollingLoc_0903.pdf,1,008180,Memphis 68-3,1.0,shelby_geometry_review,core_tn08,resolved
0095,09-04,0904,,,https://www.electionsshelbytn.gov/wp-content/uploads/2025/12/PrecinctPollingLoc_0904.pdf,PrecinctPollingLoc_0904.pdf,1,008234,Memphis 88-4,1.0,shelby_geometry_review,sliver_only,resolved
0096,09-05,0905,Christ United Baptist Church,1009;0905;0907;0910;0908;0911;0904;0902;2025,https://www.electionsshelbytn.gov/wp-content/uploads/2025/12/PrecinctPollingLoc_0905.pdf,PrecinctPollingLoc_0905.pdf,0,,,,,,needs_review
0097,09-06,0906,,,https://www.electionsshelbytn.gov/wp-content/uploads/2025/12/PrecinctPollingLoc_0906.pdf,PrecinctPollingLoc_0906.pdf,1,008149,Memphis 53-1,1.0,shelby_geometry_review,boundary_split,resolved
0098,09-07,0907,Whitehaven Community Ctr,0908;0905;0907;0910;0911;1009;2025,https://www.electionsshelbytn.gov/wp-content/uploads/2025/12/PrecinctPollingLoc_0907.pdf,PrecinctPollingLoc_0907.pdf,0,,,,,,needs_review
0099,09-08,0908,,,https://www.electionsshelbytn.gov/wp-content/uploads/2025/12/PrecinctPollingLoc_0908.pdf,PrecinctPollingLoc_0908.pdf,1,008152,Memphis 54,1.0,shelby_geometry_review,core_tn08,resolved
0100,09-09,0909,,,https://www.electionsshelbytn.gov/wp-content/uploads/2025/12/PrecinctPollingLoc_0909.pdf,PrecinctPollingLoc_0909.pdf,1,008172,Memphis 62-0,1.0,shelby_geometry_review,sliver_only,resolved
0101,09-10,0910,,,https://www.electionsshelbytn.gov/wp-content/uploads/2025/12/PrecinctPollingLoc_0910.pdf,PrecinctPollingLoc_0910.pdf,1,008174,Memphis 64,1.0,shelby_geometry_review,core_tn08,resolved
0102,09-11,0911,,,https://www.electionsshelbytn.gov/wp-content/uploads/2025/12/PrecinctPollingLoc_0911.pdf,PrecinctPollingLoc_0911.pdf,1,008176,Memphis 66,1.0,shelby_geometry_review,core_tn08,resolved
0103,10-01,1001,Orange Mound Senior Ctr,1308;1007;1001;1004;1309;1003;2025,https://www.electionsshelbytn.gov/wp-content/uploads/2025/12/PrecinctPollingLoc_1001.pdf,PrecinctPollingLoc_1001.pdf,0,,,,,,needs_review
0104,10-02,1002,Pine Hill Community Ctr,1002;1006;0901;0902;1009;0812;0808;0809;0811;1003;2025,https://www.electionsshelbytn.gov/wp-content/uploads/2025/12/PrecinctPollingLoc_1002.pdf,PrecinctPollingLoc_1002.pdf,0,,,,,,needs_review
0105,10-03,1003,Glenview Community Ctr,1002;1003;1007;0810;1001;1307;1308;1006;1004;0811;2025,https://www.electionsshelbytn.gov/wp-content/uploads/2025/12/PrecinctPollingLoc_1003.pdf,PrecinctPollingLoc_1003.pdf,0,,,,,,needs_review
0106,10-04,1004,,,https://www.electionsshelbytn.gov/wp-content/uploads/2025/12/PrecinctPollingLoc_1004.pdf,PrecinctPollingLoc_1004.pdf,1,008177,Memphis 67-1,1.0,shelby_geometry_review,core_tn08,resolved
0107,10-05,1005,,,https://www.electionsshelbytn.gov/wp-content/uploads/2025/12/PrecinctPollingLoc_1005.pdf,PrecinctPollingLoc_1005.pdf,1,008179,Memphis 68-1,1.0,shelby_geometry_review,core_tn08,resolved
0108,10-06,1006,Norris Avenue Baptist Church,1006;1009;1002;1010;1007;1003;2025,https://www.electionsshelbytn.gov/wp-content/uploads/2025/12/PrecinctPollingLoc_1006.pdf,PrecinctPollingLoc_1006.pdf,0,,,,,,needs_review
0109,10-07,1007,Orange Mound Senior Ctr,1007;1004;1001;1009;1006;1008;1010;1003;2025,https://www.electionsshelbytn.gov/wp-content/uploads/2025/12/PrecinctPollingLoc_1007.pdf,PrecinctPollingLoc_1007.pdf,0,,,,,,needs_review
0110,10-08,1008,Greenwood CME Church,1008;1004;1005;1010;1007;2025,https://www.electionsshelbytn.gov/wp-content/uploads/2025/12/PrecinctPollingLoc_1008.pdf,PrecinctPollingLoc_1008.pdf,0,,,,,,needs_review
0111,10-09,1009,,,https://www.electionsshelbytn.gov/wp-content/uploads/2025/12/PrecinctPollingLoc_1009.pdf,PrecinctPollingLoc_1009.pdf,1,008192,Memphis 73-3,1.0,shelby_geometry_review,sliver_only,resolved
0112,10-10,1010,,,https://www.electionsshelbytn.gov/wp-content/uploads/2025/12/PrecinctPollingLoc_1010.pdf,PrecinctPollingLoc_1010.pdf,1,008194,Memphis 74-1,1.0,shelby_geometry_review,sliver_only,resolved
0113,11-01,1101,Greater Middle Baptist Church,1101;1102;1103;1105;1311;1005;1010;2025,https://www.electionsshelbytn.gov/wp-content/uploads/2025/12/PrecinctPollingLoc_1101.pdf,PrecinctPollingLoc_1101.pdf,0,,,,,,needs_review
0114,11-02,1102,Greater Middle Baptist Church,1101;1104;1102;1201;1103;0407;1311;0408;2025,https://www.electionsshelbytn.gov/wp-content/uploads/2025/12/PrecinctPollingLoc_1102.pdf,PrecinctPollingLoc_1102.pdf,0,,,,,,needs_review
0115,11-03,1103,McFarland Community Ctr,1101;1102;1103;1105;1104;2025,https://www.electionsshelbytn.gov/wp-content/uploads/2025/12/PrecinctPollingLoc_1103.pdf,PrecinctPollingLoc_1103.pdf,0,,,,,,needs_review
0116,11-04,1104,,,https://www.electionsshelbytn.gov/wp-content/uploads/2025/12/PrecinctPollingLoc_1104.pdf,PrecinctPollingLoc_1104.pdf,1,008245,Memphis 93-1,1.0,shelby_geometry_review,sliver_only,resolved
0117,11-05,1105,Hickory Hill Community Ctr,1108;1101;1106;1104;1102;1105;1201;1103;0409;1207;1204;1107;1010;0408;1202;2025,https://www.electionsshelbytn.gov/wp-content/uploads/2025/12/PrecinctPollingLoc_1105.pdf,PrecinctPollingLoc_1105.pdf,0,,,,,,needs_review
0118,11-06,1106,New Beginnings Community Church,1108;1106;1208;1105;1204;1207;1205;1201;1202;2025,https://www.electionsshelbytn.gov/wp-content/uploads/2025/12/PrecinctPollingLoc_1106.pdf,PrecinctPollingLoc_1106.pdf,0,,,,,,needs_review
0119,11-07,1107,Easthaven Church of Christ,1108;1010;0908;1101;1104;1102;1201;1107;1103;1105;1207;1009;0408;2025,https://www.electionsshelbytn.gov/wp-content/uploads/2025/12/PrecinctPollingLoc_1107.pdf,PrecinctPollingLoc_1107.pdf,0,,,,,,needs_review
0120,11-08,1108,Soul Winners Baptist Church,1108;1106;1105;1207;1107;2025,https://www.electionsshelbytn.gov/wp-content/uploads/2025/12/PrecinctPollingLoc_1108.pdf,PrecinctPollingLoc_1108.pdf,0,,,,,,needs_review
0121,12-01,1201,Ridgeway Assembly of God (Fellowship Hall),1201;0409;1106;1102;1105;1104;1204;0408;1202;2025,https://www.electionsshelbytn.gov/wp-content/uploads/2025/12/PrecinctPollingLoc_1201.pdf,PrecinctPollingLoc_1201.pdf,0,,,,,,needs_review
0122,12-02,1202,,,https://www.electionsshelbytn.gov/wp-content/uploads/2025/12/PrecinctPollingLoc_1202.pdf,PrecinctPollingLoc_1202.pdf,1,008216,Memphis 80-2,1.0,shelby_geometry_review,core_tn08,resolved
0123,12-03,1203,St Mark's United Methodist Church,0203;1203;1206;0204;0412;0410;0207;0206;1205;0213;0211;1202;2025,https://www.electionsshelbytn.gov/wp-content/uploads/2025/12/PrecinctPollingLoc_1203.pdf,PrecinctPollingLoc_1203.pdf,0,,,,,,needs_review
0124,12-04,1204,Anointed Temple of Praise,1106;1105;1206;1204;1202;1201;0412;0410;1108;1205;0408;1203;2025,https://www.electionsshelbytn.gov/wp-content/uploads/2025/12/PrecinctPollingLoc_1204.pdf,PrecinctPollingLoc_1204.pdf,0,,,,,,needs_review
0125,12-05,1205,New Growth In Christ Christian Ctr,1208;1205;1206;1204;0412;1106;1203;1202;2025,https://www.electionsshelbytn.gov/wp-content/uploads/2025/12/PrecinctPollingLoc_1205.pdf,PrecinctPollingLoc_1205.pdf,0,,,,,,needs_review
0126,12-06,1206,Greater Love Baptist Church,1209;1206;1205;1203;1202;2025,https://www.electionsshelbytn.gov/wp-content/uploads/2025/12/PrecinctPollingLoc_1206.pdf,PrecinctPollingLoc_1206.pdf,0,,,,,,needs_review
0127,12-07,1207,,,https://www.electionsshelbytn.gov/wp-content/uploads/2025/12/PrecinctPollingLoc_1207.pdf,PrecinctPollingLoc_1207.pdf,1,008219,Memphis 81-3,1.0,shelby_geometry_review,core_tn08,resolved
0128,12-08,1208,,,https://www.electionsshelbytn.gov/wp-content/uploads/2025/12/PrecinctPollingLoc_1208.pdf,PrecinctPollingLoc_1208.pdf,1,008217,Memphis 81-1,1.0,shelby_geometry_review,core_tn08,resolved
0129,12-09,1209,,,https://www.electionsshelbytn.gov/wp-content/uploads/2025/12/PrecinctPollingLoc_1209.pdf,PrecinctPollingLoc_1209.pdf,1,008259,Memphis 96-1,1.0,shelby_geometry_review,core_tn08,resolved
0130,12-10,1210,,,https://www.electionsshelbytn.gov/wp-content/uploads/2025/12/PrecinctPollingLoc_1210.pdf,PrecinctPollingLoc_1210.pdf,1,008260,Millington 1,1.0,shelby_geometry_review,sliver_only,resolved
0131,13-01,1301,,,https://www.electionsshelbytn.gov/wp-content/uploads/2025/12/PrecinctPollingLoc_1301.pdf,PrecinctPollingLoc_1301.pdf,0,,,,,,needs_review
0132,13-02,1302,Gaisman Community Center,0707;1301;1302;1305;1306;2025,https://www.electionsshelbytn.gov/wp-content/uploads/2025/12/PrecinctPollingLoc_1302.pdf,PrecinctPollingLoc_1302.pdf,0,,,,,,needs_review
0133,13-03,1303,,,https://www.electionsshelbytn.gov/wp-content/uploads/2025/12/PrecinctPollingLoc_1303.pdf,PrecinctPollingLoc_1303.pdf,1,008231,Memphis 87-3,1.0,shelby_geometry_review,core_tn08,resolved
0134,13-04,1304,First Baptist Church Broad,1304;0709;0401;0708;0707;1308;1305;2025,https://www.electionsshelbytn.gov/wp-content/uploads/2025/12/PrecinctPollingLoc_1304.pdf,PrecinctPollingLoc_1304.pdf,0,,,,,,needs_review
0135,13-05,1305,,,https://www.electionsshelbytn.gov/wp-content/uploads/2025/12/PrecinctPollingLoc_1305.pdf,PrecinctPollingLoc_1305.pdf,1,008263,Morning Sun 02,1.0,shelby_geometry_review,boundary_split,resolved
0136,13-06,1306,Memphis Bible Church,1305;1306;0401;0707;1303;1302;1301;2025,https://www.electionsshelbytn.gov/wp-content/uploads/2025/12/PrecinctPollingLoc_1306.pdf,PrecinctPollingLoc_1306.pdf,0,,,,,,needs_review
0137,13-07,1307,,,https://www.electionsshelbytn.gov/wp-content/uploads/2025/12/PrecinctPollingLoc_1307.pdf,PrecinctPollingLoc_1307.pdf,1,008229,Memphis 86,1.0,shelby_geometry_review,sliver_only,resolved
0138,13-08,1308,St Johns Episcopal Church,1308;1309;0401;0709;1307;0710;1304;1305;1001;1003;2025,https://www.electionsshelbytn.gov/wp-content/uploads/2025/12/PrecinctPollingLoc_1308.pdf,PrecinctPollingLoc_1308.pdf,0,,,,,,needs_review
0139,13-09,1309,Davis Community Ctr,1308;1309;1008;1304;1001;1310;2025,https://www.electionsshelbytn.gov/wp-content/uploads/2025/12/PrecinctPollingLoc_1309.pdf,PrecinctPollingLoc_1309.pdf,0,,,,,,needs_review
0140,13-10,1310,,,https://www.electionsshelbytn.gov/wp-content/uploads/2025/12/PrecinctPollingLoc_1310.pdf,PrecinctPollingLoc_1310.pdf,0,,,,,,needs_review
0141,13-11,1311,,,https://www.electionsshelbytn.gov/wp-content/uploads/2025/12/PrecinctPollingLoc_1311.pdf,PrecinctPollingLoc_1311.pdf,1,008270,Stewartville,1.0,shelby_geometry_review,core_tn08,resolved
0142,13-12,1312,,,https://www.electionsshelbytn.gov/wp-content/uploads/2025/12/PrecinctPollingLoc_1312.pdf,PrecinctPollingLoc_1312.pdf,0,,,,,,needs_review
