county_fips,vtd_code,geoid20,vtd_name
001,000001,47001000001,Andersonville
001,000002,47001000002,Briceville
001,000003,47001000003,Bull Run
001,000004,47001000004,Claxton
001,000005,47001000005,Clinton
001,000006,47001000006,Clinton High
001,000007,47001000007,Clinton Middle School
001,000008,47001000008,Dutch Valley
001,000009,47001000009,Emory Valley
001,000010,47001000010,Fairview
001,000011,47001000011,Glen Alpine
001,000012,47001000012,Glenwood
001,000013,47001000013,Hendrix Creek
001,000014,47001000014,Highland View
001,000015,47001000015,Lake City
001,000016,47001000016,Lake City Middle School
001,000017,47001000017,Marlow
001,000018,47001000018,Norris
001,000019,47001000019,North Clinton
001,000020,47001000020,Norwood
001,000021,47001000021,Oak Ridge City Hall
001,000022,47001000022,Pine Valley
001,000023,47001000023,Robertsville
001,000024,47001000024,Rosedale
001,000025,47001000025,South Clinton
001,000026,47001000026,West Hills
001,000027,47001000027,Woodland
003,000101,47003000101,101 Wartrace Baptist Church
003,000102,47003000102,102 Bell Buckle/Webb School
003,000103,47003000103,203 Fairhaven Baptist Church
003,000104,47003000104,303 Uniounville Fire Hall
003,000105,47003000105,403 Bedford Community Center
003,000106,47003000106,502 Flat Creek Community Center
003,000107,47003000107,505 Normandy Baptist Church
003,000108,47003000108,601 East Side School
003,000109,47003000109,701 Deery Eakin School
003,000110,47003000110,801 Thomas School
003,000111,47003000111,902 Southside School
005,000201,47005000201,2 Camden High School
005,000202,47005000202,4 Camden Elementary School
005,000203,47005000203,3 Benton Co. Courthouse
005,000204,47005000204,1 Holladay School
005,000205,47005000205,5 Benton Co. Courthouse
005,000206,47005000206,6 Big Sandy School
007,000301,47007000301,Bellview
007,000302,47007000302,Brayton
007,000303,47007000303,Cold Springs
007,000304,47007000304,Dill
007,000305,47007000305,Griffith
007,000306,47007000306,Lee Station
007,000307,47007000307,Luminary
007,000308,47007000308,Lusk
007,000309,47007000309,Mt.Crest
007,000310,47007000310,Nine Mile
007,000311,47007000311,Pikeville
007,000312,47007000312,Rigsby
009,000401,47009000401,Townsend
009,000402,47009000402,Oak View
009,000403,47009000403,Blount County Board of Education
009,000404,47009000404,Maryville Junior High
009,000405,47009000405,Prospect
009,000406,47009000406,Rockford
009,000407,47009000407,Middlesettlements
009,000408,47009000408,Alcoa High School
009,000409,47009000409,Mentor
009,000410,47009000410,Beech Grove
009,000411,47009000411,Martin Luther King
009,000412,47009000412,Oak Street
009,000413,47009000413,Everett
009,000414,47009000414,Maryville Municipal
009,000415,47009000415,Big Springs
009,000416,47009000416,Friendsville
009,000417,47009000417,William Blount High
009,000418,47009000418,Lanier
009,000419,47009000419,William Blount Academy
009,000420,47009000420,Maryville High School
009,000421,47009000421,Miser Station
009,000423,47009000423,Louisville
009,000424,47009000424,Heritage
009,000425,47009000425,Chilhowee View
009,000426,47009000426,Walland
009,000427,47009000427,Montvale
009,000429,47009000429,Porter
009,000430,47009000430,John Sevier
009,000431,47009000431,Eagleton Cafeteria
009,000432,47009000432,Maryville College
009,000433,47009000433,Fairview
009,000434,47009000434,Carpenters
009,000435,47009000435,Happy Valley
009,000436,47009000436,Pellissippi Campus
011,000501,47011000501,101 McDonald Ruritan
011,000502,47011000502,701 Stuart School
011,000503,47011000503,604 Black Fox School
011,000504,47011000504,201 E.L. Ross School
011,000505,47011000505,202 Walker Valley High
011,000506,47011000506,302 Senior Center
011,000507,47011000507,702 Cleveland High
011,000508,47011000508,402 Michigan Ave School
011,000509,47011000509,301 Lee University
011,000510,47011000510,502 5 Points Museum
011,000511,47011000511,601 Valley View School
011,000512,47011000512,401 Oak Grove School
011,000513,47011000513,603 Waterville School
011,000514,47011000514,501 Blythe/Bower School
011,000515,47011000515,602 Blue Springs School
011,000516,47011000516,102 Prospect School
011,000517,47011000517,103 Hopewell School
013,000601,47013000601,College Hill
013,000602,47013000602,Caryville
013,000603,47013000603,West LaFollette
013,000604,47013000604,Valley View
013,000605,47013000605,Elk Valley
013,000607,47013000607,LaFollette Elementary School
013,000608,47013000608,East LaFollette
013,000609,47013000609,Jacksboro
013,000610,47013000610,Campbell County High School
013,000611,47013000611,Jacksboro Station
013,000612,47013000612,Pinecrest
013,000613,47013000613,Ridgewood
013,000614,47013000614,Clinchmore
013,000615,47013000615,Demory
013,000616,47013000616,Alder Springs
013,000617,47013000617,Well Springs
013,000618,47013000618,Habersham
013,000619,47013000619,White Oak
013,000620,47013000620,Newcomb
013,000621,47013000621,Jellico
015,000701,47015000701,Westside
015,000702,47015000702,Gassaway
015,000703,47015000703,Woodland
015,000704,47015000704,Eastside
015,000705,47015000705,Woodbury
015,000706,47015000706,Auburntown
015,000707,47015000707,Pleasant Ridge
015,000708,47015000708,2 Short Mountain
015,000709,47015000709,4 Short Mountain
017,000801,47017000801,2 Trezevant
017,000802,47017000802,7 Macedonia
017,000803,47017000803,12 Bruceton
017,000804,47017000804,5 Cedar Grove
017,000805,47017000805,8 Civic Center
017,000806,47017000806,19 Concord
017,000807,47017000807,9 Huntingdon Police Station
017,000808,47017000808,17 Senior Citizens
017,000809,47017000809,21 Bethel
017,000810,47017000810,4 McLemoresville
017,000811,47017000811,14 Vale
017,000812,47017000812,6 Clarksburg
017,000813,47017000813,20 Westport
017,000814,47017000814,18 Cannon
017,000815,47017000815,13 Hollow Rock
017,000816,47017000816,1 Lavinia
017,000817,47017000817,16 Atwood
017,000818,47017000818,22 McKenzie City hall
017,000819,47017000819,11 Buena Vista
019,000901,47019000901,Happy Valley
019,000902,47019000902,Central
019,000903,47019000903,Range
019,000904,47019000904,Westside
019,000905,47019000905,High School
019,000906,47019000906,Court House
019,000907,47019000907,Keenburg
019,000908,47019000908,Hunter
019,000909,47019000909,Siam
019,000910,47019000910,Eastside
019,000911,47019000911,Valley Forge
019,000912,47019000912,Harold McCormick
019,000913,47019000913,Little Milligan
019,000914,47019000914,Elk Mills
019,000915,47019000915,Roan Mountain
019,000916,47019000916,Hampton
019,000917,47019000917,Gap Creek
019,000918,47019000918,Tiger Valley
019,000919,47019000919,Unaka
019,000920,47019000920,Watauga
019,000921,47019000921,Midway
019,000922,47019000922,National Guard Armory
021,001001,47021001001,2-1 East Cheatham Elementary
021,001002,47021001002,4-1 West Cheatham Elementary
021,001003,47021001003,3-1 Pleasant View First Baptist Church
021,001004,47021001004,1-1 Cheatham Co Library
021,001005,47021001005,5-1 Greenbrier Church of Christ
021,001006,47021001006,6-1 Harpeth High School
021,001007,47021001007,5-2 Pegram City Hall
021,001008,47021001008,4-3 Sycamore Middle School
023,001101,47023001101,2-2 Friendship
023,001102,47023001102,4-1 West Chester School
023,001103,47023001103,3-2 Montezuma
023,001104,47023001104,1-5 Sweet Lips
023,001105,47023001105,5-1 East Chester School
023,001106,47023001106,6-1 City Hall
023,001107,47023001107,2-1 Jacks Creek
023,001108,47023001108,1-2 Enville
023,001109,47023001109,1-6 Harmony
023,001110,47023001110,3-6 Deanburg
023,001111,47023001111,3-4 Masseyville
025,001201,47025001201,7-1 Arthur
025,001202,47025001202,9-1 Clairfield
025,001203,47025001203,5-1 Big Spring Union
025,001204,47025001204,6-1 Harrogate
025,001205,47025001205,2-2 Goin
025,001206,47025001206,3-2 New Tazewell
025,001207,47025001207,3-1 Lone Mountain
025,001208,47025001208,8-2 Vanbebber Springs
025,001209,47025001209,7-2 Cumberland Gap
025,001210,47025001210,1-1 Tazewell
025,001211,47025001211,2-3 Sandlick
025,001212,47025001212,4-1 Gibson Hall
025,001213,47025001213,2-1 Clouds
025,001214,47025001214,4-2 Howard's Quarter
025,001215,47025001215,4-4 Springdale
025,001216,47025001216,4-3 Liberty
025,001217,47025001217,8-1 Rogers Mill
027,001301,47027001301,4-1 Maple Grove
027,001302,47027001302,5-1 Arcot/Beech Bethany
027,001303,47027001303,1 Dentons Cross Roads
027,001304,47027001304,5-2 Pea Ridge
027,001305,47027001305,3 Celina
027,001306,47027001306,4-2 Butlers Landing
027,001307,47027001307,2 Hermitage Springs
029,001401,47029001401,Long Creek
029,001402,47029001402,Cocke County High School
029,001403,47029001403,Centerview
029,001404,47029001404,Del Rio
029,001405,47029001405,Smoky Mountain
029,001406,47029001406,Newport Grammar School
029,001407,47029001407,Northport
029,001408,47029001408,Grassy Fork
029,001409,47029001409,Edwina
029,001410,47029001410,Cosby
029,001411,47029001411,Armory
029,001412,47029001412,Edgemont
029,001413,47029001413,Rankin
029,001414,47029001414,Forest Hill
029,001415,47029001415,West End
029,001416,47029001416,Central
029,001417,47029001417,Bridgeport
029,001418,47029001418,Houston Valley
029,001419,47029001419,Parrottsville
031,001501,47031001501,01 Ada Right Center
031,001502,47031001502,02 Saint Paul United Methodist Church
031,001503,47031001503,03 Trinity Baptist Church
031,001504,47031001504,04 First Baptist Church
031,001505,47031001505,05 Hillsboro Community Center
031,001506,47031001506,06 Tennessee Vocational Center
031,001507,47031001507,07 Forrest Mill Church of Christ Activity Center
031,001508,47031001508,08 New Union Fire Hall
031,001509,47031001509,10 Mt. Ararat Baptist Church
031,001510,47031001510,11 Freedonia Community Center
031,001511,47031001511,12 North Coffee Elementary School
031,001512,47031001512,13-1 Blanton's Chapel Community Center
031,001513,47031001513,13-2 Grace Baptist Center
031,001514,47031001514,14 Hickerson Fire Hall
031,001515,47031001515,15 Grace Baptist Church
031,001516,47031001516,16 Lions Club
031,001517,47031001517,17 National Guard Armory
031,001518,47031001518,18 First Christian Church
031,001519,47031001519,19 CD Stamps Center
031,001520,47031001520,20 Coffee County Senior Citizens
031,001521,47031001521,21 Wilson Avenue Church of Christ
031,001522,47031001522,9-1 Pocahontas Community Center
031,001523,47031001523,9-2 Summitville Community Center
033,001601,47033001601,4
033,001602,47033001602,1
033,001603,47033001603,2
033,001604,47033001604,9
033,001605,47033001605,10
033,001606,47033001606,11
033,001607,47033001607,12
033,001608,47033001608,5
033,001609,47033001609,3
033,001610,47033001610,7
033,001611,47033001611,8
033,001612,47033001612,6
035,001701,47035001701,Bakers
035,001702,47035001702,Big Lick
035,001703,47035001703,Chestnut Hill
035,001704,47035001704,Complex 2
035,001705,47035001705,Cornerstone Baptist Church
035,001706,47035001706,Crab Orchard Town Hall
035,001707,47035001707,Dorton
035,001708,47035001708,Fairfield Glade North
035,001709,47035001709,Fairfield Glade South
035,001710,47035001710,Grassy Cove
035,001711,47035001711,Homestead
035,001712,47035001712,Lantana
035,001713,47035001713,Linary
035,001714,47035001714,Mayland
035,001715,47035001715,Midway
035,001716,47035001716,Oak Hill
035,001717,47035001717,Ozone-Pineview
035,001718,47035001718,Pleasant Hill
035,001719,47035001719,Pomona
035,001720,47035001720,Rinnie
035,001721,47035001721,Tabor
035,001722,47035001722,Tansi
035,001723,47035001723,Vandever
035,001724,47035001724,Woody
037,001801,47037001801,1-1
037,001802,47037001802,1-2
037,001803,47037001803,1-3
037,001804,47037001804,1-4
037,001805,47037001805,1-5
037,001806,47037001806,2-1
037,001807,47037001807,2-2
037,001808,47037001808,2-3
037,001809,47037001809,2-4
037,001810,47037001810,2-5
037,001811,47037001811,3-1
037,001812,47037001812,3-2
037,001813,47037001813,3-3
037,001814,47037001814,3-4
037,001815,47037001815,3-5
037,001816,47037001816,3-6
037,001817,47037001817,4-1
037,001818,47037001818,4-2
037,001819,47037001819,4-3
037,001820,47037001820,4-4
037,001821,47037001821,5-1
037,001822,47037001822,5-2
037,001823,47037001823,5-3
037,001824,47037001824,5-4
037,001825,47037001825,5-5
037,001826,47037001826,6-1
037,001827,47037001827,6-2
037,001828,47037001828,6-3
037,001829,47037001829,6-4
037,001830,47037001830,6-5
037,001831,47037001831,7-1
037,001832,47037001832,7-2
037,001833,47037001833,7-3
037,001834,47037001834,7-4
037,001835,47037001835,7-5
037,001836,47037001836,7-6
037,001837,47037001837,8-1
037,001838,47037001838,8-2
037,001839,47037001839,8-3
037,001840,47037001840,8-4
037,001841,47037001841,9-1
037,001842,47037001842,9-2
037,001843,47037001843,9-3
037,001844,47037001844,10-1
037,001845,47037001845,10-2
037,001846,47037001846,10-3
037,001847,47037001847,10-4
037,001848,47037001848,10-5
037,001849,47037001849,10-6
037,001850,47037001850,11-1
037,001851,47037001851,11-2
037,001852,47037001852,11-3
037,001853,47037001853,11-4
037,001854,47037001854,12-1
037,001855,47037001855,12-2
037,001856,47037001856,12-3
037,001857,47037001857,12-4
037,001858,47037001858,12-5
037,001859,47037001859,13-1
037,001860,47037001860,13-2
037,001861,47037001861,13-3
037,001862,47037001862,13-4
037,001863,47037001863,14-1
037,001864,47037001864,14-2
037,001865,47037001865,14-3
037,001866,47037001866,14-4
037,001867,47037001867,14-5
037,001868,47037001868,15-1
037,001869,47037001869,15-2
037,001870,47037001870,15-3
037,001871,47037001871,15-4
037,001872,47037001872,15-5
037,001873,47037001873,16-1
037,001874,47037001874,16-2
037,001875,47037001875,16-3
037,001876,47037001876,16-4
037,001877,47037001877,16-5
037,001878,47037001878,17-1
037,001879,47037001879,17-2
037,001880,47037001880,17-3
037,001881,47037001881,17-4
037,001882,47037001882,17-5
037,001883,47037001883,17-6
037,001884,47037001884,17-7
037,001885,47037001885,18-1
037,001886,47037001886,18-2
037,001887,47037001887,18-3
037,001888,47037001888,18-4
037,001889,47037001889,18-5
037,001890,47037001890,19-1
037,001891,47037001891,19-2
037,001892,47037001892,19-3
037,001893,47037001893,19-4
037,001894,47037001894,19-5
037,001895,47037001895,19-6
037,001896,47037001896,20-1
037,001897,47037001897,20-2
037,001898,47037001898,20-3
037,001899,47037001899,21-1
037,001900,47037001900,21-2
037,001901,47037001901,21-3
037,001902,47037001902,21-4
037,001903,47037001903,22-1
037,001905,47037001905,22-3
037,001906,47037001906,22-4
037,001907,47037001907,23-1
037,001908,47037001908,23-2
037,001909,47037001909,23-3
037,001910,47037001910,23-4
037,001911,47037001911,23-5
037,001912,47037001912,24-1
037,001913,47037001913,24-2
037,001914,47037001914,24-3
037,001915,47037001915,24-4
037,001916,47037001916,24-5
037,001917,47037001917,24-6
037,001918,47037001918,25-1
037,001919,47037001919,25-2
037,001920,47037001920,25-3
037,001921,47037001921,25-4
037,001922,47037001922,26-1
037,001923,47037001923,26-2
037,001924,47037001924,26-3
037,001925,47037001925,26-4
037,001926,47037001926,27-1
037,001927,47037001927,27-2
037,001928,47037001928,27-3
037,001929,47037001929,28-1
037,001930,47037001930,28-2
037,001931,47037001931,28-3
037,001932,47037001932,29-1
037,001933,47037001933,29-2
037,001934,47037001934,29-3
037,001935,47037001935,29-4
037,001936,47037001936,30-1
037,001937,47037001937,30-2
037,001938,47037001938,30-3
037,001939,47037001939,30-4
037,001940,47037001940,31-1
037,001941,47037001941,31-2
037,001942,47037001942,31-3
037,001943,47037001943,31-4
037,001944,47037001944,32-1
037,001945,47037001945,32-2
037,001946,47037001946,32-3
037,001947,47037001947,32-4
037,001948,47037001948,33-1
037,001949,47037001949,33-2
037,001950,47037001950,33-3
037,001951,47037001951,33-4
037,001953,47037001953,34-1
037,001954,47037001954,34-2
037,001955,47037001955,34-3
037,001956,47037001956,34-4
037,001957,47037001957,34-5
037,001958,47037001958,35-1
037,001959,47037001959,35-2
037,001960,47037001960,35-3
037,001961,47037001961,35-4
039,002051,47039002051,Scotts Hill
039,002052,47039002052,4th Decaturville
039,002053,47039002053,3rd Decaturville
039,002054,47039002054,Dunbar
039,002055,47039002055,5th Parsons
039,002056,47039002056,6th Parsons
039,002057,47039002057,7-1 Jeanette
039,002058,47039002058,8th Parsons
039,002059,47039002059,9-2 Hydro
039,002060,47039002060,Liberty
039,002061,47039002061,9th Beacon
039,002062,47039002062,Perryville
039,002063,47039002063,3rd Beacon
041,002151,47041002151,1-3 Edgar Evins State Park
041,002152,47041002152,2-1 Liberty
041,002153,47041002153,3 Church of God
041,002154,47041002154,6-3 Blue Springs
041,002155,47041002155,4-3 Courthouse
041,002156,47041002156,7 Church of Christ Annex
041,002157,47041002157,5-2 County Complex
041,002158,47041002158,1-1 Alexandria
041,002159,47041002159,1-2 Temperence Hall
041,002160,47041002160,2-2 Dowelltown
041,002161,47041002161,2-3 Snows Hill
041,002162,47041002162,4-2 Rock Castle
041,002164,47041002164,5-1 Johnson Chapel
041,002165,47041002165,6-2 Keltonburg
041,002166,47041002166,6-1 Belk
043,002251,47043002251,6-2 Porter Community Center
043,002252,47043002252,6-1 Burns Church of Christ
043,002253,47043002253,12-2 Greater Things Baptist Church
043,002254,47043002254,12-1 White Bluff Community Center
043,002255,47043002255,7-1 Pomona Baptist Church
043,002256,47043002256,2-1 Eno Community Center
043,002257,47043002257,2-2 TN City Fire Hall
043,002258,47043002258,3-1 Calvary Chapel
043,002259,47043002259,3-2 Vanleer Town Hall
043,002260,47043002260,4-1 Jackson Chapel
043,002261,47043002261,5-1 White Bluff Civic Center
043,002262,47043002262,1-2 Sylvia Baptist Church
043,002263,47043002263,1-1 Charlotte Fagan UMC
043,002264,47043002264,9-1 Restoration Church
043,002265,47043002265,10-1 First Baptist Church
043,002266,47043002266,11-1 Tennsco Community Center
043,002267,47043002267,8-1 Senior Citizens
045,002351,47045002351,A - Bonicord
045,002352,47045002352,A - Fowlkes
045,002353,47045002353,B - Newbern
045,002354,47045002354,C-Tatumville
045,002355,47045002355,C - Roellen
045,002356,47045002356,C - Trimble
045,002357,47045002357,D-Bogota
045,002358,47045002358,D - Millsfield
045,002359,47045002359,E - Finley
045,002360,47045002360,E - Lenox
045,002361,47045002361,F - Dyer County Central
045,002362,47045002362,G - Courthouse
045,002363,47045002363,H - E. Dyersburg
045,002364,47045002364,I - Community Center
045,002365,47045002365,I - Hurricane Hill
045,002366,47045002366,J-N Dyersburg
047,002451,47047002451,6 Oakland
047,002452,47047002452,7 Hickory White
047,002453,47047002453,8 Elba
047,002454,47047002454,9 Piperton
047,002455,47047002455,10 Rossville
047,002456,47047002456,11 Macon
047,002457,47047002457,13 Moscow
047,002458,47047002458,12 Williston
047,002459,47047002459,15 La Grange
047,002460,47047002460,14 Parks
047,002461,47047002461,2 Fayette Corner
047,002462,47047002462,4 Braden
047,002463,47047002463,5 Gallaway
047,002464,47047002464,3 Garnett
047,002465,47047002465,1 Somerville
049,002551,47049002551,Armathwaite
049,002552,47049002552,Banner
049,002553,47049002553,Allardt
049,002554,47049002554,Courthouse
049,002555,47049002555,Pine Haven
049,002556,47049002556,Clarkrange
049,002557,47049002557,Community Center
049,002558,47049002558,Crossroad
049,002559,47049002559,Pall Mall
049,002560,47049002560,West Fentress
049,002561,47049002561,Tinchtown
049,002562,47049002562,Grimsley
049,002563,47049002563,East Jamestown
051,002651,47051002651,1-1 FC Annex
051,002652,47051002652,2-1 Clark Memorial
051,002653,47051002653,3-1 Broadview
051,002654,47051002654,3-2 Huntland
051,002655,47051002655,3-3 Walnut Grove
051,002656,47051002656,4-1 Belvidere
051,002657,47051002657,4-2 Cowan
051,002658,47051002658,4-3 Liberty
051,002659,47051002659,5-1 Keith Springs
051,002660,47051002660,5-2 Sewanee
051,002661,47051002661,5-3 Sherwood
051,002662,47051002662,6-1 Alto/Oak Grove
051,002663,47051002663,6-2 Capitol Hill
051,002664,47051002664,6-3 UTSI
051,002665,47051002665,7-1 North Lake
051,002666,47051002666,7-2 Winchester Springs & Center Grove
051,002667,47051002667,8-1 Decherd
051,002668,47051002668,8-2 Estill Springs
051,005757,47051005757,Monteagle
051,005764,47051005764,South Pittsburg
053,002751,47053002751,01 Medina
053,002752,47053002752,02 Sitka Community Center
053,002753,47053002753,04 Gibson
053,002754,47053002754,06 Humboldt Ch of Chr
053,002755,47053002755,07 Humboldt Park
053,002756,47053002756,08 St. James Baptist Church
053,002757,47053002757,09 Humboldt Lane Chapel
053,002758,47053002758,10 Humboldt High School
053,002759,47053002759,13 Fruitland
053,002760,47053002760,12 Edison
053,002761,47053002761,14 Brazil
053,002762,47053002762,20 CourtHouse
053,002763,47053002763,22 Agri Plex
053,002764,47053002764,24 Moore's Chapel
053,002765,47053002765,26 Union Central
053,002766,47053002766,27 Skullbone
053,002767,47053002767,28 Cumberland Presbyterian Church
053,002768,47053002768,29 Milan Polk Clark
053,002769,47053002769,30 Milan Assembly/God
053,002770,47053002770,31 Milan Muni Bldg
053,002771,47053002771,17 Yorkville
053,002772,47053002772,18 Kenton
053,002773,47053002773,40 Rutherford
053,002774,47053002774,32 Bradford
053,002775,47053002775,34 Laneview
053,002776,47053002776,37 Good Luck
053,002777,47053002777,38 Dyer
053,002778,47053002778,39 Currie
055,002851,47055002851,1B Prospect
055,002852,47055002852,2B Airport
055,002853,47055002853,2A Minor Hill
055,002854,47055002854,1A Ardmore
055,002855,47055002855,3A Richland Trace Market
055,002856,47055002856,3B Campbellsville
055,002857,47055002857,4A Lynnville
055,002858,47055002858,4B Odds Fellows Hall
055,002859,47055002859,5A TCAT
055,002860,47055002860,5B Agri-Park
055,002861,47055002861,6A MMC Martin Methodist College
055,002862,47055002862,6B BMS Bridgeforth Middle School
055,002863,47055002863,7A GCHS Giles County High School
055,002864,47055002864,7B Recreation Center
057,002951,47057002951,4-2 Washburn Ele. School
057,002952,47057002952,1-2 Old Central Point School
057,002953,47057002953,1-1 Rutledge Middle School
057,002954,47057002954,3-2 Indian Ridge Comm. Blg.
057,002955,47057002955,3-1 Blaine City Hall
057,002956,47057002956,4-1 Thorn Hill Comm. Blg.
057,002957,47057002957,2-1 Bean Station Ele. School
057,002958,47057002958,2-2 Grainger High School
057,002959,47057002959,5-2 Senior Citizens Center
057,002960,47057002960,5-1 Bean Station Library
059,003052,47059003052,Camp Creek
059,003053,47059003053,Nolachuckey
059,003054,47059003054,McDonald
059,003059,47059003059,Debusk
059,003061,47059003061,High School
059,003063,47059003063,Tusculum View
059,003065,47059003065,Court House
059,003066,47059003066,Middle School
059,003067,47059003067,Baileyton
059,003069,47059003069,Doak
059,003072,47059003072,Chuckey Doak
059,003073,47059003073,Chuckey
059,003076,47059003076,West Pines
059,003077,47059003077,South Greene
059,003080,47059003080,Ottway
059,003082,47059003082,Mosheim
059,003084,47059003084,Glenwood
061,003152,47061003152,Beersheba
061,003153,47061003153,Altamont
061,003154,47061003154,Collins
061,003155,47061003155,Central
061,003156,47061003156,Tracy
061,003157,47061003157,Cross Roads
061,003160,47061003160,Coalmont
061,003161,47061003161,Monteagle
061,003162,47061003162,Palmer
061,003163,47061003163,Gruetli
063,003251,47063003251,4-1
063,003252,47063003252,1-1
063,003253,47063003253,2-1
063,003254,47063003254,3-1
063,003255,47063003255,5-1
063,003256,47063003256,6-1
063,003257,47063003257,7-1
063,003258,47063003258,8-1
063,003259,47063003259,9-1
063,003260,47063003260,9-2
063,003261,47063003261,10-1
063,003262,47063003262,10-2
063,003263,47063003263,12-1
063,003264,47063003264,13-1
063,003265,47063003265,14-1
063,003266,47063003266,11-2
063,003267,47063003267,11-1
065,003351,47065003351,Airport
065,003352,47065003352,Alton Park 1
065,003353,47065003353,Alton Park 2
065,003354,47065003354,Amnicola
065,003355,47065003355,Apison 1
065,003356,47065003356,Apison 2
065,003357,47065003357,Apison 3
065,003358,47065003358,Avondale
065,003359,47065003359,Bakewell 1
065,003360,47065003360,Bakewell 2
065,003361,47065003361,Birchwood
065,003362,47065003362,Bonny Oaks
065,003363,47065003363,Brainerd
065,003364,47065003364,Brainerd Hills
065,003365,47065003365,Bushtown
065,003367,47065003367,Collegedale 1
065,003368,47065003368,Collegedale 2
065,003369,47065003369,Collegedale 3
065,003370,47065003370,Collegedale 4
065,003371,47065003371,Concord 1
065,003372,47065003372,Concord 2
065,003374,47065003374,Concord 3
065,003375,47065003375,Concord 4
065,003376,47065003376,Concord 5
065,003377,47065003377,Concord 6
065,003378,47065003378,Concord 7
065,003379,47065003379,Courthouse 1
065,003380,47065003380,Courthouse 2
065,003381,47065003381,Dalewood
065,003382,47065003382,Dallas 1
065,003383,47065003383,Dallas 2
065,003384,47065003384,Downtown 1
065,003385,47065003385,Downtown 2
065,003386,47065003386,DuPont
065,003387,47065003387,East Brainerd 1
065,003388,47065003388,East Brainerd 2
065,003389,47065003389,East Chattanooga 1
065,003390,47065003390,East Chattanooga 2
065,003391,47065003391,East Lake
065,003392,47065003392,East Ridge 1
065,003393,47065003393,East Ridge 2
065,003394,47065003394,East Ridge 3
065,003395,47065003395,East Ridge 4
065,003396,47065003396,Eastdale
065,003397,47065003397,Eastgate 1
065,003398,47065003398,Eastgate 2
065,003399,47065003399,Eastside 1
065,003400,47065003400,Eastside 2
065,003401,47065003401,Fairmount
065,003402,47065003402,Falling Water
065,003403,47065003403,Flat Top Mountain
065,003404,47065003404,Ganns
065,003405,47065003405,Glenwood
065,003406,47065003406,Harrison 1
065,003407,47065003407,Harrison 2
065,003408,47065003408,Harrison 3
065,003409,47065003409,Harrison 4
065,003410,47065003410,Harrison 5
065,003411,47065003411,Hixson 1
065,003412,47065003412,Hixson 2
065,003413,47065003413,Hixson 3
065,003414,47065003414,Kingspoint 1
065,003415,47065003415,Kingspoint 2
065,003416,47065003416,Kingspoint 3
065,003417,47065003417,Lake Hills
065,003418,47065003418,Lakesite
065,003419,47065003419,Lookout Mountain
065,003420,47065003420,Lookout Valley 1
065,003421,47065003421,Lookout Valley 2
065,003422,47065003422,Lupton City
065,003423,47065003423,Meadowview
065,003424,47065003424,Middle Valley 1
065,003425,47065003425,Middle Valley 2
065,003426,47065003426,Missionary Ridge
065,003427,47065003427,Moccasin Bend
065,003428,47065003428,Mountain Creek 1
065,003429,47065003429,Mountain Creek 2
065,003430,47065003430,Mountain Creek 3
065,003431,47065003431,Mowbray
065,003432,47065003432,Murray Hills 1
065,003433,47065003433,Murray Hills 2
065,003434,47065003434,North Chattanooga 1
065,003435,47065003435,North Chattanooga 2
065,003436,47065003436,Northgate 1
065,003437,47065003437,Northgate 2
065,003438,47065003438,Northwoods 1
065,003439,47065003439,Northwoods 2
065,003440,47065003440,Ooltewah 1
065,003441,47065003441,Ooltewah 2
065,003442,47065003442,Ooltewah 3
065,003443,47065003443,Ooltewah 4
065,003444,47065003444,Ooltewah 5
065,003445,47065003445,Ooltewah 6
065,003446,47065003446,Pleasant Grove 1
065,003447,47065003447,Pleasant Grove 2
065,003448,47065003448,Red Bank 1
065,003449,47065003449,Red Bank 2
065,003450,47065003450,Red Bank 3
065,003451,47065003451,Ridgedale 1
065,003452,47065003452,Ridgedale 2
065,003453,47065003453,Ridgeside
065,003454,47065003454,Riverview
065,003455,47065003455,Sale Creek
065,003456,47065003456,Signal Mountain 1
065,003457,47065003457,Signal Mountain 2
065,003458,47065003458,Snowhill 1
065,003459,47065003459,Snowhill 2
065,003460,47065003460,Soddy Daisy 1
065,003461,47065003461,Soddy Daisy 2
065,003462,47065003462,Soddy Daisy 3
065,003463,47065003463,St Elmo 1
065,003464,47065003464,St Elmo 2
065,003465,47065003465,Stuart Heights
065,003466,47065003466,Summit 1
065,003467,47065003467,Summit 2
065,003468,47065003468,Summit 3
065,003469,47065003469,Tyner 1
065,003470,47065003470,Tyner 2
065,003471,47065003471,Valdeau
065,003472,47065003472,Walden
065,003473,47065003473,Westview 1
065,003474,47065003474,Westview 2
065,003475,47065003475,Westview 3
065,003476,47065003476,Woodmore 1
065,003477,47065003477,Woodmore 2
067,000001,47067000001,1st
067,000002,47067000002,2nd
067,000003,47067000003,3rd
067,000004,47067000004,4th
067,000005,47067000005,5th
067,000006,47067000006,6th
067,000007,47067000007,7th
069,003601,47069003601,Bolivar
069,003602,47069003602,Hickory Valley
069,003603,47069003603,Whiteville
069,003604,47069003604,West Bolivar
069,003605,47069003605,Middleton
069,003606,47069003606,Lacy
069,003607,47069003607,Silerton
069,003608,47069003608,Toone
069,003609,47069003609,Hornsby
069,003610,47069003610,Dixie Hills
069,003611,47069003611,Pocahontas
069,003612,47069003612,Saulsbury
069,003613,47069003613,Grand Junction
071,003701,47071003701,2 Walkers
071,003702,47071003702,1 Armory
071,003703,47071003703,9 Courthouse
071,003704,47071003704,10 Fairground
071,003705,47071003705,8 North
071,003706,47071003706,6 Cerro Gordo
071,003707,47071003707,1 Olivet
071,003708,47071003708,2 Nixon
071,003709,47071003709,7 Whites
071,003710,47071003710,4 Crump
071,003711,47071003711,6 Olive Hill
071,003712,47071003712,6 Rhodes
071,003713,47071003713,3 Southside
071,003714,47071003714,3 Counce
071,003715,47071003715,7 Walnut Grove
071,003716,47071003716,4 Shiloh
071,003717,47071003717,5 Morris Chapel
071,003718,47071003718,5 Saltillo
073,003801,47073003801,7 Cherokee
073,003802,47073003802,4 Keplar
073,003803,47073003803,2 McPheeter's Bend
073,003805,47073003805,4 Dykes
073,003806,47073003806,4 Upper Beech
073,003808,47073003808,3 Carter's Valley
073,003809,47073003809,1 Mount Carmel
073,003811,47073003811,3 Wallace
073,003812,47073003812,6 Alumwell
073,003813,47073003813,6 Choptack
073,003814,47073003814,5 Rogersville 5th
073,003816,47073003816,7 St. Clair
073,003817,47073003817,6 Mooresburg
073,003818,47073003818,6 Clinch
073,003819,47073003819,3 Watterson
073,003820,47073003820,4 Rogersville North
073,003823,47073003823,7 Bulls Gap
073,003824,47073003824,1 Allandale
073,003825,47073003825,2 Church Hill
073,003826,47073003826,4 Surgoinsville
075,003901,47075003901,02 Parks & Recreation Dept
075,003902,47075003902,04 Chamber Basement
075,003903,47075003903,03 Jefferson Court Community Building
075,003904,47075003904,01 Christ Temple Apostolic Church
075,003905,47075003905,10 Haywood Junior High
075,003906,47075003906,05 Tibbs Fire Station
075,003910,47075003910,09A Stanton City Hall
075,003912,47075003912,07 Delta Heritage Center
075,003913,47075003913,08 Douglas Community Center
075,003914,47075003914,09B West Side Church of Christ
075,003915,47075003915,06 Wyatt-Duke National Guard Armory
077,004001,47077004001,1-1 Bargerton
077,004002,47077004002,1-2 Beaver
077,004003,47077004003,6-1 Broad Street
077,004004,47077004004,5-1 TN Technology Center
077,004005,47077004005,2-1 Westover
077,004006,47077004006,3-2 Fire Station #10
077,004007,47077004007,3-4 Pin Oak Fire Station #4
077,004008,47077004008,3-3 Darden
077,004009,47077004009,7-3 Scotts Hill
077,004010,47077004010,7-2 Reagan
077,004011,47077004011,4-1 Civic Center
077,004012,47077004012,3-1 Christian Chapel
077,004013,47077004013,2-2 South Haven
077,004014,47077004014,7-1 Middleburg
077,004015,47077004015,7-4 Sardis
079,004101,47079004101,1-1 Puryear
079,004102,47079004102,2-2 Mansfield
079,004103,47079004103,3-3 Jones Chapel
079,004104,47079004104,4-2 City Hall
079,004105,47079004105,5-1 HC High School
079,004106,47079004106,1-2 Cottage Grove
079,004107,47079004107,1-3 Buchanan
079,004108,47079004108,2-1 Henry
079,004109,47079004109,5-2 Vo-Tech
079,004110,47079004110,4-1 Grove
079,004111,47079004111,3-2 Springville
079,004112,47079004112,3-1 Russwood
079,004113,47079004113,2-3 Oakland
081,004201,47081004201,01-2 Pinewood
081,004202,47081004202,03-1 East Community Center
081,004203,47081004203,04-1 Lake Benson Camp
081,004204,47081004204,02-3 East Bank
081,004205,47081004205,02-2 Fairfield
081,004206,47081004206,05-1 Mt. Pleasant
081,004207,47081004207,05-2 Middle School
081,004208,47081004208,05-3 Shady Grove
081,004209,47081004209,06-1 Justice Center
081,004210,47081004210,07-3 Brushy
081,004211,47081004211,07-2 Pleasantville
081,004212,47081004212,01-1 Nunnelly
081,004213,47081004213,07-1 Nunnelly
081,004214,47081004214,07-4 Coble
083,004301,47083004301,Tennessee Ridge City Hall
083,004302,47083004302,Arlington Sr. Citizens Cntr
083,004303,47083004303,Erin City Hall
083,004304,47083004304,Stewart Community Center
083,004305,47083004305,Erin Elementary School
083,004306,47083004306,Houston Co. Middle School
083,004307,47083004307,Griffin Chapel Church
085,004401,47085004401,2-3 WFCN
085,004402,47085004402,4-5 Safe Room
085,004403,47085004403,3-4 MLEC
085,004404,47085004404,1-2 Compassion Church
085,004405,47085004405,5-6 Wildwood
085,004406,47085004406,6-7 South McEwen
085,004407,47085004407,7-8 CCC
085,004408,47085004408,1-1 Jera Building
087,004501,47087004501,6-1
087,004502,47087004502,2-2
087,004503,47087004503,6-2
087,004504,47087004504,3-1
087,004505,47087004505,5-2
087,004506,47087004506,5-1
087,004507,47087004507,1-1
087,004508,47087004508,1-2
087,004509,47087004509,2-1
087,004510,47087004510,3-2
087,004511,47087004511,4-1
087,004512,47087004512,4-2
089,004601,47089004601,2nd Piedmont Elementary School
089,004602,47089004602,4th Jefferson Elementary School
089,004603,47089004603,3rd White Pine School
089,004604,47089004604,1st Dandridge Elementary School
089,004605,47089004605,10th Jefferson City Fire Dept
089,004606,47089004606,5th Jefferson Middle School
089,004607,47089004607,6th Rush Strong School
089,004608,47089004608,7th New Market City Hall
089,004609,47089004609,8-1 Old Chestnut Hill School
089,004610,47089004610,9th Talbott Elementary School
089,004611,47089004611,8-2 Old Swannsylvania School
091,004701,47091004701,2 Forge/Shouns
091,004702,47091004702,4B Butler
091,004703,47091004703,3B Neva
091,004704,47091004704,1A Laurel
091,004705,47091004705,5 Doe Valley
091,004706,47091004706,6 Shady
091,004707,47091004707,7 City
091,004708,47091004708,1B Cold Springs
091,004709,47091004709,4A Dry Run
091,004710,47091004710,3A Trade
093,004801,47093004801,48
093,004802,47093004802,39
093,004803,47093004803,41
093,004804,47093004804,19-E
093,004805,47093004805,66-N
093,004806,47093004806,40
093,004807,47093004807,69-E
093,004808,47093004808,84
093,004809,47093004809,26
093,004810,47093004810,57
093,004811,47093004811,60
093,004812,47093004812,81
093,004813,47093004813,80
093,004814,47093004814,85
093,004815,47093004815,86
093,004816,47093004816,82
093,004817,47093004817,87
093,004818,47093004818,76
093,004819,47093004819,78
093,004820,47093004820,79
093,004821,47093004821,77
093,004822,47093004822,92
093,004823,47093004823,93
093,004824,47093004824,90
093,004826,47093004826,29
093,004827,47093004827,27
093,004828,47093004828,70-E
093,004829,47093004829,89
093,004831,47093004831,25
093,004832,47093004832,10-S
093,004833,47093004833,24-Q
093,004834,47093004834,49
093,004835,47093004835,71
093,004836,47093004836,51
093,004837,47093004837,47
093,004838,47093004838,46
093,004839,47093004839,69-S
093,004840,47093004840,69-N
093,004841,47093004841,65-W
093,004842,47093004842,66-S
093,004844,47093004844,62
093,004845,47093004845,65-N
093,004846,47093004846,64
093,004847,47093004847,70-W
093,004848,47093004848,63
093,004849,47093004849,63-N
093,004850,47093004850,68
093,004851,47093004851,68-E
093,004852,47093004852,67
093,004853,47093004853,55
093,004854,47093004854,45
093,004855,47093004855,44
093,004856,47093004856,42
093,004857,47093004857,43
093,004858,47093004858,50-N
093,004859,47093004859,23
093,004860,47093004860,50-S
093,004861,47093004861,09
093,004862,47093004862,10-N
093,004863,47093004863,20
093,004864,47093004864,06
093,004865,47093004865,12
093,004867,47093004867,15
093,004868,47093004868,30
093,004870,47093004870,31
093,004871,47093004871,13
093,004872,47093004872,32
093,004873,47093004873,14
093,004875,47093004875,11
093,004876,47093004876,17
093,004877,47093004877,18
093,004879,47093004879,37
093,004880,47093004880,36
093,004881,47093004881,35
093,004882,47093004882,34
093,004883,47093004883,16
093,004884,47093004884,33
093,004885,47093004885,74
093,004886,47093004886,61
093,004887,47093004887,59
093,004888,47093004888,72
093,004890,47093004890,56
093,004891,47093004891,58-S
093,004892,47093004892,73
093,004893,47093004893,10-W
093,004894,47093004894,19-W
093,004895,47093004895,58-N
093,004896,47093004896,65-E
093,004897,47093004897,69-W
095,004951,47095004951,1 Tiptonville Senior Center
095,004952,47095004952,2 Lake County Courthouse
095,004953,47095004953,3 Lake County Middle School
097,005051,47097005051,Central
097,005052,47097005052,Gates
097,005053,47097005053,Edith
097,005054,47097005054,Ripley 2
097,005056,47097005056,Ripley 4
097,005057,47097005057,Ripley 3
097,005058,47097005058,McBride
097,005060,47097005060,Lightfoot
097,005063,47097005063,Halls 8
097,005064,47097005064,Henning
099,005151,47099005151,2-1 Loretto Civic Center
099,005152,47099005152,4-1 Crossroads Fire Hall
099,005153,47099005153,3-1 South East Lawrence
099,005154,47099005154,1-2 West Loretto
099,005155,47099005155,5-1 Leoma School Gym
099,005156,47099005156,6-2 West Point
099,005157,47099005157,7-1 Lawrenceburg Public
099,005158,47099005158,8-1 New Prospect
099,005159,47099005159,9-2 Mars Hill
099,005160,47099005160,10-1 Howards
099,005161,47099005161,11-1 Summertown
099,005162,47099005162,12-2 Henryville Community Club
099,005163,47099005163,13-1 West End
099,005164,47099005164,14-1 Crawfish Valley
099,005165,47099005165,15-1 David Crockett
099,005166,47099005166,16-1 Rotary Park
099,005167,47099005167,17-1 Sowell
099,005168,47099005168,18-1 E.O. Coffman
099,005169,47099005169,3-2 Centerpoint
099,005170,47099005170,1-1 St. Joseph
099,005171,47099005171,6-1 Iron City
099,005172,47099005172,5-2 Gandy
099,005173,47099005173,9-1 Ethridge
099,005174,47099005174,12-1 Prince Tree Service
101,005251,47101005251,2-1
101,005252,47101005252,4-1
101,005253,47101005253,3-1
101,005254,47101005254,1-1
101,005255,47101005255,5-1
101,005256,47101005256,6-1
101,005257,47101005257,7-1
101,005258,47101005258,8-1
101,005259,47101005259,9-1
103,000001,47103000001,Armory
103,000002,47103000002,Belleville Community Center
103,000003,47103000003,Blanche
103,000004,47103000004,Boonshill Community Center
103,000005,47103000005,Calvary Baptist Fellowship Hall
103,000006,47103000006,Elora Community Center
103,000007,47103000007,Fayetteville CPC
103,000008,47103000008,Flintville Fire Hall
103,000009,47103000009,FNB Community Room
103,000010,47103000010,Howell
103,000011,47103000011,Kelso Cumberland Presbyterian Church
103,000012,47103000012,Liberty
103,000013,47103000013,Lincoln Community Center
103,000014,47103000014,Maranatha
103,000015,47103000015,Molino
103,000016,47103000016,Mulberry Fire Hall
103,000017,47103000017,Petersburg
103,000018,47103000018,Recreation Center
103,000019,47103000019,South Lincoln
103,000020,47103000020,Taft Baptist Church
105,005451,47105005451,Luttrell
105,005452,47105005452,Loudon Outside
105,005453,47105005453,Loudon
105,005454,47105005454,Philadelphia
105,005455,47105005455,Davis
105,005456,47105005456,Greenback
105,005457,47105005457,Glendale
105,005458,47105005458,Highland Park
105,005459,47105005459,Loudon Mt Zion
105,005460,47105005460,Lenoir City
105,005461,47105005461,Lenoir City Outside
105,005462,47105005462,Browder
105,005463,47105005463,Eatons
105,005464,47105005464,Tellico Village South
105,005465,47105005465,Tellico Village North
107,006051,47107006051,04 Englewood School
107,006052,47107006052,11 McMinn Courthouse
107,006053,47107006053,08 Niota School
107,006054,47107006054,12 North City School
107,006055,47107006055,09 Ingleside School
107,006056,47107006056,10 Tennessee College of Applied Technology
107,006057,47107006057,06 Riceville School
107,006058,47107006058,05 Rogers Creek School
107,006059,47107006059,14 EK Baker School
107,006060,47107006060,01 City Park School
107,006061,47107006061,15 Mountain View School
107,006062,47107006062,07 Calhoun School
107,006063,47107006063,13 Jones Chapel Family Life
107,006064,47107006064,02 Etowah Community Center
107,006065,47107006065,03 Central High School
109,006151,47109006151,2 Adamsville
109,006152,47109006152,4 Rose Creek
109,006153,47109006153,3 North East Selmer
109,006154,47109006154,1 McNairy
109,006155,47109006155,5 Ramer
109,006156,47109006156,6 Courthouse SE
109,006157,47109006157,7 Michie
109,006158,47109006158,1 Bethel Springs
109,006159,47109006159,1 Finger
109,006160,47109006160,3 Leapwood
109,006161,47109006161,3 Purdy
109,006162,47109006162,2 Lawton
109,006163,47109006163,7 Stantonville
109,006164,47109006164,5 East View
109,006165,47109006165,5 Guys
109,006166,47109006166,5 Cypress
109,006167,47109006167,4 North Selmer
111,005551,47111005551,Red Boiling Springs High School
111,005552,47111005552,Willette Volunteer Fire Department
111,005553,47111005553,Macon County High School
111,005554,47111005554,Macon County Junior High School
111,005555,47111005555,Westside Elementary School
111,005556,47111005556,Cross Roads Community Center
111,005557,47111005557,National Guard Armory
111,005558,47111005558,Macon County Welcome Center
111,005559,47111005559,Central Elementary School
111,005560,47111005560,Lafayette Elementary School
113,005651,47113005651,1-1 Carl Perkins Civic Center
113,005652,47113005652,1-2 Mt. Moriah Baptist Church
113,005653,47113005653,5-1 Whitehall Elementary School
113,005654,47113005654,5-2 Macedonia Baptist Church
113,005655,47113005655,5-3 North Parkway School
113,005656,47113005656,7-1 UT Agricultural Experiment Station
113,005657,47113005657,7-2 TN Technology Center
113,005658,47113005658,7-3 Denmark West Community Center
113,005659,47113005659,7-4 Mercer Fire Station
113,005660,47113005660,6-3 Malesus Community Center
113,005661,47113005661,6-4 Medon City Hall
113,005662,47113005662,6-2 South Elementary School
113,005663,47113005663,8-5 Lesters Fire Station
113,005664,47113005664,8-4 East Union Ruritan Center
113,005665,47113005665,8-3 Mifflin Road Fire Station
113,005666,47113005666,8-1 Beech Bluff Baptist Church
113,005667,47113005667,8-2 Browns United Methodist Church
113,005668,47113005668,10-2 North East School
113,005669,47113005669,10-3 North Side High School
113,005670,47113005670,9-3 Three Way City Meeting Room
113,005671,47113005671,2-1 Alexander Elementary School
113,005672,47113005672,2-3 Tigrett School
113,005673,47113005673,2-2 Aldersgate United Methodist Church
113,005674,47113005674,4-2 Andrew Jackson School
113,005675,47113005675,4-3 Festivities Events Place
113,005676,47113005676,4-1 Masonic Temple Lodge #45
113,005677,47113005677,3-1 Madison Co Board of Ed.
113,005678,47113005678,3-3 Jackson Center for Ind. Living
113,005679,47113005679,3-2 Old Bells Fire Station
113,005680,47113005680,9-1 VFW
113,005681,47113005681,9-2 Pope Elementary School
113,005682,47113005682,6-1 South Side High School
113,005683,47113005683,10-1 Spring Creek Fire Station #7
115,002660,47115002660,5-2 Sewanee
115,005751,47115005751,Elder Mountain
115,005752,47115005752,Foster Falls
115,005753,47115005753,Haletown-Ladds
115,005754,47115005754,Jasper
115,005755,47115005755,Kimball
115,005756,47115005756,Lodge
115,005757,47115005757,Monteagle
115,005758,47115005758,New Hope
115,005759,47115005759,Orme
115,005760,47115005760,Powells Crossroads
115,005761,47115005761,River Canyon
115,005762,47115005762,Sequatchie
115,005763,47115005763,Shellmound
115,005764,47115005764,South Pittsburg
115,005765,47115005765,Waldens Ridge
115,005766,47115005766,Whitwell
115,005767,47115005767,Whitwell Mtn. FD
117,005851,47117005851,Henry Horton State Park
117,005852,47117005852,Cornersville
117,005853,47117005853,Belfast
117,005854,47117005854,Chapel Hill
117,005855,47117005855,Recreation Center
117,005856,47117005856,West Hills Elementary
117,005857,47117005857,Hardison School
117,005858,47117005858,Lewisburg Gas Dept.
117,005859,47117005859,McKnight Center
119,005951,47119005951,Spring Hill
119,005952,47119005952,Theta
119,005953,47119005953,Armory
119,005954,47119005954,Santa Fe
119,005956,47119005956,St. Catherine
119,005957,47119005957,CP Church
119,005958,47119005958,West End
119,005959,47119005959,Highland
119,005960,47119005960,First Family
119,005961,47119005961,Mt. Pleasant
119,005962,47119005962,Hampshire
119,005963,47119005963,College Hill
119,005964,47119005964,Pleasant Heights
119,005965,47119005965,Rally Hill
119,005966,47119005966,Bear Creek
119,005967,47119005967,Riverside
119,005968,47119005968,Bigbyville
119,005969,47119005969,Culleoka
119,005970,47119005970,Spring Hill Middle
119,005971,47119005971,Neapolis
121,006251,47121006251,2 Meigs South
121,006252,47121006252,3 Courthouse
121,006253,47121006253,1 Eastview
121,006254,47121006254,3 City Hall
121,006255,47121006255,4 Meigs North
121,006256,47121006256,5 Ten Mile
123,006351,47123006351,Sweetwater High School
123,006352,47123006352,Broad Street School
123,006353,47123006353,Brown Elementary School
123,006354,47123006354,Vonore Elementary School
123,006355,47123006355,Election Commission
123,006356,47123006356,Madisonville Primary School
123,006357,47123006357,Sequoyah High School
123,006358,47123006358,Vonore Community Center
123,006359,47123006359,Notchey Creek Fire Dept
123,006360,47123006360,Rural Vale Fire Dept
123,006361,47123006361,Tellico Community Center
123,006362,47123006362,Coker Creek School
123,006363,47123006363,Ballplay Fire Dept
125,006451,47125006451,8A
125,006452,47125006452,9
125,006453,47125006453,3
125,006454,47125006454,10
125,006455,47125006455,7
125,006456,47125006456,11
125,006457,47125006457,12
125,006458,47125006458,13
125,006459,47125006459,5A
125,006460,47125006460,6A
125,006461,47125006461,4A
125,006462,47125006462,21B
125,006463,47125006463,18
125,006464,47125006464,2A
125,006465,47125006465,14
125,006466,47125006466,17
125,006467,47125006467,1A
125,006468,47125006468,15
125,006469,47125006469,20A
125,006470,47125006470,16
125,006471,47125006471,19
125,006472,47125006472,4B
125,006473,47125006473,6B
125,006474,47125006474,21A
125,006476,47125006476,5B
125,006477,47125006477,20B
125,006478,47125006478,2B
125,006479,47125006479,1B
125,006480,47125006480,8B
127,006551,47127006551,2 Moore County High School
127,006552,47127006552,4 Elementary School
127,006553,47127006553,3 Moore County Building
127,006554,47127006554,1 Courthouse
127,006555,47127006555,5 Motlow College
129,006651,47129006651,Coalfield 1-1
129,006652,47129006652,Oakdale High 2-1
129,006653,47129006653,Petros 6-2
129,006654,47129006654,Wartburg 3-1
129,006655,47129006655,Chestnut Ridge 4-3
129,006656,47129006656,Sunbright 5-1
129,006657,47129006657,Mossy Grove 2-2
129,006658,47129006658,Lancing 4-1
129,006659,47129006659,Burrville 5-2
129,006660,47129006660,Kelly's 6-1
129,006661,47129006661,Deer Lodge 4-2
129,006662,47129006662,Oakdale 2-3
131,006751,47131006751,1-1 SOUTH FULTON
131,006752,47131006752,7-2 OBION CO. LIBRARY
131,006753,47131006753,2-4 WOODLAND
131,006754,47131006754,5-4 HORNBEAK
131,006755,47131006755,5-5 SAMBURG
131,006756,47131006756,2-1 EDDIE COX SR. CENTER
131,006757,47131006757,3-2 KENTON
131,006758,47131006758,6-2 OBION
131,006759,47131006759,5-2 CLOVERDALE
131,006760,47131006760,6-1 TROY SENIOR CENTER
131,006761,47131006761,3-4 RIVES
131,006762,47131006762,4-1 FAIR GROUNDS
133,006851,47133006851,5 Hilham
133,006852,47133006852,2 Allons
133,006853,47133006853,1 Livingston
133,006854,47133006854,2 Monroe
133,006855,47133006855,5 Fairgrounds
133,006856,47133006856,3 Poteet
133,006857,47133006857,4 Rickman
133,006858,47133006858,3 Wilson
133,006859,47133006859,3 Rushing Springs
135,006951,47135006951,201 Pineview
135,006952,47135006952,403 Lobelville Elem. School
135,006953,47135006953,301 Coon Creek
135,006954,47135006954,101 Cedar Creek
135,006955,47135006955,501 Perry Co. Courthouse
135,006956,47135006956,601 Lobelville City Hall
135,006957,47135006957,401 Brush Creek
135,006958,47135006958,102 Marsh Creek
135,006959,47135006959,302 Flatwoods
135,006960,47135006960,202 Pope
137,007051,47137007051,High School
137,007052,47137007052,Oak Hill
137,007053,47137007053,Chanute
137,007054,47137007054,Community Center
137,007055,47137007055,Travisville
137,007056,47137007056,Moodyville
137,007057,47137007057,Bolestown
137,007058,47137007058,Boom
137,007059,47137007059,Barnes Ridge
139,007151,47139007151,1 Delano Lions Club
139,007152,47139007152,1A Polk County High School
139,007153,47139007153,1B Chilhowee Middle Sch. Gym
139,007154,47139007154,3 Ducktown Courthouse
139,007155,47139007155,3A Cooper Basin High School
139,007156,47139007156,2C South Polk School
139,007157,47139007157,2D Shiloh Baptist Youth Center
139,007158,47139007158,2 Greasy Creek Comm. Club
139,007159,47139007159,2B Parksville
139,007160,47139007160,2A Springtown Firehall
139,007161,47139007161,3B Turtletown
141,007251,47141007251,11B Cookeville High School
141,007252,47141007252,12A Algood Inside
141,007253,47141007253,11A Bangham
141,007254,47141007254,12B Algood Outside
141,007255,47141007255,02A Northeast Elementary
141,007256,47141007256,03A University
141,007257,47141007257,10 Pavilion
141,007258,47141007258,10B Sycamore
141,007260,47141007260,12C Brotherton
141,007261,47141007261,05A Cookeville Community Center
141,007262,47141007262,04A Burks Middle School
141,007263,47141007263,07A Burgess Falls
141,007264,47141007264,06A Cane Creek
141,007265,47141007265,09B Double Springs
141,007266,47141007266,01A Capshaw
141,007267,47141007267,05C Prescott South
141,007268,47141007268,07D Twin Oak
141,007269,47141007269,08F Cornerstone School
141,007270,47141007270,08E Buffalo Valley
141,007271,47141007271,08G Upperman
141,007272,47141007272,08D Boma
141,007273,47141007273,04B Monterey High School
141,007274,47141007274,05F Dry Valley
141,007275,47141007275,04C Poplar Grove Community Center
143,007351,47143007351,1-1 Spring City North
143,007352,47143007352,1-2 Grandview
143,007353,47143007353,2-1 Spring City South
143,007354,47143007354,3-1 Wolf Creek
143,007355,47143007355,3-2 Evensville North
143,007356,47143007356,4-1 Evensville South
143,007357,47143007357,5-1 Dayton North
143,007358,47143007358,6-1 Dayton West
143,007359,47143007359,7-1 Frazier
143,007360,47143007360,8-1 Garrison
143,007361,47143007361,9-1 Graysville
143,007362,47143007362,9-2 Waldens Ridge
145,007451,47145007451,Cave Creek
145,007452,47145007452,Lawnville
145,007453,47145007453,Paw Paw
145,007454,47145007454,Midway
145,007455,47145007455,Cherokee
145,007456,47145007456,Kingston Ward 1
145,007457,47145007457,Dyllis
145,007458,47145007458,Oak Hills
145,007459,47145007459,Orchard View
145,007460,47145007460,Emory Heights
145,007461,47145007461,Emory
145,007462,47145007462,Kingston Ward 2
145,007463,47145007463,Midtown
145,007464,47145007464,South Harriman
145,007465,47145007465,Harriman Ward 1
145,007466,47145007466,Oliver Springs
145,007467,47145007467,Eureka
145,007468,47145007468,Renfro
145,007469,47145007469,Fairview
145,007470,47145007470,Glen Alice
145,007471,47145007471,Rockwood Ward 1
145,007472,47145007472,Rockwood Ward 2
145,007473,47145007473,Paint Rock
145,007474,47145007474,Johnson School House
147,007551,47147007551,1-1 East Robertson Elementary School
147,007552,47147007552,2-1 Robert F. Woodall Elementary School
147,007553,47147007553,3-2 White House Heritage HS
147,007554,47147007554,4-1 Watauga Elementary School
147,007555,47147007555,5-1 Greenbrier High School
147,007556,47147007556,6-2 Mt. Sharon C.P. Church
147,007557,47147007557,6-1 Coopertown Middle School
147,007558,47147007558,7-2 Stroudsville Church of Christ
147,007559,47147007559,7-1 Jo Byrns Elementary School
147,007560,47147007560,3-1 Ebenezer Baptist Church
147,007561,47147007561,8-2 H.A.T.S
147,007562,47147007562,8-1 Krisle School
147,007563,47147007563,8-3 Owens Chapel Fellowship Hall
147,007564,47147007564,9-1 Robertson County Fair Assoc.
147,007565,47147007565,10-1 South Haven Christian School
147,007566,47147007566,11-2 Heads Free Will Baptist Church
147,007567,47147007567,11-1 Westside School
147,007568,47147007568,12-1 Bransford School
149,007651,47149007651,1-1 LaVergne Lake Elementary School
149,007652,47149007652,2-3 Milton Fire Station
149,007653,47149007653,2-2 Wilson Elementary School
149,007654,47149007654,3-1 Leanna Church of Christ
149,007655,47149007655,3-2 Old Jefferson Church of Christ
149,007656,47149007656,4-1 Kittrell Elementary School
149,007657,47149007657,4-2 North Boulevard Church of Christ
149,007658,47149007658,4-3 Oakland Middle School
149,007659,47149007659,5-1 Cedar Grove Elementary School
149,007660,47149007660,5-2 LaVergne Middle School
149,007661,47149007661,6-1 Whitworth-Buchannan Middle School
149,007662,47149007662,6-2 Christiana Middle School
149,007663,47149007663,7-1 New Heights Chapel
149,007664,47149007664,7-2 Barfield Elementary School
149,007665,47149007665,8-1 Rockvale Middle School
149,007666,47149007666,8-2 Eagleville Community Center
149,007667,47149007667,8-3 Lebanon Campground Church
149,007668,47149007668,8-4 Crescent Church of Christ
149,007669,47149007669,9-1 Stewarts Creek Elementary School
149,007670,47149007670,9-2 Browns Chapel Elementary School
149,007671,47149007671,10-1 Rock Springs Elementary School
149,007672,47149007672,10-2 Lifepoint Church
149,007673,47149007673,11-1 Smyrna Middle School
149,007674,47149007674,11-2 StewartsboroElementary School
149,007675,47149007675,12-1 TN National Guard Armory
149,007676,47149007676,12-2 Smyrna Elementary School
149,007677,47149007677,13-1 Bellwood-Bowdoin Pre-School
149,007678,47149007678,13-2 Cason Lane Academy
149,007679,47149007679,14-1 Siegel Middle School
149,007680,47149007680,14-2 Siegel Elementary School
149,007681,47149007681,15-1 John Pittard Elementary
149,007682,47149007682,15-2 Northfield Elementary School
149,007683,47149007683,16-1 Central Magnet School
149,007684,47149007684,16-2 Mitchell-Neilson Primary School
149,007685,47149007685,16-3 Lane Agri-Park
149,007686,47149007686,17-1 North Boulevard Church of Christ
149,007687,47149007687,17-2 Kingwood Heights Church of Christ
149,007688,47149007688,17-3 Wesley Foundation
149,007689,47149007689,18-1 Patterson Park Community Center
149,007690,47149007690,18-2 Riverdale High School
149,007691,47149007691,19-1 Creekmont General Baptist Church
149,007692,47149007692,19-2 New Vision Baptist Church
149,007693,47149007693,20-1 Blackman United Methodist Church
149,007694,47149007694,20-2 Blackman High School
149,007695,47149007695,21-1 Hobgood Elementary School
149,007696,47149007696,21-2 BlackFox Elementary School
149,007698,47149007698,2-1 Lascassas Elementary School
149,007699,47149007699,12-3 LaVergne High School
149,007700,47149007700,4-5 Bud's Tire
151,007751,47151007751,2-2 Robbins
151,007752,47151007752,4-1 Helenwood
151,007753,47151007753,3-1 Huntsville
151,007754,47151007754,1-1 Fairview
151,007755,47151007755,5-2 Winfield
151,007756,47151007756,6-1 Oneida
151,007757,47151007757,7-1 West Oneida
151,007758,47151007758,2-1 Elgin
151,007759,47151007759,3-2 Paint Rock
151,007760,47151007760,5-1 Pine Hill
153,007851,47153007851,1 Lewis Chapel
153,007852,47153007852,8 Lone Oak
153,007853,47153007853,5 Chapel Hill
153,007854,47153007854,6 Daus
153,007855,47153007855,2 Cagle
153,007856,47153007856,9 Fredonia
153,007857,47153007857,7 City Justice Center
153,007858,47153007858,4 Electric Co-op
153,007859,47153007859,3 Court House
155,007951,47155007951,Pittman Center 1
155,007952,47155007952,Jones Cove 1
155,007953,47155007953,Caton's Chapel 1
155,007954,47155007954,Harrisburg 2
155,007955,47155007955,New Center 1
155,007956,47155007956,Gatlinburg 2
155,007957,47155007957,Pigeon Forge 2
155,007958,47155007958,Wearwood 2
155,007959,47155007959,Waldens Creek 2
155,007960,47155007960,DuPont 2
155,007961,47155007961,Whites 2
155,007962,47155007962,Senior Citizens 2
155,007963,47155007963,Middle School 2
155,007964,47155007964,Voting Machine Whse. 2
155,007965,47155007965,Seymour Primary Sch. 2
155,007966,47155007966,Catlettsburg 2
155,007967,47155007967,Boyd's Creek 2
155,007968,47155007968,Seymour Intm.Sch. 2
155,007969,47155007969,Kodak 1
155,007970,47155007970,Underwood 1
155,007971,47155007971,Jones Cove 2
155,007972,47155007972,Catons Chapel 2
155,007973,47155007973,Catlettsburg 1
155,007974,47155007974,Kodak 2
155,007975,47155007975,Pigeon Forge 2 Split
157,008051,47157008051,ARL-01
157,008052,47157008052,ARL-02
157,008053,47157008053,Bartlett 09
157,008054,47157008054,Bartlett 03
157,008055,47157008055,Bartlett 04
157,008056,47157008056,Bartlett 05
157,008057,47157008057,Bartlett 06
157,008058,47157008058,Bartlett 08
157,008060,47157008060,Bartlett 11
157,008061,47157008061,Memphis 87-2
157,008063,47157008063,Bartlett 13
157,008064,47157008064,Memphis 87-4
157,008065,47157008065,Brunswick 1
157,008066,47157008066,Brunswick 2
157,008068,47157008068,Collierville 1
157,008069,47157008069,Collierville 2
157,008070,47157008070,Collierville 3
157,008071,47157008071,Collierville 4
157,008072,47157008072,Collierville 5
157,008073,47157008073,Collierville 6
157,008074,47157008074,Collierville 7
157,008075,47157008075,Collierville 8
157,008076,47157008076,Cordova 3
157,008077,47157008077,Cordova 4
157,008078,47157008078,Cordova 5
157,008079,47157008079,Memphis 96-2
157,008080,47157008080,Memphis 91-4
157,008081,47157008081,Eads
157,008082,47157008082,Forest Hills 1
157,008083,47157008083,Forest Hills 2
157,008084,47157008084,Forest Hills 3
157,008086,47157008086,Germantown 02
157,008087,47157008087,Germantown 03
157,008088,47157008088,Germantown 04
157,008089,47157008089,Germantown 05
157,008090,47157008090,Germantown 06
157,008091,47157008091,Germantown 08
157,008093,47157008093,Germantown 10
157,008094,47157008094,Germantown 11
157,008095,47157008095,Germantown 12
157,008096,47157008096,Lakeland 1
157,008097,47157008097,Lakeland 2
157,008098,47157008098,Lucy 1
157,008099,47157008099,Lucy 3
157,008100,47157008100,McConnells
157,008101,47157008101,Memphis 01
157,008102,47157008102,Memphis 02
157,008103,47157008103,Memphis 11
157,008104,47157008104,Memphis 12
157,008105,47157008105,Memphis 13
157,008106,47157008106,Memphis 16-3
157,008107,47157008107,Memphis 16-1
157,008108,47157008108,Memphis 17
157,008109,47157008109,Memphis 20-1
157,008110,47157008110,Memphis 20-3
157,008111,47157008111,Memphis 21
157,008113,47157008113,Memphis 26
157,008114,47157008114,Memphis 28
157,008117,47157008117,Memphis 31-2
157,008118,47157008118,Memphis 31-4
157,008119,47157008119,Memphis 33
157,008120,47157008120,Memphis 34-2
157,008121,47157008121,Memphis 50-2
157,008122,47157008122,Memphis 36-1
157,008123,47157008123,Memphis 36-2
157,008125,47157008125,Memphis 37
157,008130,47157008130,Memphis 41-3
157,008131,47157008131,Memphis 42-1
157,008133,47157008133,Memphis 44-1
157,008136,47157008136,Memphis 44-5
157,008138,47157008138,Memphis 45-2
157,008139,47157008139,Memphis 45-4
157,008141,47157008141,Memphis 46-2
157,008142,47157008142,Memphis 47
157,008144,47157008144,Memphis 49
157,008145,47157008145,Memphis 50-1
157,008146,47157008146,Memphis 52-1
157,008149,47157008149,Memphis 53-1
157,008152,47157008152,Memphis 54
157,008154,47157008154,Memphis 55-2
157,008157,47157008157,Memphis 57
157,008158,47157008158,Memphis 58-1
157,008159,47157008159,Memphis 58-4
157,008161,47157008161,Memphis 59-5
157,008164,47157008164,Memphis 60-3
157,008166,47157008166,Memphis 60-5
157,008167,47157008167,Memphis 60-6
157,008168,47157008168,Memphis 60-7
157,008170,47157008170,Memphis 60-9
157,008171,47157008171,Memphis 61
157,008172,47157008172,Memphis 62-0
157,008174,47157008174,Memphis 64
157,008176,47157008176,Memphis 66
157,008177,47157008177,Memphis 67-1
157,008178,47157008178,Memphis 67-3
157,008179,47157008179,Memphis 68-1
157,008180,47157008180,Memphis 68-3
157,008182,47157008182,Memphis 69-2
157,008183,47157008183,Memphis 70-1
157,008184,47157008184,Memphis 70-2
157,008187,47157008187,Memphis 71-4
157,008189,47157008189,Memphis 72-3
157,008190,47157008190,Memphis 72-7
157,008191,47157008191,Memphis 73-1
157,008192,47157008192,Memphis 73-3
157,008194,47157008194,Memphis 74-1
157,008195,47157008195,Memphis 74-2
157,008197,47157008197,Memphis 74-5
157,008199,47157008199,Memphis 74-9
157,008200,47157008200,Memphis 75-1
157,008201,47157008201,Memphis 75-11
157,008202,47157008202,Memphis 75-6
157,008203,47157008203,Memphis 75-7
157,008204,47157008204,Memphis 76-4
157,008205,47157008205,Memphis 76-5
157,008206,47157008206,Memphis 76-6
157,008207,47157008207,Memphis 77-1
157,008209,47157008209,Memphis 77-3
157,008210,47157008210,Memphis 78-3
157,008211,47157008211,Memphis 79-1
157,008212,47157008212,Memphis 79-2
157,008213,47157008213,Memphis 79-3
157,008214,47157008214,Memphis 79-7
157,008216,47157008216,Memphis 80-2
157,008217,47157008217,Memphis 81-1
157,008219,47157008219,Memphis 81-3
157,008221,47157008221,Memphis 81-5
157,008222,47157008222,Memphis 81-7
157,008224,47157008224,Memphis 82-2
157,008226,47157008226,Memphis 83
157,008228,47157008228,Memphis 84-2
157,008229,47157008229,Memphis 86
157,008231,47157008231,Memphis 87-3
157,008232,47157008232,Memphis 88-2
157,008233,47157008233,Memphis 88-3
157,008234,47157008234,Memphis 88-4
157,008236,47157008236,Memphis 89-1
157,008237,47157008237,Memphis 89-2
157,008239,47157008239,Memphis 90-2
157,008240,47157008240,Memphis 90-3
157,008241,47157008241,Memphis 91-1
157,008242,47157008242,Memphis 91-2
157,008243,47157008243,Memphis 92-1
157,008244,47157008244,Memphis 94-6
157,008245,47157008245,Memphis 93-1
157,008246,47157008246,Memphis 93-3
157,008248,47157008248,Memphis 94-3
157,008250,47157008250,Memphis 94-7
157,008251,47157008251,Memphis 94-8
157,008252,47157008252,Memphis 95-1
157,008255,47157008255,Memphis 95-5
157,008256,47157008256,Memphis 95-6
157,008257,47157008257,Memphis 95-7
157,008258,47157008258,Memphis 95-8
157,008259,47157008259,Memphis 96-1
157,008260,47157008260,Millington 1
157,008261,47157008261,Millington 2
157,008262,47157008262,Morning Sun 01
157,008263,47157008263,Morning Sun 02
157,008265,47157008265,Ross Store 05
157,008266,47157008266,Ross Store 13
157,008267,47157008267,Ross Store 14
157,008268,47157008268,Ross Store 15
157,008269,47157008269,Ross Store 16
157,008270,47157008270,Stewartville
157,008271,47157008271,Collierville 9
159,008301,47159008301,04 Rock City
159,008302,47159008302,03 New Middleton
159,008303,47159008303,01 Defeated
159,008304,47159008304,05 Gordonsville
159,008305,47159008305,06 Carthage
159,008306,47159008306,07 South Carthage
159,008307,47159008307,08 Elmwood
159,008308,47159008308,02 Tanglewood
161,008401,47161008401,2-1 Big Rock
161,008402,47161008402,4-1 Family Life Center
161,008403,47161008403,3-1 Bumpus Mills
161,008404,47161008404,1-1 Indian Mound
161,008405,47161008405,5-1 Visitors Center
161,008406,47161008406,6-1 County Library
161,008407,47161008407,7-1 Cumberland City
163,008501,47163008501,2A
163,008502,47163008502,4A
163,008503,47163008503,3A
163,008504,47163008504,1A
163,008505,47163008505,10B
163,008506,47163008506,11A
163,008507,47163008507,5C
163,008508,47163008508,6C
163,008509,47163008509,7C
163,008510,47163008510,8A
163,008511,47163008511,9A
163,008512,47163008512,5B
163,008513,47163008513,5A
163,008514,47163008514,4C
163,008515,47163008515,4B
163,008516,47163008516,2C
163,008517,47163008517,2B
163,008518,47163008518,7B
163,008519,47163008519,7A
163,008520,47163008520,6A
163,008521,47163008521,6B
163,008522,47163008522,10A
163,008523,47163008523,11B
163,008524,47163008524,9B
163,008525,47163008525,8B
165,008601,47165008601,601 Vol State College
165,008602,47165008602,603 Jack Anderson Elementary
165,008603,47165008603,901 Hendersonville High School
165,008607,47165008607,303 Creekside Fellowship
165,008608,47165008608,502 Guild Elementary
165,008609,47165008609,501 First Baptist Gallatin
165,008610,47165008610,404 Union Elementary
165,008611,47165008611,401 Howard Elementary School
165,008612,47165008612,1201 Oakmont Elementary
165,008613,47165008613,203 Wiseman Elementary
165,008614,47165008614,202 Portland High School
165,008618,47165008618,602 Gallatin Sr. High School
165,008619,47165008619,801 Brown Elementary
165,008620,47165008620,902 Indian Lake Elementary
165,008621,47165008621,1001 Walton Ferry Elementary
165,008622,47165008622,701 Whitten Elementary
165,008623,47165008623,1102 Church of the Nazarene
165,008624,47165008624,1101 Beech High School Annex
165,008625,47165008625,1103 Millersville Community Center
165,008626,47165008626,1203 White House Middle School
165,008627,47165008627,403 Cottontown Fire Hall
165,008628,47165008628,703 Long Hollow Baptist Church
165,008631,47165008631,802 Hawkins Middle School
165,008632,47165008632,101 Westmoreland Middle
165,008633,47165008633,1002 Merrol Hyde Magnet School
165,008635,47165008635,301 Gallatin Civic Center
165,008636,47165008636,103 Corinth Church of Christ
167,008701,47167008701,21 W. Wilkinsville
167,008702,47167008702,22 Brighton
167,008703,47167008703,19 Austin Peay
167,008704,47167008704,06 Tipton West
167,008705,47167008705,03 S.E. Covington
167,008706,47167008706,14 Southwest Tipton
167,008707,47167008707,12 Munford
167,008708,47167008708,01 N. E. Covington
167,008709,47167008709,11 Atoka
169,008801,47169008801,1 Senior Center
169,008802,47169008802,2 Cato
169,008803,47169008803,3 Beech Grove
169,008804,47169008804,4 Halltown
169,008805,47169008805,5 Templow
169,008806,47169008806,6 Walnut Grove
169,008807,47169008807,7 High School
169,008808,47169008808,8 Willard
169,008809,47169008809,9 City
169,008810,47169008810,10 Providence
171,008901,47171008901,High School
171,008902,47171008902,Love Chapel
171,008903,47171008903,Temple Hill
171,008904,47171008904,Unicoi
171,008905,47171008905,Fishery
171,008906,47171008906,Rock Creek
171,008907,47171008907,Limestone Cove
171,008908,47171008908,Flag Pond
173,009001,47173009001,3-3 Brock Community Center
173,009002,47173009002,2-2 Luttrell Elementary School
173,009003,47173009003,1-1 Union County High School
173,009004,47173009004,3-2 Cedar Grove Community Cen.
173,009005,47173009005,4-7 Big Ridge Elementary Sch.
173,009006,47173009006,6-6 Paulette Elementary School
173,009007,47173009007,7-1 Plainview Community Center
173,009008,47173009008,5-13 Braden Chapel Church
173,009009,47173009009,5-10 Sharps Chapel Elementary
175,009101,47175009101,Cedar Grove Community Cntr.
175,009102,47175009102,Piney Fire Hall
175,009103,47175009103,Fall Creek Falls Comm. Center
175,009104,47175009104,Spencer 1
175,009105,47175009105,Spencer 5
175,009106,47175009106,Cummingsville Community Cntr
175,009107,47175009107,White Hill Community Cntr.
177,009201,47177009201,01-1 Civic Center
177,009202,47177009202,02-1 Courthouse
177,009203,47177009203,02-2 Warren County Airport
177,009204,47177009204,03-1 Westwood Church of Christ
177,009205,47177009205,03-2 Smartt First Baptist Church
177,009206,47177009206,04-1 TSU Nursery Res. Center
177,009207,47177009207,05-1 Three Star Mall
177,009208,47177009208,05-2 Beersheba Towers
177,009209,47177009209,06-1 Caney Fork Electric Auditorium
177,009210,47177009210,07-1 Friendship The Baptist Church
177,009211,47177009211,08-1 Fairview Community Center
177,009213,47177009213,08-3 Bonner Church of Christ
177,009214,47177009214,09-1 Morrison Ruritan Club
177,009215,47177009215,09-2 Viola Valley Comm. Center
177,009216,47177009216,10-1 Centertown United Methodist Church
177,009217,47177009217,10-2 Centertown Comm. Ctr.
177,009218,47177009218,11-1 Midway Community Center
177,009219,47177009219,11-2 Hwy 56 N Church of Christ
177,009220,47177009220,12-1 Northside Baptist Church
177,009221,47177009221,12-2 Lucky Community Center
179,009301,47179009301,Asbury
179,009302,47179009302,Boones Creek Central
179,009304,47179009304,Boones Creek City
179,009305,47179009305,Boones Creek East
179,009306,47179009306,Boones Creek West
179,009307,47179009307,Bowmantown
179,009308,47179009308,Carver
179,009309,47179009309,Courthouse
179,009310,47179009310,Embreeville
179,009311,47179009311,Fairhaven
179,009312,47179009312,Fairmont
179,009313,47179009313,Fall Branch
179,009314,47179009314,Grace City
179,009315,47179009315,Grace East
179,009316,47179009316,Grace West
179,009317,47179009317,Gray City
179,009318,47179009318,Gray County
179,009319,47179009319,Harmony
179,009320,47179009320,Henry Johnson 6
179,009321,47179009321,Henry Johnson 7
179,009322,47179009322,Indian Trail City
179,009323,47179009323,Keystone
179,009324,47179009324,Lake Ridge
179,009325,47179009325,Lamar
179,009326,47179009326,New Salem
179,009327,47179009327,New Victory
179,009328,47179009328,Princeton
179,009329,47179009329,South Central 6
179,009330,47179009330,South Central 7
179,009331,47179009331,South Side
179,009332,47179009332,Sulphur Springs
179,009333,47179009333,Town Acres CIty
179,009334,47179009334,Town Acres County
179,009335,47179009335,Visitor's Center
179,009336,47179009336,Woodland
181,009401,47181009401,2 Clifton
181,009402,47181009402,3 Beech Creek Fire Hall
181,009403,47181009403,4 Shawnatee
181,009404,47181009404,1 Waynesboro City
181,009405,47181009405,5 Lutts
181,009406,47181009406,6 Holly Creek Fire Hall
181,009407,47181009407,7 Ovilla Fire Hall
181,009408,47181009408,3 Eagle Creek Fire Hall
181,009409,47181009409,3 Crazy Horse
181,009410,47181009410,7 Buffalo River Fire Dept.
181,009411,47181009411,4 Collinwood City
181,009412,47181009412,6 Southgate Fire Hall
181,009413,47181009413,5 Big Cypress
181,009414,47181009414,5 Wayne Co. High School
183,009501,47183009501,01A Palmersville Fire Station
183,009502,47183009502,02 Gleason Community Building
183,009503,47183009503,01B Latham Vol. Fire Dept.
183,009504,47183009504,09 Dresden First United Methodist Church
183,009505,47183009505,08 Martin First United Methodist Church
183,009506,47183009506,04 Sharon First Baptist Church
183,009507,47183009507,03 Greenfield First Baptist Church
183,009508,47183009508,05 Martin Church of Christ
183,009509,47183009509,07 Martin Shepardsfield Church
183,009510,47183009510,06 Martin Trinity Presbyterian Church
185,009601,47185009601,"6-2 Cassville School, County"
185,009602,47185009602,"6-1 Central View School, County"
185,009603,47185009603,"5-1 Doyle Civic Center Hall, County"
185,009604,47185009604,"7-1 Northfield School, County"
185,009605,47185009605,"4-1 Woodland Park School, County"
185,009606,47185009606,"4-2 Bondecroft School, County"
185,009607,47185009607,"3-1 Ag Fair Complex, County"
185,009608,47185009608,"1-1 Sparta Civic Center, City"
185,009609,47185009609,"1-2 Sparta Civic Center, County"
185,009610,47185009610,"2-2 Woodland Park School, County"
185,009611,47185009611,"2-1 Ag Fair Complex, City"
187,009701,47187009701,1-1 Westwood Elementary School
187,009702,47187009702,1-2 Fairview Recreation Center
187,009703,47187009703,1-3 Old Pinewood School
187,009704,47187009704,1-4 Burwood Community Center
187,009705,47187009705,2-1 Bethesda Recreation Center
187,009706,47187009706,2-2 Thompson Station Baptist Church
187,009707,47187009707,2-3 Oakview Elementary School
187,009708,47187009708,2-4 College Grove Community Center
187,009709,47187009709,3-1 Heritage Elementary School
187,009710,47187009710,3-2 Longview Recreation Center
187,009711,47187009711,3-3 Chapman's Retreat Elementary School
187,009712,47187009712,4-1 Prairie Life Fitness Center
187,009713,47187009713,4-2 Millview Church of Christ
187,009714,47187009714,4-3 Franklin Christian Church
187,009715,47187009715,5-1 Sunset Elementary School
187,009716,47187009716,5-2 Nolensville Methodist Church
187,009717,47187009717,5-3 Triune Baptist Church
187,009718,47187009718,5-4 Nolensville Baptist Church
187,009719,47187009719,6-1 Brentwood Library
187,009720,47187009720,6-2 Brentwood Safety Center
187,009721,47187009721,6-3 Holy Family Catholic Church
187,009722,47187009722,7-1 Brenthaven Church
187,009723,47187009723,7-2 Baptist Children's Home
187,009724,47187009724,7-3 New Hope Community Church
187,009725,47187009725,8-1 Grassland Middle School
187,009726,47187009726,8-2 First Presbyterian Church
187,009727,47187009727,8-3 Episcopal Church
187,009728,47187009728,9-1 Walnut Grove Elementary School
187,009729,47187009729,9-2 Benton Hall School
187,009730,47187009730,9-3 Westhaven Clubhouse
187,009731,47187009731,9-4 Grace Chapel Church
187,009732,47187009732,10-1 Franklin Recreation Complex
187,009733,47187009733,10-2 Liberty Elementary School
187,009734,47187009734,10-3 Hunter's Bend Elementary School
187,009735,47187009735,11-1 Franklin Elementary School
187,009736,47187009736,11-2 Robert Ring Indoor Soccer Complex
187,009737,47187009737,11-3 Winstead Elementary School
187,009738,47187009738,12-1 Franklin Community of Faith Church
187,009739,47187009739,12-2 The Church of the City-Franklin
187,009740,47187009740,12-3 The Gate Community Church
187,009741,47187009741,9-5 Independence High School
187,009742,47187009742,1-5 The Church of Spring Hill
187,009999,47187009999,2-5 Fire & Rescue Station #24
189,009801,47189009801,1-1
189,009802,47189009802,2-1
189,009803,47189009803,3-1
189,009804,47189009804,4-1
189,009805,47189009805,4-2
189,009806,47189009806,5-1
189,009807,47189009807,6-1
189,009808,47189009808,7-1
189,009809,47189009809,7-2
189,009810,47189009810,8-1
189,009811,47189009811,9-1
189,009812,47189009812,9-2
189,009814,47189009814,10-1
189,009815,47189009815,11-1
189,009816,47189009816,12-1
189,009817,47189009817,12-2
189,009818,47189009818,13-1
189,009819,47189009819,14-1
189,009820,47189009820,15-1
189,009822,47189009822,16-1
189,009823,47189009823,17-1
189,009824,47189009824,18-1
189,009825,47189009825,19-1
189,009826,47189009826,20-1
189,009827,47189009827,21-1
189,009828,47189009828,21-2
189,009829,47189009829,22-1
189,009830,47189009830,23-1
189,009831,47189009831,24-1
189,009832,47189009832,25-1
189,009833,47189009833,25-2
