year,county_norm,total_precinct_keys,strict_high_keys,strict_high_pct,strict_high_medium_keys,strict_high_medium_pct,full_keys,full_pct
2000,ANDERSON,34,33,97.0588,34,100.0,34,100.0
2000,BEDFORD,19,4,21.0526,18,94.7368,19,100.0
2000,BENTON,14,14,100.0,14,100.0,14,100.0
2000,BLEDSOE,14,14,100.0,14,100.0,14,100.0
2000,BLOUNT,45,33,73.3333,41,91.1111,45,100.0
2000,BRADLEY,21,4,19.0476,13,61.9048,21,100.0
2000,CAMPBELL,27,20,74.0741,25,92.5926,27,100.0
2000,CANNON,11,10,90.9091,11,100.0,11,100.0
2000,CARROLL,27,26,96.2963,27,100.0,27,100.0
2000,CARTER,23,23,100.0,23,100.0,23,100.0
2000,CHEATHAM,12,12,100.0,12,100.0,12,100.0
2000,CHESTER,18,18,100.0,18,100.0,18,100.0
2000,CLAIBORNE,21,18,85.7143,18,85.7143,21,100.0
2000,CLAY,9,9,100.0,9,100.0,9,100.0
2000,COCKE,18,18,100.0,18,100.0,18,100.0
2000,COFFEE,27,27,100.0,27,100.0,27,100.0
2000,CROCKETT,12,12,100.0,12,100.0,12,100.0
2000,CUMBERLAND,34,34,100.0,34,100.0,34,100.0
2000,DAVIDSON,206,204,99.0291,204,99.0291,206,100.0
2000,DECATUR,12,12,100.0,12,100.0,12,100.0
2000,DEKALB,18,18,100.0,18,100.0,18,100.0
2000,DICKSON,31,31,100.0,31,100.0,31,100.0
2000,DYER,22,16,72.7273,18,81.8182,22,100.0
2000,FAYETTE,21,20,95.2381,21,100.0,21,100.0
2000,FENTRESS,13,11,84.6154,13,100.0,13,100.0
2000,FRANKLIN,18,18,100.0,18,100.0,18,100.0
2000,GIBSON,47,47,100.0,47,100.0,47,100.0
2000,GILES,15,15,100.0,15,100.0,15,100.0
2000,GRAINGER,13,13,100.0,13,100.0,13,100.0
2000,GREENE,38,17,44.7368,17,44.7368,38,100.0
2000,GRUNDY,16,11,68.75,15,93.75,16,100.0
2000,HAMBLEN,19,19,100.0,19,100.0,19,100.0
2000,HAMILTON,121,121,100.0,121,100.0,121,100.0
2000,HANCOCK,7,7,100.0,7,100.0,7,100.0
2000,HARDEMAN,15,14,93.3333,15,100.0,15,100.0
2000,HARDIN,23,23,100.0,23,100.0,23,100.0
2000,HAWKINS,25,20,80.0,25,100.0,25,100.0
2000,HAYWOOD,26,26,100.0,26,100.0,26,100.0
2000,HENDERSON,15,0,0.0,15,100.0,15,100.0
2000,HENRY,16,16,100.0,16,100.0,16,100.0
2000,HICKMAN,22,22,100.0,22,100.0,22,100.0
2000,HOUSTON,9,9,100.0,9,100.0,9,100.0
2000,HUMPHREYS,24,24,100.0,24,100.0,24,100.0
2000,JACKSON,17,17,100.0,17,100.0,17,100.0
2000,JEFFERSON,16,16,100.0,16,100.0,16,100.0
2000,JOHNSON,12,12,100.0,12,100.0,12,100.0
2000,KNOX,95,93,97.8947,93,97.8947,95,100.0
2000,LAKE,9,9,100.0,9,100.0,9,100.0
2000,LAUDERDALE,20,10,50.0,19,95.0,20,100.0
2000,LAWRENCE,32,32,100.0,32,100.0,32,100.0
2000,LEWIS,13,13,100.0,13,100.0,13,100.0
2000,LINCOLN,34,28,82.3529,32,94.1176,34,100.0
2000,LOUDON,18,17,94.4444,17,94.4444,18,100.0
2000,MACON,22,22,100.0,22,100.0,22,100.0
2000,MADISON,43,43,100.0,43,100.0,43,100.0
2000,MARION,32,18,56.25,28,87.5,32,100.0
2000,MARSHALL,14,14,100.0,14,100.0,14,100.0
2000,MAURY,34,27,79.4118,27,79.4118,34,100.0
2000,MCMINN,23,23,100.0,23,100.0,23,100.0
2000,MCNAIRY,21,21,100.0,21,100.0,21,100.0
2000,MEIGS,6,6,100.0,6,100.0,6,100.0
2000,MONROE,17,17,100.0,17,100.0,17,100.0
2000,MONTGOMERY,27,25,92.5926,25,92.5926,27,100.0
2000,MOORE,5,5,100.0,5,100.0,5,100.0
2000,MORGAN,12,12,100.0,12,100.0,12,100.0
2000,OBION,25,25,100.0,25,100.0,25,100.0
2000,OVERTON,15,15,100.0,15,100.0,15,100.0
2000,PERRY,10,3,30.0,7,70.0,10,100.0
2000,PICKETT,9,9,100.0,9,100.0,9,100.0
2000,POLK,17,17,100.0,17,100.0,17,100.0
2000,PUTNAM,43,31,72.093,35,81.3953,43,100.0
2000,RHEA,18,18,100.0,18,100.0,18,100.0
2000,ROANE,28,20,71.4286,21,75.0,28,100.0
2000,ROBERTSON,24,24,100.0,24,100.0,24,100.0
2000,RUTHERFORD,54,54,100.0,54,100.0,54,100.0
2000,SCOTT,12,12,100.0,12,100.0,12,100.0
2000,SEQUATCHIE,12,12,100.0,12,100.0,12,100.0
2000,SEVIER,25,25,100.0,25,100.0,25,100.0
2000,SHELBY,294,294,100.0,294,100.0,294,100.0
2000,SMITH,20,20,100.0,20,100.0,20,100.0
2000,STEWART,10,10,100.0,10,100.0,10,100.0
2000,SULLIVAN,63,62,98.4127,62,98.4127,63,100.0
2000,SUMNER,33,33,100.0,33,100.0,33,100.0
2000,TIPTON,21,21,100.0,21,100.0,21,100.0
2000,TROUSDALE,10,10,100.0,10,100.0,10,100.0
2000,UNICOI,7,7,100.0,7,100.0,7,100.0
2000,UNION,13,13,100.0,13,100.0,13,100.0
2000,VAN BUREN,12,11,91.6667,11,91.6667,12,100.0
2000,WARREN,31,31,100.0,31,100.0,31,100.0
2000,WASHINGTON,44,44,100.0,44,100.0,44,100.0
2000,WAYNE,12,12,100.0,12,100.0,12,100.0
2000,WEAKLEY,19,19,100.0,19,100.0,19,100.0
2000,WHITE,12,12,100.0,12,100.0,12,100.0
2000,WILLIAMSON,39,39,100.0,39,100.0,39,100.0
2000,WILSON,36,36,100.0,36,100.0,36,100.0
2002,ANDERSON,28,24,85.7143,26,92.8571,28,100.0
2002,BEDFORD,18,11,61.1111,12,66.6667,18,100.0
2002,BENTON,6,6,100.0,6,100.0,6,100.0
2002,BLEDSOE,15,15,100.0,15,100.0,15,100.0
2002,BLOUNT,40,32,80.0,33,82.5,40,100.0
2002,BRADLEY,17,4,23.5294,15,88.2353,17,100.0
2002,CAMPBELL,21,21,100.0,21,100.0,21,100.0
2002,CANNON,9,9,100.0,9,100.0,9,100.0
2002,CARROLL,22,22,100.0,22,100.0,22,100.0
2002,CARTER,21,21,100.0,21,100.0,21,100.0
2002,CHEATHAM,9,9,100.0,9,100.0,9,100.0
2002,CHESTER,16,16,100.0,16,100.0,16,100.0
2002,CLAIBORNE,20,20,100.0,20,100.0,20,100.0
2002,CLAY,7,7,100.0,7,100.0,7,100.0
2002,COCKE,18,17,94.4444,17,94.4444,18,100.0
2002,COFFEE,24,24,100.0,24,100.0,24,100.0
2002,CROCKETT,12,12,100.0,12,100.0,12,100.0
2002,CUMBERLAND,26,26,100.0,26,100.0,26,100.0
2002,DAVIDSON,172,171,99.4186,171,99.4186,172,100.0
2002,DECATUR,13,13,100.0,13,100.0,13,100.0
2002,DEKALB,16,16,100.0,16,100.0,16,100.0
2002,DICKSON,18,18,100.0,18,100.0,18,100.0
2002,DYER,15,15,100.0,15,100.0,15,100.0
2002,FAYETTE,17,16,94.1176,17,100.0,17,100.0
2002,FENTRESS,13,13,100.0,13,100.0,13,100.0
2002,FRANKLIN,18,18,100.0,18,100.0,18,100.0
2002,GIBSON,40,40,100.0,40,100.0,40,100.0
2002,GILES,14,14,100.0,14,100.0,14,100.0
2002,GRAINGER,10,10,100.0,10,100.0,10,100.0
2002,GREENE,37,32,86.4865,32,86.4865,37,100.0
2002,GRUNDY,13,13,100.0,13,100.0,13,100.0
2002,HAMBLEN,17,17,100.0,17,100.0,17,100.0
2002,HAMILTON,142,111,78.169,118,83.0986,142,100.0
2002,HANCOCK,7,7,100.0,7,100.0,7,100.0
2002,HARDEMAN,13,13,100.0,13,100.0,13,100.0
2002,HARDIN,18,14,77.7778,18,100.0,18,100.0
2002,HAWKINS,22,22,100.0,22,100.0,22,100.0
2002,HAYWOOD,21,21,100.0,21,100.0,21,100.0
2002,HENDERSON,17,0,0.0,15,88.2353,17,100.0
2002,HENRY,13,13,100.0,13,100.0,13,100.0
2002,HICKMAN,18,18,100.0,18,100.0,18,100.0
2002,HOUSTON,6,6,100.0,6,100.0,6,100.0
2002,HUMPHREYS,9,9,100.0,9,100.0,9,100.0
2002,JACKSON,17,17,100.0,17,100.0,17,100.0
2002,JEFFERSON,11,11,100.0,11,100.0,11,100.0
2002,JOHNSON,12,9,75.0,12,100.0,12,100.0
2002,KNOX,97,95,97.9381,95,97.9381,97,100.0
2002,LAKE,3,3,100.0,3,100.0,3,100.0
2002,LAUDERDALE,17,10,58.8235,17,100.0,17,100.0
2002,LAWRENCE,29,29,100.0,29,100.0,29,100.0
2002,LEWIS,9,9,100.0,9,100.0,9,100.0
2002,LINCOLN,20,14,70.0,14,70.0,20,100.0
2002,LOUDON,15,15,100.0,15,100.0,15,100.0
2002,MACON,9,9,100.0,9,100.0,9,100.0
2002,MADISON,33,33,100.0,33,100.0,33,100.0
2002,MARION,29,17,58.6207,26,89.6552,29,100.0
2002,MARSHALL,9,9,100.0,9,100.0,9,100.0
2002,MAURY,22,21,95.4545,21,95.4545,22,100.0
2002,MCMINN,19,19,100.0,19,100.0,19,100.0
2002,MCNAIRY,19,19,100.0,19,100.0,19,100.0
2002,MEIGS,6,6,100.0,6,100.0,6,100.0
2002,MONROE,13,13,100.0,13,100.0,13,100.0
2002,MONTGOMERY,24,24,100.0,24,100.0,24,100.0
2002,MOORE,3,3,100.0,3,100.0,3,100.0
2002,MORGAN,12,12,100.0,12,100.0,12,100.0
2002,OBION,12,12,100.0,12,100.0,12,100.0
2002,OVERTON,15,15,100.0,15,100.0,15,100.0
2002,PERRY,10,6,60.0,9,90.0,10,100.0
2002,PICKETT,9,9,100.0,9,100.0,9,100.0
2002,POLK,12,6,50.0,10,83.3333,12,100.0
2002,PUTNAM,42,19,45.2381,35,83.3333,42,100.0
2002,RHEA,15,15,100.0,15,100.0,15,100.0
2002,ROANE,28,26,92.8571,26,92.8571,28,100.0
2002,ROBERTSON,19,19,100.0,19,100.0,19,100.0
2002,RUTHERFORD,48,48,100.0,48,100.0,48,100.0
2002,SCOTT,10,10,100.0,10,100.0,10,100.0
2002,SEQUATCHIE,10,10,100.0,10,100.0,10,100.0
2002,SEVIER,20,20,100.0,20,100.0,20,100.0
2002,SHELBY,284,284,100.0,284,100.0,284,100.0
2002,SMITH,8,8,100.0,8,100.0,8,100.0
2002,STEWART,8,8,100.0,8,100.0,8,100.0
2002,SULLIVAN,39,38,97.4359,38,97.4359,39,100.0
2002,SUMNER,33,1,3.0303,28,84.8485,33,100.0
2002,TIPTON,23,20,86.9565,20,86.9565,23,100.0
2002,TROUSDALE,10,10,100.0,10,100.0,10,100.0
2002,UNICOI,7,7,100.0,7,100.0,7,100.0
2002,UNION,9,9,100.0,9,100.0,9,100.0
2002,VAN BUREN,7,2,28.5714,2,28.5714,7,100.0
2002,WARREN,21,21,100.0,21,100.0,21,100.0
2002,WASHINGTON,42,33,78.5714,34,80.9524,42,100.0
2002,WAYNE,14,14,100.0,14,100.0,14,100.0
2002,WEAKLEY,10,10,100.0,10,100.0,10,100.0
2002,WHITE,11,11,100.0,11,100.0,11,100.0
2002,WILLIAMSON,35,35,100.0,35,100.0,35,100.0
2002,WILSON,36,36,100.0,36,100.0,36,100.0
2004,ANDERSON,28,24,85.7143,25,89.2857,28,100.0
2004,BEDFORD,16,9,56.25,10,62.5,16,100.0
2004,BENTON,6,6,100.0,6,100.0,6,100.0
2004,BLEDSOE,15,15,100.0,15,100.0,15,100.0
2004,BLOUNT,37,11,29.7297,29,78.3784,37,100.0
2004,BRADLEY,15,0,0.0,11,73.3333,15,100.0
2004,CAMPBELL,21,21,100.0,21,100.0,21,100.0
2004,CANNON,9,0,0.0,9,100.0,9,100.0
2004,CARROLL,22,19,86.3636,22,100.0,22,100.0
2004,CARTER,21,21,100.0,21,100.0,21,100.0
2004,CHEATHAM,9,9,100.0,9,100.0,9,100.0
2004,CHESTER,16,16,100.0,16,100.0,16,100.0
2004,CLAIBORNE,20,20,100.0,20,100.0,20,100.0
2004,CLAY,7,7,100.0,7,100.0,7,100.0
2004,COCKE,18,17,94.4444,18,100.0,18,100.0
2004,COFFEE,24,24,100.0,24,100.0,24,100.0
2004,CROCKETT,12,12,100.0,12,100.0,12,100.0
2004,CUMBERLAND,26,26,100.0,26,100.0,26,100.0
2004,DAVIDSON,172,172,100.0,172,100.0,172,100.0
2004,DECATUR,13,13,100.0,13,100.0,13,100.0
2004,DEKALB,16,16,100.0,16,100.0,16,100.0
2004,DICKSON,18,18,100.0,18,100.0,18,100.0
2004,DYER,15,10,66.6667,10,66.6667,15,100.0
2004,FAYETTE,17,8,47.0588,17,100.0,17,100.0
2004,FENTRESS,13,13,100.0,13,100.0,13,100.0
2004,FRANKLIN,18,0,0.0,16,88.8889,18,100.0
2004,GIBSON,40,35,87.5,40,100.0,40,100.0
2004,GILES,12,1,8.3333,12,100.0,12,100.0
2004,GRAINGER,10,10,100.0,10,100.0,10,100.0
2004,GREENE,12,12,100.0,12,100.0,12,100.0
2004,GRUNDY,13,13,100.0,13,100.0,13,100.0
2004,HAMBLEN,17,17,100.0,17,100.0,17,100.0
2004,HAMILTON,124,5,4.0323,67,54.0323,124,100.0
2004,HANCOCK,7,7,100.0,7,100.0,7,100.0
2004,HARDEMAN,13,13,100.0,13,100.0,13,100.0
2004,HARDIN,18,10,55.5556,18,100.0,18,100.0
2004,HAWKINS,22,22,100.0,22,100.0,22,100.0
2004,HAYWOOD,21,1,4.7619,12,57.1429,21,100.0
2004,HENDERSON,14,7,50.0,14,100.0,14,100.0
2004,HENRY,13,13,100.0,13,100.0,13,100.0
2004,HICKMAN,18,18,100.0,18,100.0,18,100.0
2004,HOUSTON,3,0,0.0,2,66.6667,3,100.0
2004,HUMPHREYS,9,9,100.0,9,100.0,9,100.0
2004,JACKSON,17,17,100.0,17,100.0,17,100.0
2004,JEFFERSON,11,11,100.0,11,100.0,11,100.0
2004,JOHNSON,12,3,25.0,12,100.0,12,100.0
2004,KNOX,91,89,97.8022,90,98.9011,91,100.0
2004,LAKE,3,3,100.0,3,100.0,3,100.0
2004,LAUDERDALE,17,0,0.0,17,100.0,17,100.0
2004,LAWRENCE,27,15,55.5556,25,92.5926,27,100.0
2004,LEWIS,9,9,100.0,9,100.0,9,100.0
2004,LINCOLN,11,2,18.1818,8,72.7273,11,100.0
2004,LOUDON,15,15,100.0,15,100.0,15,100.0
2004,MACON,10,10,100.0,10,100.0,10,100.0
2004,MADISON,33,33,100.0,33,100.0,33,100.0
2004,MARION,29,0,0.0,23,79.3103,29,100.0
2004,MARSHALL,9,9,100.0,9,100.0,9,100.0
2004,MAURY,21,21,100.0,21,100.0,21,100.0
2004,MCMINN,15,15,100.0,15,100.0,15,100.0
2004,MCNAIRY,19,19,100.0,19,100.0,19,100.0
2004,MEIGS,6,6,100.0,6,100.0,6,100.0
2004,MONROE,12,12,100.0,12,100.0,12,100.0
2004,MONTGOMERY,22,18,81.8182,22,100.0,22,100.0
2004,MOORE,3,3,100.0,3,100.0,3,100.0
2004,MORGAN,12,12,100.0,12,100.0,12,100.0
2004,OBION,12,12,100.0,12,100.0,12,100.0
2004,OVERTON,15,15,100.0,15,100.0,15,100.0
2004,PERRY,10,4,40.0,8,80.0,10,100.0
2004,PICKETT,9,9,100.0,9,100.0,9,100.0
2004,POLK,12,6,50.0,11,91.6667,12,100.0
2004,PUTNAM,41,2,4.878,34,82.9268,41,100.0
2004,RHEA,15,15,100.0,15,100.0,15,100.0
2004,ROANE,26,1,3.8462,23,88.4615,26,100.0
2004,ROBERTSON,19,19,100.0,19,100.0,19,100.0
2004,RUTHERFORD,27,1,3.7037,12,44.4444,27,100.0
2004,SCOTT,10,10,100.0,10,100.0,10,100.0
2004,SEQUATCHIE,10,10,100.0,10,100.0,10,100.0
2004,SEVIER,20,20,100.0,20,100.0,20,100.0
2004,SHELBY,284,279,98.2394,279,98.2394,284,100.0
2004,SMITH,8,8,100.0,8,100.0,8,100.0
2004,STEWART,8,8,100.0,8,100.0,8,100.0
2004,SULLIVAN,36,36,100.0,36,100.0,36,100.0
2004,SUMNER,27,2,7.4074,26,96.2963,27,100.0
2004,TIPTON,22,20,90.9091,21,95.4545,22,100.0
2004,TROUSDALE,9,1,11.1111,1,11.1111,9,100.0
2004,UNICOI,8,8,100.0,8,100.0,8,100.0
2004,UNION,8,8,100.0,8,100.0,8,100.0
2004,VAN BUREN,4,2,50.0,2,50.0,4,100.0
2004,WARREN,21,21,100.0,21,100.0,21,100.0
2004,WASHINGTON,36,32,88.8889,33,91.6667,36,100.0
2004,WAYNE,14,14,100.0,14,100.0,14,100.0
2004,WEAKLEY,7,6,85.7143,6,85.7143,7,100.0
2004,WHITE,11,11,100.0,11,100.0,11,100.0
2004,WILLIAMSON,35,35,100.0,35,100.0,35,100.0
2004,WILSON,36,36,100.0,36,100.0,36,100.0
2006,ANDERSON,28,24,85.7143,25,89.2857,28,100.0
2006,BEDFORD,15,1,6.6667,3,20.0,15,100.0
2006,BENTON,4,4,100.0,4,100.0,4,100.0
2006,BLEDSOE,15,15,100.0,15,100.0,15,100.0
2006,BLOUNT,38,33,86.8421,33,86.8421,38,100.0
2006,BRADLEY,17,17,100.0,17,100.0,17,100.0
2006,CAMPBELL,21,0,0.0,20,95.2381,21,100.0
2006,CANNON,9,7,77.7778,9,100.0,9,100.0
2006,CARROLL,21,0,0.0,20,95.2381,21,100.0
2006,CARTER,21,20,95.2381,21,100.0,21,100.0
2006,CHEATHAM,9,9,100.0,9,100.0,9,100.0
2006,CHESTER,11,11,100.0,11,100.0,11,100.0
2006,CLAIBORNE,18,0,0.0,17,94.4444,18,100.0
2006,CLAY,7,7,100.0,7,100.0,7,100.0
2006,COCKE,18,17,94.4444,18,100.0,18,100.0
2006,COFFEE,24,24,100.0,24,100.0,24,100.0
2006,CROCKETT,12,12,100.0,12,100.0,12,100.0
2006,CUMBERLAND,26,26,100.0,26,100.0,26,100.0
2006,DAVIDSON,171,171,100.0,171,100.0,171,100.0
2006,DECATUR,19,19,100.0,19,100.0,19,100.0
2006,DEKALB,16,16,100.0,16,100.0,16,100.0
2006,DICKSON,18,18,100.0,18,100.0,18,100.0
2006,DYER,16,4,25.0,4,25.0,16,100.0
2006,FAYETTE,17,2,11.7647,16,94.1176,17,100.0
2006,FENTRESS,13,13,100.0,13,100.0,13,100.0
2006,FRANKLIN,18,0,0.0,16,88.8889,18,100.0
2006,GIBSON,36,32,88.8889,35,97.2222,36,100.0
2006,GILES,12,2,16.6667,12,100.0,12,100.0
2006,GRAINGER,10,10,100.0,10,100.0,10,100.0
2006,GREENE,15,15,100.0,15,100.0,15,100.0
2006,GRUNDY,13,12,92.3077,13,100.0,13,100.0
2006,HAMBLEN,17,17,100.0,17,100.0,17,100.0
2006,HAMILTON,128,99,77.3438,101,78.9062,128,100.0
2006,HANCOCK,7,7,100.0,7,100.0,7,100.0
2006,HARDEMAN,13,13,100.0,13,100.0,13,100.0
2006,HARDIN,15,0,0.0,0,0.0,15,100.0
2006,HAWKINS,26,26,100.0,26,100.0,26,100.0
2006,HAYWOOD,15,9,60.0,9,60.0,15,100.0
2006,HENDERSON,15,15,100.0,15,100.0,15,100.0
2006,HENRY,13,13,100.0,13,100.0,13,100.0
2006,HICKMAN,18,18,100.0,18,100.0,18,100.0
2006,HOUSTON,3,0,0.0,2,66.6667,3,100.0
2006,HUMPHREYS,9,9,100.0,9,100.0,9,100.0
2006,JACKSON,17,17,100.0,17,100.0,17,100.0
2006,JEFFERSON,11,11,100.0,11,100.0,11,100.0
2006,JOHNSON,12,3,25.0,12,100.0,12,100.0
2006,KNOX,88,85,96.5909,86,97.7273,88,100.0
2006,LAKE,3,3,100.0,3,100.0,3,100.0
2006,LAUDERDALE,16,0,0.0,4,25.0,16,100.0
2006,LAWRENCE,27,15,55.5556,25,92.5926,27,100.0
2006,LEWIS,9,9,100.0,9,100.0,9,100.0
2006,LINCOLN,11,2,18.1818,8,72.7273,11,100.0
2006,LOUDON,13,12,92.3077,12,92.3077,13,100.0
2006,MACON,3,1,33.3333,2,66.6667,3,100.0
2006,MADISON,33,33,100.0,33,100.0,33,100.0
2006,MARION,20,17,85.0,18,90.0,20,100.0
2006,MARSHALL,9,9,100.0,9,100.0,9,100.0
2006,MAURY,20,5,25.0,5,25.0,20,100.0
2006,MCMINN,11,0,0.0,11,100.0,11,100.0
2006,MCNAIRY,15,0,0.0,0,0.0,15,100.0
2006,MEIGS,6,6,100.0,6,100.0,6,100.0
2006,MONROE,10,0,0.0,3,30.0,10,100.0
2006,MONTGOMERY,18,18,100.0,18,100.0,18,100.0
2006,MOORE,3,3,100.0,3,100.0,3,100.0
2006,MORGAN,12,12,100.0,12,100.0,12,100.0
2006,OBION,12,12,100.0,12,100.0,12,100.0
2006,OVERTON,15,15,100.0,15,100.0,15,100.0
2006,PERRY,10,10,100.0,10,100.0,10,100.0
2006,PICKETT,9,2,22.2222,2,22.2222,9,100.0
2006,POLK,10,6,60.0,9,90.0,10,100.0
2006,PUTNAM,40,2,5.0,34,85.0,40,100.0
2006,RHEA,15,15,100.0,15,100.0,15,100.0
2006,ROANE,25,22,88.0,23,92.0,25,100.0
2006,ROBERTSON,19,19,100.0,19,100.0,19,100.0
2006,RUTHERFORD,27,2,7.4074,12,44.4444,27,100.0
2006,SCOTT,10,10,100.0,10,100.0,10,100.0
2006,SEQUATCHIE,10,10,100.0,10,100.0,10,100.0
2006,SEVIER,20,20,100.0,20,100.0,20,100.0
2006,SHELBY,279,274,98.2079,274,98.2079,279,100.0
2006,SMITH,8,8,100.0,8,100.0,8,100.0
2006,STEWART,9,9,100.0,9,100.0,9,100.0
2006,SULLIVAN,24,24,100.0,24,100.0,24,100.0
2006,SUMNER,26,1,3.8462,25,96.1538,26,100.0
2006,TIPTON,12,1,8.3333,7,58.3333,12,100.0
2006,TROUSDALE,9,1,11.1111,1,11.1111,9,100.0
2006,UNICOI,7,7,100.0,7,100.0,7,100.0
2006,UNION,8,8,100.0,8,100.0,8,100.0
2006,VAN BUREN,4,3,75.0,3,75.0,4,100.0
2006,WARREN,21,21,100.0,21,100.0,21,100.0
2006,WASHINGTON,36,32,88.8889,33,91.6667,36,100.0
2006,WAYNE,14,14,100.0,14,100.0,14,100.0
2006,WEAKLEY,8,6,75.0,6,75.0,8,100.0
2006,WHITE,11,11,100.0,11,100.0,11,100.0
2006,WILLIAMSON,35,35,100.0,35,100.0,35,100.0
2006,WILSON,36,36,100.0,36,100.0,36,100.0
2008,ANDERSON,28,25,89.2857,26,92.8571,28,100.0
2008,BEDFORD,17,1,5.8824,16,94.1176,17,100.0
2008,BENTON,4,4,100.0,4,100.0,4,100.0
2008,BLEDSOE,15,15,100.0,15,100.0,15,100.0
2008,BLOUNT,38,36,94.7368,36,94.7368,38,100.0
2008,BRADLEY,17,17,100.0,17,100.0,17,100.0
2008,CAMPBELL,21,0,0.0,20,95.2381,21,100.0
2008,CANNON,9,7,77.7778,9,100.0,9,100.0
2008,CARROLL,21,0,0.0,20,95.2381,21,100.0
2008,CARTER,21,20,95.2381,21,100.0,21,100.0
2008,CHEATHAM,8,8,100.0,8,100.0,8,100.0
2008,CHESTER,11,11,100.0,11,100.0,11,100.0
2008,CLAIBORNE,18,0,0.0,17,94.4444,18,100.0
2008,CLAY,7,7,100.0,7,100.0,7,100.0
2008,COCKE,18,17,94.4444,18,100.0,18,100.0
2008,COFFEE,24,24,100.0,24,100.0,24,100.0
2008,CROCKETT,12,12,100.0,12,100.0,12,100.0
2008,CUMBERLAND,26,26,100.0,26,100.0,26,100.0
2008,DAVIDSON,172,172,100.0,172,100.0,172,100.0
2008,DECATUR,13,13,100.0,13,100.0,13,100.0
2008,DEKALB,16,16,100.0,16,100.0,16,100.0
2008,DICKSON,18,18,100.0,18,100.0,18,100.0
2008,DYER,15,0,0.0,0,0.0,15,100.0
2008,FAYETTE,17,2,11.7647,16,94.1176,17,100.0
2008,FENTRESS,13,13,100.0,13,100.0,13,100.0
2008,FRANKLIN,17,2,11.7647,13,76.4706,17,100.0
2008,GIBSON,36,32,88.8889,36,100.0,36,100.0
2008,GILES,12,2,16.6667,12,100.0,12,100.0
2008,GRAINGER,10,10,100.0,10,100.0,10,100.0
2008,GREENE,15,15,100.0,15,100.0,15,100.0
2008,GRUNDY,13,12,92.3077,13,100.0,13,100.0
2008,HAMBLEN,17,17,100.0,17,100.0,17,100.0
2008,HAMILTON,124,97,78.2258,99,79.8387,124,100.0
2008,HANCOCK,7,7,100.0,7,100.0,7,100.0
2008,HARDEMAN,13,13,100.0,13,100.0,13,100.0
2008,HARDIN,15,0,0.0,0,0.0,15,100.0
2008,HAWKINS,26,26,100.0,26,100.0,26,100.0
2008,HAYWOOD,15,10,66.6667,10,66.6667,15,100.0
2008,HENDERSON,15,15,100.0,15,100.0,15,100.0
2008,HENRY,13,13,100.0,13,100.0,13,100.0
2008,HICKMAN,18,18,100.0,18,100.0,18,100.0
2008,HOUSTON,3,1,33.3333,2,66.6667,3,100.0
2008,HUMPHREYS,9,9,100.0,9,100.0,9,100.0
2008,JACKSON,17,17,100.0,17,100.0,17,100.0
2008,JEFFERSON,11,11,100.0,11,100.0,11,100.0
2008,JOHNSON,12,3,25.0,12,100.0,12,100.0
2008,KNOX,88,85,96.5909,86,97.7273,88,100.0
2008,LAKE,3,3,100.0,3,100.0,3,100.0
2008,LAUDERDALE,15,0,0.0,4,26.6667,15,100.0
2008,LAWRENCE,27,15,55.5556,25,92.5926,27,100.0
2008,LEWIS,9,9,100.0,9,100.0,9,100.0
2008,LINCOLN,11,2,18.1818,8,72.7273,11,100.0
2008,LOUDON,14,13,92.8571,13,92.8571,14,100.0
2008,MACON,2,0,0.0,2,100.0,2,100.0
2008,MADISON,33,33,100.0,33,100.0,33,100.0
2008,MARION,20,17,85.0,18,90.0,20,100.0
2008,MARSHALL,9,9,100.0,9,100.0,9,100.0
2008,MAURY,20,5,25.0,5,25.0,20,100.0
2008,MCMINN,12,0,0.0,11,91.6667,12,100.0
2008,MCNAIRY,13,0,0.0,0,0.0,13,100.0
2008,MEIGS,6,6,100.0,6,100.0,6,100.0
2008,MONROE,9,0,0.0,1,11.1111,9,100.0
2008,MONTGOMERY,18,18,100.0,18,100.0,18,100.0
2008,MOORE,3,3,100.0,3,100.0,3,100.0
2008,MORGAN,12,7,58.3333,12,100.0,12,100.0
2008,OBION,12,12,100.0,12,100.0,12,100.0
2008,OVERTON,13,13,100.0,13,100.0,13,100.0
2008,PERRY,10,10,100.0,10,100.0,10,100.0
2008,PICKETT,9,2,22.2222,2,22.2222,9,100.0
2008,POLK,9,6,66.6667,8,88.8889,9,100.0
2008,PUTNAM,41,2,4.878,33,80.4878,41,100.0
2008,RHEA,15,15,100.0,15,100.0,15,100.0
2008,ROANE,25,22,88.0,23,92.0,25,100.0
2008,ROBERTSON,19,19,100.0,19,100.0,19,100.0
2008,RUTHERFORD,25,6,24.0,10,40.0,25,100.0
2008,SCOTT,10,10,100.0,10,100.0,10,100.0
2008,SEQUATCHIE,10,10,100.0,10,100.0,10,100.0
2008,SEVIER,20,20,100.0,20,100.0,20,100.0
2008,SHELBY,274,269,98.1752,269,98.1752,274,100.0
2008,SMITH,8,8,100.0,8,100.0,8,100.0
2008,STEWART,9,9,100.0,9,100.0,9,100.0
2008,SULLIVAN,24,24,100.0,24,100.0,24,100.0
2008,SUMNER,25,3,12.0,22,88.0,25,100.0
2008,TIPTON,7,3,42.8571,5,71.4286,7,100.0
2008,TROUSDALE,9,1,11.1111,1,11.1111,9,100.0
2008,UNICOI,8,8,100.0,8,100.0,8,100.0
2008,UNION,8,8,100.0,8,100.0,8,100.0
2008,VAN BUREN,4,3,75.0,3,75.0,4,100.0
2008,WARREN,21,21,100.0,21,100.0,21,100.0
2008,WASHINGTON,37,34,91.8919,35,94.5946,37,100.0
2008,WAYNE,14,14,100.0,14,100.0,14,100.0
2008,WEAKLEY,8,6,75.0,6,75.0,8,100.0
2008,WHITE,11,11,100.0,11,100.0,11,100.0
2008,WILLIAMSON,41,41,100.0,41,100.0,41,100.0
2008,WILSON,36,36,100.0,36,100.0,36,100.0
2010,ANDERSON,28,27,96.4286,28,100.0,28,100.0
2010,BEDFORD,11,0,0.0,3,27.2727,11,100.0
2010,BENTON,4,4,100.0,4,100.0,4,100.0
2010,BLEDSOE,15,15,100.0,15,100.0,15,100.0
2010,BLOUNT,31,27,87.0968,28,90.3226,31,100.0
2010,BRADLEY,15,0,0.0,13,86.6667,15,100.0
2010,CAMPBELL,19,0,0.0,18,94.7368,19,100.0
2010,CANNON,9,6,66.6667,9,100.0,9,100.0
2010,CARROLL,21,0,0.0,20,95.2381,21,100.0
2010,CARTER,21,20,95.2381,21,100.0,21,100.0
2010,CHEATHAM,8,8,100.0,8,100.0,8,100.0
2010,CHESTER,11,11,100.0,11,100.0,11,100.0
2010,CLAIBORNE,18,0,0.0,17,94.4444,18,100.0
2010,CLAY,7,7,100.0,7,100.0,7,100.0
2010,COCKE,18,17,94.4444,18,100.0,18,100.0
2010,COFFEE,24,24,100.0,24,100.0,24,100.0
2010,CROCKETT,12,12,100.0,12,100.0,12,100.0
2010,CUMBERLAND,23,23,100.0,23,100.0,23,100.0
2010,DAVIDSON,172,172,100.0,172,100.0,172,100.0
2010,DECATUR,13,13,100.0,13,100.0,13,100.0
2010,DEKALB,16,16,100.0,16,100.0,16,100.0
2010,DICKSON,18,18,100.0,18,100.0,18,100.0
2010,DYER,16,3,18.75,3,18.75,16,100.0
2010,FAYETTE,17,0,0.0,17,100.0,17,100.0
2010,FENTRESS,13,13,100.0,13,100.0,13,100.0
2010,FRANKLIN,18,18,100.0,18,100.0,18,100.0
2010,GIBSON,36,36,100.0,36,100.0,36,100.0
2010,GILES,14,14,100.0,14,100.0,14,100.0
2010,GRAINGER,10,10,100.0,10,100.0,10,100.0
2010,GREENE,39,39,100.0,39,100.0,39,100.0
2010,GRUNDY,13,12,92.3077,13,100.0,13,100.0
2010,HAMBLEN,17,17,100.0,17,100.0,17,100.0
2010,HAMILTON,125,121,96.8,122,97.6,125,100.0
2010,HANCOCK,7,7,100.0,7,100.0,7,100.0
2010,HARDEMAN,13,13,100.0,13,100.0,13,100.0
2010,HARDIN,15,0,0.0,0,0.0,15,100.0
2010,HAWKINS,26,26,100.0,26,100.0,26,100.0
2010,HAYWOOD,15,1,6.6667,12,80.0,15,100.0
2010,HENDERSON,15,15,100.0,15,100.0,15,100.0
2010,HENRY,13,13,100.0,13,100.0,13,100.0
2010,HICKMAN,18,18,100.0,18,100.0,18,100.0
2010,HOUSTON,7,6,85.7143,6,85.7143,7,100.0
2010,HUMPHREYS,9,9,100.0,9,100.0,9,100.0
2010,JACKSON,16,16,100.0,16,100.0,16,100.0
2010,JEFFERSON,11,11,100.0,11,100.0,11,100.0
2010,JOHNSON,12,12,100.0,12,100.0,12,100.0
2010,KNOX,92,91,98.913,92,100.0,92,100.0
2010,LAKE,3,3,100.0,3,100.0,3,100.0
2010,LAUDERDALE,15,4,26.6667,4,26.6667,15,100.0
2010,LAWRENCE,23,23,100.0,23,100.0,23,100.0
2010,LEWIS,9,9,100.0,9,100.0,9,100.0
2010,LINCOLN,16,0,0.0,5,31.25,16,100.0
2010,LOUDON,14,14,100.0,14,100.0,14,100.0
2010,MACON,9,7,77.7778,7,77.7778,9,100.0
2010,MADISON,33,33,100.0,33,100.0,33,100.0
2010,MARION,20,17,85.0,18,90.0,20,100.0
2010,MARSHALL,9,9,100.0,9,100.0,9,100.0
2010,MAURY,21,9,42.8571,9,42.8571,21,100.0
2010,MCMINN,13,0,0.0,0,0.0,13,100.0
2010,MCNAIRY,13,0,0.0,0,0.0,13,100.0
2010,MEIGS,6,6,100.0,6,100.0,6,100.0
2010,MONROE,12,4,33.3333,5,41.6667,12,100.0
2010,MONTGOMERY,24,24,100.0,24,100.0,24,100.0
2010,MOORE,3,3,100.0,3,100.0,3,100.0
2010,MORGAN,12,7,58.3333,12,100.0,12,100.0
2010,OBION,12,12,100.0,12,100.0,12,100.0
2010,OVERTON,13,13,100.0,13,100.0,13,100.0
2010,PERRY,9,0,0.0,7,77.7778,9,100.0
2010,PICKETT,9,2,22.2222,2,22.2222,9,100.0
2010,POLK,11,11,100.0,11,100.0,11,100.0
2010,PUTNAM,25,24,96.0,25,100.0,25,100.0
2010,RHEA,15,15,100.0,15,100.0,15,100.0
2010,ROANE,24,23,95.8333,24,100.0,24,100.0
2010,ROBERTSON,19,19,100.0,19,100.0,19,100.0
2010,RUTHERFORD,48,48,100.0,48,100.0,48,100.0
2010,SCOTT,10,10,100.0,10,100.0,10,100.0
2010,SEQUATCHIE,10,10,100.0,10,100.0,10,100.0
2010,SEVIER,20,20,100.0,20,100.0,20,100.0
2010,SHELBY,236,230,97.4576,230,97.4576,236,100.0
2010,SMITH,8,8,100.0,8,100.0,8,100.0
2010,STEWART,9,9,100.0,9,100.0,9,100.0
2010,SULLIVAN,29,27,93.1034,27,93.1034,29,100.0
2010,SUMNER,35,3,8.5714,29,82.8571,35,100.0
2010,TIPTON,10,10,100.0,10,100.0,10,100.0
2010,TROUSDALE,8,2,25.0,2,25.0,8,100.0
2010,UNICOI,8,8,100.0,8,100.0,8,100.0
2010,UNION,9,8,88.8889,8,88.8889,9,100.0
2010,VAN BUREN,7,6,85.7143,6,85.7143,7,100.0
2010,WARREN,21,21,100.0,21,100.0,21,100.0
2010,WASHINGTON,40,38,95.0,38,95.0,40,100.0
2010,WAYNE,14,14,100.0,14,100.0,14,100.0
2010,WEAKLEY,10,10,100.0,10,100.0,10,100.0
2010,WHITE,24,24,100.0,24,100.0,24,100.0
2010,WILLIAMSON,41,41,100.0,41,100.0,41,100.0
2010,WILSON,37,37,100.0,37,100.0,37,100.0
2012,ANDERSON,26,25,96.1538,26,100.0,26,100.0
2012,BEDFORD,8,0,0.0,1,12.5,8,100.0
2012,BENTON,4,4,100.0,4,100.0,4,100.0
2012,BLEDSOE,12,12,100.0,12,100.0,12,100.0
2012,BLOUNT,32,28,87.5,28,87.5,32,100.0
2012,BRADLEY,15,0,0.0,12,80.0,15,100.0
2012,CAMPBELL,19,1,5.2632,18,94.7368,19,100.0
2012,CANNON,9,6,66.6667,9,100.0,9,100.0
2012,CARROLL,18,0,0.0,16,88.8889,18,100.0
2012,CARTER,22,21,95.4545,22,100.0,22,100.0
2012,CHEATHAM,8,8,100.0,8,100.0,8,100.0
2012,CHESTER,11,11,100.0,11,100.0,11,100.0
2012,CLAIBORNE,17,0,0.0,16,94.1176,17,100.0
2012,CLAY,7,7,100.0,7,100.0,7,100.0
2012,COCKE,18,17,94.4444,17,94.4444,18,100.0
2012,COFFEE,23,23,100.0,23,100.0,23,100.0
2012,CROCKETT,12,12,100.0,12,100.0,12,100.0
2012,CUMBERLAND,24,24,100.0,24,100.0,24,100.0
2012,DAVIDSON,161,161,100.0,161,100.0,161,100.0
2012,DECATUR,13,13,100.0,13,100.0,13,100.0
2012,DEKALB,16,16,100.0,16,100.0,16,100.0
2012,DICKSON,17,17,100.0,17,100.0,17,100.0
2012,DYER,16,3,18.75,3,18.75,16,100.0
2012,FAYETTE,15,0,0.0,15,100.0,15,100.0
2012,FENTRESS,13,13,100.0,13,100.0,13,100.0
2012,FRANKLIN,18,18,100.0,18,100.0,18,100.0
2012,GIBSON,28,28,100.0,28,100.0,28,100.0
2012,GILES,14,14,100.0,14,100.0,14,100.0
2012,GRAINGER,10,10,100.0,10,100.0,10,100.0
2012,GREENE,39,39,100.0,39,100.0,39,100.0
2012,GRUNDY,13,12,92.3077,13,100.0,13,100.0
2012,HAMBLEN,17,17,100.0,17,100.0,17,100.0
2012,HAMILTON,124,86,69.3548,87,70.1613,124,100.0
2012,HANCOCK,7,7,100.0,7,100.0,7,100.0
2012,HARDEMAN,13,13,100.0,13,100.0,13,100.0
2012,HARDIN,15,0,0.0,0,0.0,15,100.0
2012,HAWKINS,26,26,100.0,26,100.0,26,100.0
2012,HAYWOOD,11,11,100.0,11,100.0,11,100.0
2012,HENDERSON,15,15,100.0,15,100.0,15,100.0
2012,HENRY,13,13,100.0,13,100.0,13,100.0
2012,HICKMAN,13,13,100.0,13,100.0,13,100.0
2012,HOUSTON,7,6,85.7143,6,85.7143,7,100.0
2012,HUMPHREYS,8,8,100.0,8,100.0,8,100.0
2012,JACKSON,12,12,100.0,12,100.0,12,100.0
2012,JEFFERSON,11,11,100.0,11,100.0,11,100.0
2012,JOHNSON,10,8,80.0,10,100.0,10,100.0
2012,KNOX,80,76,95.0,80,100.0,80,100.0
2012,LAKE,3,3,100.0,3,100.0,3,100.0
2012,LAUDERDALE,13,4,30.7692,4,30.7692,13,100.0
2012,LAWRENCE,24,24,100.0,24,100.0,24,100.0
2012,LEWIS,9,9,100.0,9,100.0,9,100.0
2012,LINCOLN,16,2,12.5,7,43.75,16,100.0
2012,LOUDON,13,12,92.3077,12,92.3077,13,100.0
2012,MACON,9,7,77.7778,7,77.7778,9,100.0
2012,MADISON,33,33,100.0,33,100.0,33,100.0
2012,MARION,20,17,85.0,18,90.0,20,100.0
2012,MARSHALL,9,9,100.0,9,100.0,9,100.0
2012,MAURY,20,2,10.0,2,10.0,20,100.0
2012,MCMINN,13,0,0.0,0,0.0,13,100.0
2012,MCNAIRY,13,0,0.0,0,0.0,13,100.0
2012,MEIGS,6,6,100.0,6,100.0,6,100.0
2012,MONROE,12,4,33.3333,5,41.6667,12,100.0
2012,MONTGOMERY,16,16,100.0,16,100.0,16,100.0
2012,MOORE,3,3,100.0,3,100.0,3,100.0
2012,MORGAN,10,10,100.0,10,100.0,10,100.0
2012,OBION,12,12,100.0,12,100.0,12,100.0
2012,OVERTON,9,9,100.0,9,100.0,9,100.0
2012,PERRY,9,0,0.0,7,77.7778,9,100.0
2012,PICKETT,9,2,22.2222,2,22.2222,9,100.0
2012,POLK,11,11,100.0,11,100.0,11,100.0
2012,PUTNAM,24,23,95.8333,24,100.0,24,100.0
2012,RHEA,12,12,100.0,12,100.0,12,100.0
2012,ROANE,24,23,95.8333,24,100.0,24,100.0
2012,ROBERTSON,18,18,100.0,18,100.0,18,100.0
2012,RUTHERFORD,46,46,100.0,46,100.0,46,100.0
2012,SCOTT,10,10,100.0,10,100.0,10,100.0
2012,SEQUATCHIE,9,8,88.8889,9,100.0,9,100.0
2012,SEVIER,24,24,100.0,24,100.0,24,100.0
2012,SHELBY,219,213,97.2603,213,97.2603,219,100.0
2012,SMITH,8,8,100.0,8,100.0,8,100.0
2012,STEWART,7,7,100.0,7,100.0,7,100.0
2012,SULLIVAN,25,25,100.0,25,100.0,25,100.0
2012,SUMNER,33,1,3.0303,26,78.7879,33,100.0
2012,TIPTON,9,3,33.3333,8,88.8889,9,100.0
2012,TROUSDALE,8,2,25.0,2,25.0,8,100.0
2012,UNICOI,7,7,100.0,7,100.0,7,100.0
2012,UNION,9,8,88.8889,8,88.8889,9,100.0
2012,VAN BUREN,7,6,85.7143,6,85.7143,7,100.0
2012,WARREN,21,21,100.0,21,100.0,21,100.0
2012,WASHINGTON,35,23,65.7143,26,74.2857,35,100.0
2012,WAYNE,14,14,100.0,14,100.0,14,100.0
2012,WEAKLEY,10,10,100.0,10,100.0,10,100.0
2012,WHITE,11,11,100.0,11,100.0,11,100.0
2012,WILLIAMSON,40,40,100.0,40,100.0,40,100.0
2012,WILSON,33,33,100.0,33,100.0,33,100.0
2014,ANDERSON,27,26,96.2963,27,100.0,27,100.0
2014,BEDFORD,8,0,0.0,0,0.0,8,100.0
2014,BENTON,6,6,100.0,6,100.0,6,100.0
2014,BLEDSOE,12,12,100.0,12,100.0,12,100.0
2014,BLOUNT,31,27,87.0968,27,87.0968,31,100.0
2014,BRADLEY,14,0,0.0,12,85.7143,14,100.0
2014,CAMPBELL,19,1,5.2632,18,94.7368,19,100.0
2014,CANNON,9,6,66.6667,9,100.0,9,100.0
2014,CARROLL,19,1,5.2632,17,89.4737,19,100.0
2014,CARTER,22,21,95.4545,22,100.0,22,100.0
2014,CHEATHAM,7,7,100.0,7,100.0,7,100.0
2014,CHESTER,11,11,100.0,11,100.0,11,100.0
2014,CLAIBORNE,17,0,0.0,16,94.1176,17,100.0
2014,CLAY,7,7,100.0,7,100.0,7,100.0
2014,COCKE,18,18,100.0,18,100.0,18,100.0
2014,COFFEE,24,24,100.0,24,100.0,24,100.0
2014,CROCKETT,12,12,100.0,12,100.0,12,100.0
2014,CUMBERLAND,24,24,100.0,24,100.0,24,100.0
2014,DAVIDSON,161,161,100.0,161,100.0,161,100.0
2014,DECATUR,13,13,100.0,13,100.0,13,100.0
2014,DEKALB,15,15,100.0,15,100.0,15,100.0
2014,DICKSON,17,17,100.0,17,100.0,17,100.0
2014,DYER,16,5,31.25,5,31.25,16,100.0
2014,FAYETTE,15,0,0.0,15,100.0,15,100.0
2014,FENTRESS,13,13,100.0,13,100.0,13,100.0
2014,FRANKLIN,18,18,100.0,18,100.0,18,100.0
2014,GIBSON,28,28,100.0,28,100.0,28,100.0
2014,GILES,14,14,100.0,14,100.0,14,100.0
2014,GRAINGER,10,10,100.0,10,100.0,10,100.0
2014,GREENE,39,39,100.0,39,100.0,39,100.0
2014,GRUNDY,13,12,92.3077,13,100.0,13,100.0
2014,HAMBLEN,17,17,100.0,17,100.0,17,100.0
2014,HAMILTON,125,120,96.0,122,97.6,125,100.0
2014,HANCOCK,7,7,100.0,7,100.0,7,100.0
2014,HARDEMAN,13,13,100.0,13,100.0,13,100.0
2014,HARDIN,15,5,33.3333,5,33.3333,15,100.0
2014,HAWKINS,26,26,100.0,26,100.0,26,100.0
2014,HAYWOOD,11,11,100.0,11,100.0,11,100.0
2014,HENDERSON,15,15,100.0,15,100.0,15,100.0
2014,HENRY,13,13,100.0,13,100.0,13,100.0
2014,HICKMAN,14,14,100.0,14,100.0,14,100.0
2014,HOUSTON,7,6,85.7143,6,85.7143,7,100.0
2014,HUMPHREYS,8,8,100.0,8,100.0,8,100.0
2014,JACKSON,12,12,100.0,12,100.0,12,100.0
2014,JEFFERSON,11,11,100.0,11,100.0,11,100.0
2014,JOHNSON,10,8,80.0,10,100.0,10,100.0
2014,KNOX,80,76,95.0,80,100.0,80,100.0
2014,LAKE,3,3,100.0,3,100.0,3,100.0
2014,LAUDERDALE,14,8,57.1429,8,57.1429,14,100.0
2014,LAWRENCE,24,24,100.0,24,100.0,24,100.0
2014,LEWIS,9,9,100.0,9,100.0,9,100.0
2014,LINCOLN,14,2,14.2857,6,42.8571,14,100.0
2014,LOUDON,13,12,92.3077,12,92.3077,13,100.0
2014,MACON,9,9,100.0,9,100.0,9,100.0
2014,MADISON,33,33,100.0,33,100.0,33,100.0
2014,MARION,20,17,85.0,18,90.0,20,100.0
2014,MARSHALL,9,9,100.0,9,100.0,9,100.0
2014,MAURY,18,6,33.3333,6,33.3333,18,100.0
2014,MCMINN,13,0,0.0,0,0.0,13,100.0
2014,MCNAIRY,13,1,7.6923,1,7.6923,13,100.0
2014,MEIGS,6,6,100.0,6,100.0,6,100.0
2014,MONROE,13,5,38.4615,6,46.1538,13,100.0
2014,MONTGOMERY,16,16,100.0,16,100.0,16,100.0
2014,MOORE,4,4,100.0,4,100.0,4,100.0
2014,MORGAN,12,12,100.0,12,100.0,12,100.0
2014,OBION,12,12,100.0,12,100.0,12,100.0
2014,OVERTON,9,9,100.0,9,100.0,9,100.0
2014,PERRY,9,0,0.0,7,77.7778,9,100.0
2014,PICKETT,9,2,22.2222,2,22.2222,9,100.0
2014,POLK,10,10,100.0,10,100.0,10,100.0
2014,PUTNAM,24,23,95.8333,24,100.0,24,100.0
2014,RHEA,12,12,100.0,12,100.0,12,100.0
2014,ROANE,24,23,95.8333,24,100.0,24,100.0
2014,ROBERTSON,18,18,100.0,18,100.0,18,100.0
2014,RUTHERFORD,48,48,100.0,48,100.0,48,100.0
2014,SCOTT,10,10,100.0,10,100.0,10,100.0
2014,SEQUATCHIE,9,8,88.8889,9,100.0,9,100.0
2014,SEVIER,24,24,100.0,24,100.0,24,100.0
2014,SHELBY,219,219,100.0,219,100.0,219,100.0
2014,SMITH,8,8,100.0,8,100.0,8,100.0
2014,STEWART,7,7,100.0,7,100.0,7,100.0
2014,SULLIVAN,25,25,100.0,25,100.0,25,100.0
2014,SUMNER,27,27,100.0,27,100.0,27,100.0
2014,TIPTON,9,3,33.3333,8,88.8889,9,100.0
2014,TROUSDALE,9,3,33.3333,3,33.3333,9,100.0
2014,UNICOI,8,8,100.0,8,100.0,8,100.0
2014,UNION,9,8,88.8889,8,88.8889,9,100.0
2014,VAN BUREN,7,6,85.7143,6,85.7143,7,100.0
2014,WARREN,20,20,100.0,20,100.0,20,100.0
2014,WASHINGTON,36,25,69.4444,28,77.7778,36,100.0
2014,WAYNE,14,14,100.0,14,100.0,14,100.0
2014,WEAKLEY,10,9,90.0,9,90.0,10,100.0
2014,WHITE,11,11,100.0,11,100.0,11,100.0
2014,WILLIAMSON,40,40,100.0,40,100.0,40,100.0
2014,WILSON,31,31,100.0,31,100.0,31,100.0
2016,ANDERSON,26,25,96.1538,26,100.0,26,100.0
2016,BEDFORD,8,0,0.0,0,0.0,8,100.0
2016,BENTON,6,6,100.0,6,100.0,6,100.0
2016,BLEDSOE,12,12,100.0,12,100.0,12,100.0
2016,BLOUNT,32,26,81.25,27,84.375,32,100.0
2016,BRADLEY,14,0,0.0,12,85.7143,14,100.0
2016,CAMPBELL,18,1,5.5556,17,94.4444,18,100.0
2016,CANNON,9,6,66.6667,9,100.0,9,100.0
2016,CARROLL,19,1,5.2632,17,89.4737,19,100.0
2016,CARTER,22,21,95.4545,22,100.0,22,100.0
2016,CHEATHAM,7,7,100.0,7,100.0,7,100.0
2016,CHESTER,13,13,100.0,13,100.0,13,100.0
2016,CLAIBORNE,17,0,0.0,16,94.1176,17,100.0
2016,CLAY,7,7,100.0,7,100.0,7,100.0
2016,COCKE,18,18,100.0,18,100.0,18,100.0
2016,COFFEE,23,23,100.0,23,100.0,23,100.0
2016,CROCKETT,12,12,100.0,12,100.0,12,100.0
2016,CUMBERLAND,24,24,100.0,24,100.0,24,100.0
2016,DAVIDSON,160,160,100.0,160,100.0,160,100.0
2016,DECATUR,13,13,100.0,13,100.0,13,100.0
2016,DEKALB,14,14,100.0,14,100.0,14,100.0
2016,DICKSON,17,17,100.0,17,100.0,17,100.0
2016,DYER,16,5,31.25,5,31.25,16,100.0
2016,FAYETTE,15,0,0.0,15,100.0,15,100.0
2016,FENTRESS,13,13,100.0,13,100.0,13,100.0
2016,FRANKLIN,18,18,100.0,18,100.0,18,100.0
2016,GIBSON,28,28,100.0,28,100.0,28,100.0
2016,GILES,14,14,100.0,14,100.0,14,100.0
2016,GRAINGER,10,10,100.0,10,100.0,10,100.0
2016,GREENE,17,17,100.0,17,100.0,17,100.0
2016,GRUNDY,13,12,92.3077,13,100.0,13,100.0
2016,HAMBLEN,17,17,100.0,17,100.0,17,100.0
2016,HAMILTON,125,120,96.0,122,97.6,125,100.0
2016,HANCOCK,7,7,100.0,7,100.0,7,100.0
2016,HARDEMAN,13,13,100.0,13,100.0,13,100.0
2016,HARDIN,13,3,23.0769,3,23.0769,13,100.0
2016,HAWKINS,26,26,100.0,26,100.0,26,100.0
2016,HAYWOOD,11,11,100.0,11,100.0,11,100.0
2016,HENDERSON,15,15,100.0,15,100.0,15,100.0
2016,HENRY,13,13,100.0,13,100.0,13,100.0
2016,HICKMAN,14,14,100.0,14,100.0,14,100.0
2016,HOUSTON,7,6,85.7143,6,85.7143,7,100.0
2016,HUMPHREYS,8,8,100.0,8,100.0,8,100.0
2016,JACKSON,12,12,100.0,12,100.0,12,100.0
2016,JEFFERSON,11,11,100.0,11,100.0,11,100.0
2016,JOHNSON,10,9,90.0,10,100.0,10,100.0
2016,KNOX,82,74,90.2439,82,100.0,82,100.0
2016,LAKE,3,3,100.0,3,100.0,3,100.0
2016,LAUDERDALE,13,7,53.8462,7,53.8462,13,100.0
2016,LAWRENCE,24,24,100.0,24,100.0,24,100.0
2016,LEWIS,9,9,100.0,9,100.0,9,100.0
2016,LINCOLN,16,4,25.0,9,56.25,16,100.0
2016,LOUDON,13,12,92.3077,12,92.3077,13,100.0
2016,MACON,8,8,100.0,8,100.0,8,100.0
2016,MADISON,33,33,100.0,33,100.0,33,100.0
2016,MARION,17,14,82.3529,15,88.2353,17,100.0
2016,MARSHALL,9,9,100.0,9,100.0,9,100.0
2016,MAURY,19,7,36.8421,7,36.8421,19,100.0
2016,MCMINN,13,1,7.6923,1,7.6923,13,100.0
2016,MCNAIRY,13,1,7.6923,1,7.6923,13,100.0
2016,MEIGS,6,6,100.0,6,100.0,6,100.0
2016,MONROE,13,13,100.0,13,100.0,13,100.0
2016,MONTGOMERY,16,16,100.0,16,100.0,16,100.0
2016,MOORE,4,4,100.0,4,100.0,4,100.0
2016,MORGAN,12,12,100.0,12,100.0,12,100.0
2016,OBION,12,12,100.0,12,100.0,12,100.0
2016,OVERTON,9,9,100.0,9,100.0,9,100.0
2016,PERRY,9,0,0.0,7,77.7778,9,100.0
2016,PICKETT,9,2,22.2222,2,22.2222,9,100.0
2016,POLK,10,10,100.0,10,100.0,10,100.0
2016,PUTNAM,24,23,95.8333,24,100.0,24,100.0
2016,RHEA,12,12,100.0,12,100.0,12,100.0
2016,ROANE,24,23,95.8333,24,100.0,24,100.0
2016,ROBERTSON,18,18,100.0,18,100.0,18,100.0
2016,RUTHERFORD,49,49,100.0,49,100.0,49,100.0
2016,SCOTT,10,10,100.0,10,100.0,10,100.0
2016,SEQUATCHIE,9,8,88.8889,9,100.0,9,100.0
2016,SEVIER,24,24,100.0,24,100.0,24,100.0
2016,SHELBY,166,166,100.0,166,100.0,166,100.0
2016,SMITH,8,8,100.0,8,100.0,8,100.0
2016,STEWART,7,7,100.0,7,100.0,7,100.0
2016,SULLIVAN,25,25,100.0,25,100.0,25,100.0
2016,SUMNER,27,27,100.0,27,100.0,27,100.0
2016,TIPTON,9,3,33.3333,8,88.8889,9,100.0
2016,TROUSDALE,9,3,33.3333,3,33.3333,9,100.0
2016,UNICOI,8,8,100.0,8,100.0,8,100.0
2016,UNION,9,8,88.8889,8,88.8889,9,100.0
2016,VAN BUREN,7,6,85.7143,6,85.7143,7,100.0
2016,WARREN,20,20,100.0,20,100.0,20,100.0
2016,WASHINGTON,36,26,72.2222,28,77.7778,36,100.0
2016,WAYNE,14,14,100.0,14,100.0,14,100.0
2016,WEAKLEY,10,9,90.0,9,90.0,10,100.0
2016,WHITE,11,11,100.0,11,100.0,11,100.0
2016,WILLIAMSON,43,43,100.0,43,100.0,43,100.0
2016,WILSON,31,31,100.0,31,100.0,31,100.0
2018,ANDERSON,26,25,96.1538,26,100.0,26,100.0
2018,BEDFORD,8,0,0.0,0,0.0,8,100.0
2018,BENTON,6,6,100.0,6,100.0,6,100.0
2018,BLEDSOE,12,12,100.0,12,100.0,12,100.0
2018,BLOUNT,31,25,80.6452,26,83.871,31,100.0
2018,BRADLEY,14,0,0.0,12,85.7143,14,100.0
2018,CAMPBELL,18,1,5.5556,17,94.4444,18,100.0
2018,CANNON,9,6,66.6667,9,100.0,9,100.0
2018,CARROLL,19,1,5.2632,17,89.4737,19,100.0
2018,CARTER,22,21,95.4545,22,100.0,22,100.0
2018,CHEATHAM,7,7,100.0,7,100.0,7,100.0
2018,CHESTER,11,11,100.0,11,100.0,11,100.0
2018,CLAIBORNE,16,0,0.0,15,93.75,16,100.0
2018,CLAY,7,7,100.0,7,100.0,7,100.0
2018,COCKE,18,18,100.0,18,100.0,18,100.0
2018,COFFEE,23,23,100.0,23,100.0,23,100.0
2018,CROCKETT,12,12,100.0,12,100.0,12,100.0
2018,CUMBERLAND,24,24,100.0,24,100.0,24,100.0
2018,DAVIDSON,160,160,100.0,160,100.0,160,100.0
2018,DECATUR,13,13,100.0,13,100.0,13,100.0
2018,DEKALB,14,14,100.0,14,100.0,14,100.0
2018,DICKSON,17,17,100.0,17,100.0,17,100.0
2018,DYER,16,5,31.25,5,31.25,16,100.0
2018,FAYETTE,15,0,0.0,15,100.0,15,100.0
2018,FENTRESS,13,13,100.0,13,100.0,13,100.0
2018,FRANKLIN,18,18,100.0,18,100.0,18,100.0
2018,GIBSON,28,28,100.0,28,100.0,28,100.0
2018,GILES,14,14,100.0,14,100.0,14,100.0
2018,GRAINGER,10,10,100.0,10,100.0,10,100.0
2018,GREENE,17,17,100.0,17,100.0,17,100.0
2018,GRUNDY,9,8,88.8889,9,100.0,9,100.0
2018,HAMBLEN,17,17,100.0,17,100.0,17,100.0
2018,HAMILTON,144,135,93.75,142,98.6111,144,100.0
2018,HANCOCK,7,7,100.0,7,100.0,7,100.0
2018,HARDEMAN,13,13,100.0,13,100.0,13,100.0
2018,HARDIN,13,3,23.0769,3,23.0769,13,100.0
2018,HAWKINS,20,20,100.0,20,100.0,20,100.0
2018,HAYWOOD,11,11,100.0,11,100.0,11,100.0
2018,HENDERSON,15,15,100.0,15,100.0,15,100.0
2018,HENRY,13,13,100.0,13,100.0,13,100.0
2018,HICKMAN,14,14,100.0,14,100.0,14,100.0
2018,HOUSTON,7,6,85.7143,6,85.7143,7,100.0
2018,HUMPHREYS,8,8,100.0,8,100.0,8,100.0
2018,JACKSON,12,12,100.0,12,100.0,12,100.0
2018,JEFFERSON,11,11,100.0,11,100.0,11,100.0
2018,JOHNSON,10,9,90.0,10,100.0,10,100.0
2018,KNOX,81,74,91.358,81,100.0,81,100.0
2018,LAKE,3,3,100.0,3,100.0,3,100.0
2018,LAUDERDALE,10,4,40.0,4,40.0,10,100.0
2018,LAWRENCE,24,24,100.0,24,100.0,24,100.0
2018,LEWIS,9,9,100.0,9,100.0,9,100.0
2018,LINCOLN,16,4,25.0,9,56.25,16,100.0
2018,LOUDON,13,12,92.3077,12,92.3077,13,100.0
2018,MACON,8,8,100.0,8,100.0,8,100.0
2018,MADISON,33,33,100.0,33,100.0,33,100.0
2018,MARION,17,14,82.3529,15,88.2353,17,100.0
2018,MARSHALL,9,9,100.0,9,100.0,9,100.0
2018,MAURY,19,7,36.8421,7,36.8421,19,100.0
2018,MCMINN,13,1,7.6923,1,7.6923,13,100.0
2018,MCNAIRY,13,1,7.6923,1,7.6923,13,100.0
2018,MEIGS,6,6,100.0,6,100.0,6,100.0
2018,MONROE,13,13,100.0,13,100.0,13,100.0
2018,MONTGOMERY,16,16,100.0,16,100.0,16,100.0
2018,MOORE,4,4,100.0,4,100.0,4,100.0
2018,MORGAN,12,12,100.0,12,100.0,12,100.0
2018,OBION,12,12,100.0,12,100.0,12,100.0
2018,OVERTON,9,9,100.0,9,100.0,9,100.0
2018,PERRY,9,0,0.0,7,77.7778,9,100.0
2018,PICKETT,9,2,22.2222,2,22.2222,9,100.0
2018,POLK,7,2,28.5714,5,71.4286,7,100.0
2018,PUTNAM,24,23,95.8333,24,100.0,24,100.0
2018,RHEA,12,12,100.0,12,100.0,12,100.0
2018,ROANE,24,23,95.8333,24,100.0,24,100.0
2018,ROBERTSON,18,18,100.0,18,100.0,18,100.0
2018,RUTHERFORD,49,49,100.0,49,100.0,49,100.0
2018,SCOTT,10,10,100.0,10,100.0,10,100.0
2018,SEQUATCHIE,9,8,88.8889,9,100.0,9,100.0
2018,SEVIER,25,25,100.0,25,100.0,25,100.0
2018,SHELBY,166,166,100.0,166,100.0,166,100.0
2018,SMITH,8,8,100.0,8,100.0,8,100.0
2018,STEWART,7,7,100.0,7,100.0,7,100.0
2018,SULLIVAN,25,25,100.0,25,100.0,25,100.0
2018,SUMNER,27,27,100.0,27,100.0,27,100.0
2018,TIPTON,9,3,33.3333,8,88.8889,9,100.0
2018,TROUSDALE,9,3,33.3333,3,33.3333,9,100.0
2018,UNICOI,8,8,100.0,8,100.0,8,100.0
2018,UNION,9,8,88.8889,8,88.8889,9,100.0
2018,VAN BUREN,7,6,85.7143,6,85.7143,7,100.0
2018,WARREN,20,20,100.0,20,100.0,20,100.0
2018,WASHINGTON,27,20,74.0741,21,77.7778,27,100.0
2018,WAYNE,14,14,100.0,14,100.0,14,100.0
2018,WEAKLEY,10,9,90.0,9,90.0,10,100.0
2018,WHITE,11,11,100.0,11,100.0,11,100.0
2018,WILLIAMSON,43,43,100.0,43,100.0,43,100.0
2018,WILSON,31,31,100.0,31,100.0,31,100.0
2020,ANDERSON,27,27,100.0,27,100.0,27,100.0
2020,BEDFORD,11,11,100.0,11,100.0,11,100.0
2020,BENTON,6,6,100.0,6,100.0,6,100.0
2020,BLEDSOE,12,12,100.0,12,100.0,12,100.0
2020,BLOUNT,31,31,100.0,31,100.0,31,100.0
2020,BRADLEY,17,17,100.0,17,100.0,17,100.0
2020,CAMPBELL,20,20,100.0,20,100.0,20,100.0
2020,CANNON,9,9,100.0,9,100.0,9,100.0
2020,CARROLL,19,1,5.2632,18,94.7368,19,100.0
2020,CARTER,22,22,100.0,22,100.0,22,100.0
2020,CHEATHAM,7,7,100.0,7,100.0,7,100.0
2020,CHESTER,11,11,100.0,11,100.0,11,100.0
2020,CLAIBORNE,16,16,100.0,16,100.0,16,100.0
2020,CLAY,7,7,100.0,7,100.0,7,100.0
2020,COCKE,18,18,100.0,18,100.0,18,100.0
2020,COFFEE,24,24,100.0,24,100.0,24,100.0
2020,CROCKETT,12,12,100.0,12,100.0,12,100.0
2020,CUMBERLAND,24,24,100.0,24,100.0,24,100.0
2020,DAVIDSON,160,160,100.0,160,100.0,160,100.0
2020,DECATUR,13,13,100.0,13,100.0,13,100.0
2020,DEKALB,14,14,100.0,14,100.0,14,100.0
2020,DICKSON,17,17,100.0,17,100.0,17,100.0
2020,DYER,16,16,100.0,16,100.0,16,100.0
2020,FAYETTE,15,14,93.3333,15,100.0,15,100.0
2020,FENTRESS,13,13,100.0,13,100.0,13,100.0
2020,FRANKLIN,18,18,100.0,18,100.0,18,100.0
2020,GIBSON,28,28,100.0,28,100.0,28,100.0
2020,GILES,14,14,100.0,14,100.0,14,100.0
2020,GRAINGER,10,10,100.0,10,100.0,10,100.0
2020,GREENE,17,17,100.0,17,100.0,17,100.0
2020,GRUNDY,10,10,100.0,10,100.0,10,100.0
2020,HAMBLEN,16,16,100.0,16,100.0,16,100.0
2020,HAMILTON,135,126,93.3333,135,100.0,135,100.0
2020,HANCOCK,7,7,100.0,7,100.0,7,100.0
2020,HARDEMAN,13,13,100.0,13,100.0,13,100.0
2020,HARDIN,14,14,100.0,14,100.0,14,100.0
2020,HAWKINS,20,20,100.0,20,100.0,20,100.0
2020,HAYWOOD,11,11,100.0,11,100.0,11,100.0
2020,HENDERSON,14,14,100.0,14,100.0,14,100.0
2020,HENRY,13,13,100.0,13,100.0,13,100.0
2020,HICKMAN,14,14,100.0,14,100.0,14,100.0
2020,HOUSTON,7,7,100.0,7,100.0,7,100.0
2020,HUMPHREYS,8,8,100.0,8,100.0,8,100.0
2020,JACKSON,12,12,100.0,12,100.0,12,100.0
2020,JEFFERSON,11,11,100.0,11,100.0,11,100.0
2020,JOHNSON,10,10,100.0,10,100.0,10,100.0
2020,KNOX,89,89,100.0,89,100.0,89,100.0
2020,LAKE,3,3,100.0,3,100.0,3,100.0
2020,LAUDERDALE,10,10,100.0,10,100.0,10,100.0
2020,LAWRENCE,24,24,100.0,24,100.0,24,100.0
2020,LEWIS,9,9,100.0,9,100.0,9,100.0
2020,LINCOLN,20,20,100.0,20,100.0,20,100.0
2020,LOUDON,15,15,100.0,15,100.0,15,100.0
2020,MACON,8,8,100.0,8,100.0,8,100.0
2020,MADISON,33,33,100.0,33,100.0,33,100.0
2020,MARION,17,17,100.0,17,100.0,17,100.0
2020,MARSHALL,9,9,100.0,9,100.0,9,100.0
2020,MAURY,21,21,100.0,21,100.0,21,100.0
2020,MCMINN,15,11,73.3333,11,73.3333,15,100.0
2020,MCNAIRY,16,16,100.0,16,100.0,16,100.0
2020,MEIGS,6,6,100.0,6,100.0,6,100.0
2020,MONROE,13,13,100.0,13,100.0,13,100.0
2020,MONTGOMERY,29,28,96.5517,29,100.0,29,100.0
2020,MOORE,4,4,100.0,4,100.0,4,100.0
2020,MORGAN,12,12,100.0,12,100.0,12,100.0
2020,OBION,12,12,100.0,12,100.0,12,100.0
2020,OVERTON,9,9,100.0,9,100.0,9,100.0
2020,PERRY,10,10,100.0,10,100.0,10,100.0
2020,PICKETT,9,9,100.0,9,100.0,9,100.0
2020,POLK,8,8,100.0,8,100.0,8,100.0
2020,PUTNAM,22,22,100.0,22,100.0,22,100.0
2020,RHEA,12,12,100.0,12,100.0,12,100.0
2020,ROANE,24,23,95.8333,24,100.0,24,100.0
2020,ROBERTSON,18,18,100.0,18,100.0,18,100.0
2020,RUTHERFORD,49,49,100.0,49,100.0,49,100.0
2020,SCOTT,10,10,100.0,10,100.0,10,100.0
2020,SEQUATCHIE,9,9,100.0,9,100.0,9,100.0
2020,SEVIER,25,25,100.0,25,100.0,25,100.0
2020,SHELBY,166,166,100.0,166,100.0,166,100.0
2020,SMITH,8,8,100.0,8,100.0,8,100.0
2020,STEWART,7,7,100.0,7,100.0,7,100.0
2020,SULLIVAN,25,25,100.0,25,100.0,25,100.0
2020,SUMNER,28,28,100.0,28,100.0,28,100.0
2020,TIPTON,9,9,100.0,9,100.0,9,100.0
2020,TROUSDALE,10,10,100.0,10,100.0,10,100.0
2020,UNICOI,8,8,100.0,8,100.0,8,100.0
2020,UNION,9,9,100.0,9,100.0,9,100.0
2020,VAN BUREN,7,7,100.0,7,100.0,7,100.0
2020,WARREN,20,20,100.0,20,100.0,20,100.0
2020,WASHINGTON,33,30,90.9091,33,100.0,33,100.0
2020,WAYNE,14,14,100.0,14,100.0,14,100.0
2020,WEAKLEY,10,10,100.0,10,100.0,10,100.0
2020,WHITE,11,11,100.0,11,100.0,11,100.0
2020,WILLIAMSON,43,43,100.0,43,100.0,43,100.0
2020,WILSON,31,31,100.0,31,100.0,31,100.0
2022,ANDERSON,28,28,100.0,28,100.0,28,100.0
2022,BEDFORD,11,11,100.0,11,100.0,11,100.0
2022,BENTON,6,6,100.0,6,100.0,6,100.0
2022,BLEDSOE,12,12,100.0,12,100.0,12,100.0
2022,BLOUNT,28,28,100.0,28,100.0,28,100.0
2022,BRADLEY,18,18,100.0,18,100.0,18,100.0
2022,CAMPBELL,21,21,100.0,21,100.0,21,100.0
2022,CANNON,9,9,100.0,9,100.0,9,100.0
2022,CARROLL,15,15,100.0,15,100.0,15,100.0
2022,CARTER,22,22,100.0,22,100.0,22,100.0
2022,CHEATHAM,8,8,100.0,8,100.0,8,100.0
2022,CHESTER,9,9,100.0,9,100.0,9,100.0
2022,CLAIBORNE,16,16,100.0,16,100.0,16,100.0
2022,CLAY,7,7,100.0,7,100.0,7,100.0
2022,COCKE,17,17,100.0,17,100.0,17,100.0
2022,COFFEE,17,17,100.0,17,100.0,17,100.0
2022,CROCKETT,12,12,100.0,12,100.0,12,100.0
2022,CUMBERLAND,24,24,100.0,24,100.0,24,100.0
2022,DAVIDSON,178,162,91.0112,162,91.0112,178,100.0
2022,DECATUR,9,9,100.0,9,100.0,9,100.0
2022,DEKALB,11,11,100.0,11,100.0,11,100.0
2022,DICKSON,13,13,100.0,13,100.0,13,100.0
2022,DYER,15,15,100.0,15,100.0,15,100.0
2022,FAYETTE,16,16,100.0,16,100.0,16,100.0
2022,FENTRESS,13,13,100.0,13,100.0,13,100.0
2022,FRANKLIN,18,18,100.0,18,100.0,18,100.0
2022,GIBSON,22,22,100.0,22,100.0,22,100.0
2022,GILES,14,14,100.0,14,100.0,14,100.0
2022,GRAINGER,10,10,100.0,10,100.0,10,100.0
2022,GREENE,17,17,100.0,17,100.0,17,100.0
2022,GRUNDY,10,10,100.0,10,100.0,10,100.0
2022,HAMBLEN,16,15,93.75,15,93.75,16,100.0
2022,HAMILTON,90,90,100.0,90,100.0,90,100.0
2022,HANCOCK,7,7,100.0,7,100.0,7,100.0
2022,HARDEMAN,12,12,100.0,12,100.0,12,100.0
2022,HARDIN,14,14,100.0,14,100.0,14,100.0
2022,HAWKINS,19,19,100.0,19,100.0,19,100.0
2022,HAYWOOD,11,11,100.0,11,100.0,11,100.0
2022,HENDERSON,14,14,100.0,14,100.0,14,100.0
2022,HENRY,10,10,100.0,10,100.0,10,100.0
2022,HICKMAN,14,14,100.0,14,100.0,14,100.0
2022,HOUSTON,7,7,100.0,7,100.0,7,100.0
2022,HUMPHREYS,8,8,100.0,8,100.0,8,100.0
2022,JACKSON,13,12,92.3077,12,92.3077,13,100.0
2022,JEFFERSON,11,11,100.0,11,100.0,11,100.0
2022,JOHNSON,10,10,100.0,10,100.0,10,100.0
2022,KNOX,103,103,100.0,103,100.0,103,100.0
2022,LAKE,3,3,100.0,3,100.0,3,100.0
2022,LAUDERDALE,10,10,100.0,10,100.0,10,100.0
2022,LAWRENCE,24,24,100.0,24,100.0,24,100.0
2022,LEWIS,9,9,100.0,9,100.0,9,100.0
2022,LINCOLN,20,20,100.0,20,100.0,20,100.0
2022,LOUDON,15,15,100.0,15,100.0,15,100.0
2022,MACON,8,8,100.0,8,100.0,8,100.0
2022,MADISON,29,29,100.0,29,100.0,29,100.0
2022,MARION,17,17,100.0,17,100.0,17,100.0
2022,MARSHALL,9,9,100.0,9,100.0,9,100.0
2022,MAURY,22,22,100.0,22,100.0,22,100.0
2022,MCMINN,15,11,73.3333,11,73.3333,15,100.0
2022,MCNAIRY,16,16,100.0,16,100.0,16,100.0
2022,MEIGS,6,6,100.0,6,100.0,6,100.0
2022,MONROE,13,13,100.0,13,100.0,13,100.0
2022,MONTGOMERY,38,38,100.0,38,100.0,38,100.0
2022,MOORE,4,4,100.0,4,100.0,4,100.0
2022,MORGAN,12,12,100.0,12,100.0,12,100.0
2022,OBION,12,12,100.0,12,100.0,12,100.0
2022,OVERTON,9,9,100.0,9,100.0,9,100.0
2022,PERRY,10,10,100.0,10,100.0,10,100.0
2022,PICKETT,9,9,100.0,9,100.0,9,100.0
2022,POLK,8,8,100.0,8,100.0,8,100.0
2022,PUTNAM,22,22,100.0,22,100.0,22,100.0
2022,RHEA,12,12,100.0,12,100.0,12,100.0
2022,ROANE,20,20,100.0,20,100.0,20,100.0
2022,ROBERTSON,18,18,100.0,18,100.0,18,100.0
2022,RUTHERFORD,33,33,100.0,33,100.0,33,100.0
2022,SCOTT,10,10,100.0,10,100.0,10,100.0
2022,SEQUATCHIE,9,9,100.0,9,100.0,9,100.0
2022,SEVIER,25,25,100.0,25,100.0,25,100.0
2022,SHELBY,142,142,100.0,142,100.0,142,100.0
2022,SMITH,8,8,100.0,8,100.0,8,100.0
2022,STEWART,7,7,100.0,7,100.0,7,100.0
2022,SULLIVAN,25,25,100.0,25,100.0,25,100.0
2022,SUMNER,29,29,100.0,29,100.0,29,100.0
2022,TIPTON,9,9,100.0,9,100.0,9,100.0
2022,TROUSDALE,10,10,100.0,10,100.0,10,100.0
2022,UNICOI,8,8,100.0,8,100.0,8,100.0
2022,UNION,9,9,100.0,9,100.0,9,100.0
2022,VAN BUREN,7,7,100.0,7,100.0,7,100.0
2022,WARREN,20,20,100.0,20,100.0,20,100.0
2022,WASHINGTON,22,22,100.0,22,100.0,22,100.0
2022,WAYNE,14,14,100.0,14,100.0,14,100.0
2022,WEAKLEY,9,9,100.0,9,100.0,9,100.0
2022,WHITE,11,11,100.0,11,100.0,11,100.0
2022,WILLIAMSON,34,34,100.0,34,100.0,34,100.0
2022,WILSON,25,25,100.0,25,100.0,25,100.0
2024,ANDERSON,28,28,100.0,28,100.0,28,100.0
2024,BEDFORD,11,11,100.0,11,100.0,11,100.0
2024,BENTON,6,6,100.0,6,100.0,6,100.0
2024,BLEDSOE,12,12,100.0,12,100.0,12,100.0
2024,BLOUNT,27,27,100.0,27,100.0,27,100.0
2024,BRADLEY,18,18,100.0,18,100.0,18,100.0
2024,CAMPBELL,21,21,100.0,21,100.0,21,100.0
2024,CANNON,9,9,100.0,9,100.0,9,100.0
2024,CARROLL,15,15,100.0,15,100.0,15,100.0
2024,CARTER,22,22,100.0,22,100.0,22,100.0
2024,CHEATHAM,8,8,100.0,8,100.0,8,100.0
2024,CHESTER,10,10,100.0,10,100.0,10,100.0
2024,CLAIBORNE,16,16,100.0,16,100.0,16,100.0
2024,CLAY,7,7,100.0,7,100.0,7,100.0
2024,COCKE,17,17,100.0,17,100.0,17,100.0
2024,COFFEE,17,17,100.0,17,100.0,17,100.0
2024,CROCKETT,12,12,100.0,12,100.0,12,100.0
2024,CUMBERLAND,24,24,100.0,24,100.0,24,100.0
2024,DAVIDSON,178,178,100.0,178,100.0,178,100.0
2024,DECATUR,9,9,100.0,9,100.0,9,100.0
2024,DEKALB,11,11,100.0,11,100.0,11,100.0
2024,DICKSON,13,13,100.0,13,100.0,13,100.0
2024,DYER,15,15,100.0,15,100.0,15,100.0
2024,FAYETTE,16,16,100.0,16,100.0,16,100.0
2024,FENTRESS,13,13,100.0,13,100.0,13,100.0
2024,FRANKLIN,18,18,100.0,18,100.0,18,100.0
2024,GIBSON,22,22,100.0,22,100.0,22,100.0
2024,GILES,14,14,100.0,14,100.0,14,100.0
2024,GRAINGER,10,10,100.0,10,100.0,10,100.0
2024,GREENE,17,17,100.0,17,100.0,17,100.0
2024,GRUNDY,10,10,100.0,10,100.0,10,100.0
2024,HAMBLEN,16,16,100.0,16,100.0,16,100.0
2024,HAMILTON,92,92,100.0,92,100.0,92,100.0
2024,HANCOCK,7,7,100.0,7,100.0,7,100.0
2024,HARDEMAN,12,12,100.0,12,100.0,12,100.0
2024,HARDIN,14,14,100.0,14,100.0,14,100.0
2024,HAWKINS,19,19,100.0,19,100.0,19,100.0
2024,HAYWOOD,11,11,100.0,11,100.0,11,100.0
2024,HENDERSON,12,12,100.0,12,100.0,12,100.0
2024,HENRY,8,8,100.0,8,100.0,8,100.0
2024,HICKMAN,14,14,100.0,14,100.0,14,100.0
2024,HOUSTON,7,7,100.0,7,100.0,7,100.0
2024,HUMPHREYS,8,8,100.0,8,100.0,8,100.0
2024,JACKSON,13,13,100.0,13,100.0,13,100.0
2024,JEFFERSON,11,11,100.0,11,100.0,11,100.0
2024,JOHNSON,10,10,100.0,10,100.0,10,100.0
2024,KNOX,103,103,100.0,103,100.0,103,100.0
2024,LAKE,3,3,100.0,3,100.0,3,100.0
2024,LAUDERDALE,10,10,100.0,10,100.0,10,100.0
2024,LAWRENCE,24,24,100.0,24,100.0,24,100.0
2024,LEWIS,9,9,100.0,9,100.0,9,100.0
2024,LINCOLN,20,20,100.0,20,100.0,20,100.0
2024,LOUDON,15,15,100.0,15,100.0,15,100.0
2024,MACON,8,8,100.0,8,100.0,8,100.0
2024,MADISON,29,29,100.0,29,100.0,29,100.0
2024,MARION,17,17,100.0,17,100.0,17,100.0
2024,MARSHALL,9,9,100.0,9,100.0,9,100.0
2024,MAURY,22,22,100.0,22,100.0,22,100.0
2024,MCMINN,14,14,100.0,14,100.0,14,100.0
2024,MCNAIRY,16,16,100.0,16,100.0,16,100.0
2024,MEIGS,6,6,100.0,6,100.0,6,100.0
2024,MONROE,13,13,100.0,13,100.0,13,100.0
2024,MONTGOMERY,38,38,100.0,38,100.0,38,100.0
2024,MOORE,4,4,100.0,4,100.0,4,100.0
2024,MORGAN,12,12,100.0,12,100.0,12,100.0
2024,OBION,12,12,100.0,12,100.0,12,100.0
2024,OVERTON,9,9,100.0,9,100.0,9,100.0
2024,PERRY,10,10,100.0,10,100.0,10,100.0
2024,PICKETT,9,9,100.0,9,100.0,9,100.0
2024,POLK,8,8,100.0,8,100.0,8,100.0
2024,PUTNAM,18,18,100.0,18,100.0,18,100.0
2024,RHEA,12,12,100.0,12,100.0,12,100.0
2024,ROANE,20,20,100.0,20,100.0,20,100.0
2024,ROBERTSON,18,18,100.0,18,100.0,18,100.0
2024,RUTHERFORD,33,33,100.0,33,100.0,33,100.0
2024,SCOTT,10,10,100.0,10,100.0,10,100.0
2024,SEQUATCHIE,9,9,100.0,9,100.0,9,100.0
2024,SEVIER,25,25,100.0,25,100.0,25,100.0
2024,SHELBY,142,142,100.0,142,100.0,142,100.0
2024,SMITH,8,8,100.0,8,100.0,8,100.0
2024,STEWART,7,7,100.0,7,100.0,7,100.0
2024,SULLIVAN,25,25,100.0,25,100.0,25,100.0
2024,SUMNER,29,29,100.0,29,100.0,29,100.0
2024,TIPTON,9,9,100.0,9,100.0,9,100.0
2024,TROUSDALE,10,10,100.0,10,100.0,10,100.0
2024,UNICOI,8,8,100.0,8,100.0,8,100.0
2024,UNION,9,9,100.0,9,100.0,9,100.0
2024,VAN BUREN,7,7,100.0,7,100.0,7,100.0
2024,WARREN,20,20,100.0,20,100.0,20,100.0
2024,WASHINGTON,21,21,100.0,21,100.0,21,100.0
2024,WAYNE,14,14,100.0,14,100.0,14,100.0
2024,WEAKLEY,9,9,100.0,9,100.0,9,100.0
2024,WHITE,11,11,100.0,11,100.0,11,100.0
2024,WILLIAMSON,56,56,100.0,56,100.0,56,100.0
2024,WILSON,25,25,100.0,25,100.0,25,100.0
